date,symbol,price,eps,book_value,sales,dividend,market_cap,debt,cash,ebitda
2024-04-01,600519.SH,1586.91777,19.16,191.7729096394804,0.0,5.775285954508661,1983776706576.9497,36987774717.85,74197126391.43,28878314848.98
2024-04-02,600519.SH,1579.5777699999999,19.16,191.7729096394804,0.0,5.775285954508661,1974601107625.6096,36987774717.85,74197126391.43,28878314848.98
2024-04-03,600519.SH,1580.6977699999998,19.16,191.7729096394804,0.0,5.775285954508661,1976001199018.7295,36987774717.85,74197126391.43,28878314848.98
2024-04-08,600519.SH,1532.24777,19.16,191.7729096394804,0.0,5.775285954508661,1915434745450.2798,36987774717.85,74197126391.43,28878314848.98
2024-04-09,600519.SH,1527.80777,19.16,191.7729096394804,0.0,5.775285954508661,1909884383141.8396,36987774717.85,74197126391.43,28878314848.98
2024-04-10,600519.SH,1513.5677699999999,19.16,191.7729096394804,0.0,5.775285954508661,1892083221143.5996,36987774717.85,74197126391.43,28878314848.98
2024-04-11,600519.SH,1513.5877699999999,19.16,191.7729096394804,0.0,5.775285954508661,1892108222775.6196,36987774717.85,74197126391.43,28878314848.98
2024-04-12,600519.SH,1499.6177699999998,19.16,191.7729096394804,0.0,5.775285954508661,1874644582809.6497,36987774717.85,74197126391.43,28878314848.98
2024-04-15,600519.SH,1538.5677699999999,19.16,191.7729096394804,0.0,5.775285954508661,1923335261168.5996,36987774717.85,74197126391.43,28878314848.98
2024-04-16,600519.SH,1535.5877699999999,19.16,191.7729096394804,0.0,5.775285954508661,1919610017997.6196,36987774717.85,74197126391.43,28878314848.98
2024-04-17,600519.SH,1532.5877699999999,19.16,191.7729096394804,0.0,5.775285954508661,1915859773194.6196,36987774717.85,74197126391.43,28878314848.98
2024-04-18,600519.SH,1536.3677699999998,19.16,191.7729096394804,0.0,5.775285954508661,1920585081646.3997,36987774717.85,74197126391.43,28878314848.98
2024-04-19,600519.SH,1512.2277699999997,19.16,191.7729096394804,0.0,5.775285954508661,1890408111798.2595,36987774717.85,74197126391.43,28878314848.98
2024-04-22,600519.SH,1540.6477699999998,19.16,191.7729096394804,0.0,5.775285954508661,1925935430898.6794,36987774717.85,74197126391.43,28878314848.98
2024-04-23,600519.SH,1557.8677699999998,19.16,191.7729096394804,0.0,5.775285954508661,1947461836067.8997,36987774717.85,74197126391.43,28878314848.98
2024-04-24,600519.SH,1559.1877699999998,19.16,191.7729096394804,0.0,5.775285954508661,1949111943781.2195,36987774717.85,74197126391.43,28878314848.98
2024-04-25,600519.SH,1558.6277699999998,19.16,191.7729096394804,0.0,5.775285954508661,1948411898084.6597,36987774717.85,74197126391.43,28878314848.98
2024-04-26,600519.SH,1575.01777,19.16,191.7729096394804,0.0,5.775285954508661,1968900735525.0496,36987774717.85,74197126391.43,28878314848.98
2024-04-29,600519.SH,1569.5877699999999,19.16,191.7729096394804,0.0,5.775285954508661,1962112792431.6196,36987774717.85,74197126391.43,28878314848.98
2024-04-30,600519.SH,1570.5877699999999,19.16,191.7729096394804,0.0,5.775285954508661,1963362874032.6196,36987774717.85,74197126391.43,28878314848.98
2024-05-06,600519.SH,1625.78777,19.16,191.7729096394804,0.0,5.775285954508661,2032367378407.8196,36987774717.85,74197126391.43,28878314848.98
2024-05-07,600519.SH,1635.5877699999999,19.16,191.7729096394804,0.0,5.775285954508661,2044618178097.6196,36987774717.85,74197126391.43,28878314848.98
2024-05-08,600519.SH,1629.55777,19.16,191.7729096394804,0.0,5.775285954508661,2037080186043.5896,36987774717.85,74197126391.43,28878314848.98
2024-05-09,600519.SH,1621.5877699999999,19.16,191.7729096394804,0.0,5.775285954508661,2027117035683.6196,36987774717.85,74197126391.43,28878314848.98
2024-05-10,600519.SH,1604.5677699999999,19.16,191.7729096394804,0.0,5.775285954508661,2005840646834.5996,36987774717.85,74197126391.43,28878314848.98
2024-05-13,600519.SH,1571.5877699999999,19.16,191.7729096394804,0.0,5.775285954508661,1964612955633.6196,36987774717.85,74197126391.43,28878314848.98
2024-05-14,600519.SH,1567.5677699999999,19.16,191.7729096394804,0.0,5.775285954508661,1959587627597.5996,36987774717.85,74197126391.43,28878314848.98
2024-05-15,600519.SH,1565.58777,19.16,191.7729096394804,0.0,5.775285954508661,1957112466027.6199,36987774717.85,74197126391.43,28878314848.98
2024-05-16,600519.SH,1570.0877699999999,19.16,191.7729096394804,0.0,5.775285954508661,1962737833232.1196,36987774717.85,74197126391.43,28878314848.98
2024-05-17,600519.SH,1580.5877699999999,19.16,191.7729096394804,0.0,5.775285954508661,1975863690042.6196,36987774717.85,74197126391.43,28878314848.98
2024-05-20,600519.SH,1574.58777,19.16,191.7729096394804,0.0,5.775285954508661,1968363200436.6199,36987774717.85,74197126391.43,28878314848.98
2024-05-21,600519.SH,1570.5877699999999,19.16,191.7729096394804,0.0,5.775285954508661,1963362874032.6196,36987774717.85,74197126391.43,28878314848.98
2024-05-22,600519.SH,1563.29777,19.16,191.7729096394804,0.0,5.775285954508661,1954249779161.3296,36987774717.85,74197126391.43,28878314848.98
2024-05-23,600519.SH,1557.5977699999999,19.16,191.7729096394804,0.0,5.775285954508661,1947124314035.6296,36987774717.85,74197126391.43,28878314848.98
2024-05-24,600519.SH,1542.6677699999998,19.16,191.7729096394804,0.0,5.775285954508661,1928460595732.6995,36987774717.85,74197126391.43,28878314848.98
2024-05-27,600519.SH,1535.7077699999998,19.16,191.7729096394804,0.0,5.775285954508661,1919760027789.7395,36987774717.85,74197126391.43,28878314848.98
2024-05-28,600519.SH,1530.22777,19.16,191.7729096394804,0.0,5.775285954508661,1912909580616.2598,36987774717.85,74197126391.43,28878314848.98
2024-05-29,600519.SH,1539.5877699999999,19.16,191.7729096394804,0.0,5.775285954508661,1924610344401.6196,36987774717.85,74197126391.43,28878314848.98
2024-05-30,600519.SH,1514.5877699999999,19.16,191.7729096394804,0.0,5.775285954508661,1893358304376.6196,36987774717.85,74197126391.43,28878314848.98
2024-05-31,600519.SH,1514.03777,19.16,191.7729096394804,0.0,5.775285954508661,1892670759496.0696,36987774717.85,74197126391.43,28878314848.98
2024-06-03,600519.SH,1504.97777,19.16,191.7729096394804,0.0,5.775285954508661,1881345020191.0098,36987774717.85,74197126391.43,28878314848.98
2024-06-04,600519.SH,1518.78777,19.16,191.7729096394804,0.0,5.775285954508661,1898608647100.8196,36987774717.85,74197126391.43,28878314848.98
2024-06-05,600519.SH,1509.5877699999999,19.16,191.7729096394804,0.0,5.775285954508661,1887107896371.6196,36987774717.85,74197126391.43,28878314848.98
2024-06-06,600519.SH,1505.39777,19.16,191.7729096394804,0.0,5.775285954508661,1881870054463.43,36987774717.85,74197126391.43,28878314848.98
2024-06-07,600519.SH,1484.76777,19.16,191.7729096394804,0.0,5.775285954508661,1856080871034.7996,36987774717.85,74197126391.43,28878314848.98
2024-06-11,600519.SH,1434.5877699999999,19.16,191.7729096394804,0.0,5.775285954508661,1793351776296.6196,36987774717.85,74197126391.43,28878314848.98
2024-06-12,600519.SH,1437.26777,19.16,191.7729096394804,0.0,5.775285954508661,1796701994987.2996,36987774717.85,74197126391.43,28878314848.98
2024-06-13,600519.SH,1420.5977699999999,19.16,191.7729096394804,0.0,5.775285954508661,1775863134698.6296,36987774717.85,74197126391.43,28878314848.98
2024-06-14,600519.SH,1420.5877699999999,19.16,191.7729096394804,0.0,5.775285954508661,1775850633882.6196,36987774717.85,74197126391.43,28878314848.98
2024-06-17,600519.SH,1407.0877699999999,19.16,191.7729096394804,0.0,5.775285954508661,1758974532269.1196,36987774717.85,74197126391.43,28878314848.98
2024-06-18,600519.SH,1387.0877699999999,19.16,191.7729096394804,0.0,5.775285954508661,1733972900249.1196,36987774717.85,74197126391.43,28878314848.98
2024-06-19,600519.SH,1397.46377,19.16,191.7729096394804,0.0,5.775285954508661,1746943746941.096,36987774717.85,74197126391.43,28878314848.98
2024-06-20,600519.SH,1396.5637699999997,19.16,191.7729096394804,0.0,5.775285954508661,1745818673500.1956,36987774717.85,74197126391.43,28878314848.98
2024-06-21,600519.SH,1367.4637699999998,19.16,191.7729096394804,0.0,5.775285954508661,1709441298911.0955,36987774717.85,74197126391.43,28878314848.98
2024-06-24,600519.SH,1373.0137699999998,19.16,191.7729096394804,0.0,5.775285954508661,1716379251796.6455,36987774717.85,74197126391.43,28878314848.98
2024-06-25,600519.SH,1383.11377,19.16,191.7729096394804,0.0,5.775285954508661,1729005075966.7456,36987774717.85,74197126391.43,28878314848.98
2024-06-26,600519.SH,1385.6837699999999,19.16,191.7729096394804,0.0,5.775285954508661,1732217785681.3157,36987774717.85,74197126391.43,28878314848.98
2024-06-27,600519.SH,1386.9537699999998,19.16,191.7729096394804,0.0,5.775285954508661,1733805389314.5857,36987774717.85,74197126391.43,28878314848.98
2024-06-28,600519.SH,1363.85377,19.16,191.7729096394804,0.0,5.775285954508661,1704928504331.4856,36987774717.85,74197126391.43,28878314848.98
2024-07-01,600519.SH,1336.84377,33.19,174.8490725927739,0.0,10.006293417169493,1671163800288.4756,51162451517.35,56840349530.82,50034733180.044
2024-07-02,600519.SH,1387.1637699999999,33.19,174.8490725927739,0.0,10.006293417169493,1734067906450.7957,51162451517.35,56840349530.82,50034733180.044
2024-07-03,600519.SH,1396.4637699999998,33.19,174.8490725927739,0.0,10.006293417169493,1745693665340.0955,51162451517.35,56840349530.82,50034733180.044
2024-07-04,600519.SH,1382.2037699999998,33.19,174.8490725927739,0.0,10.006293417169493,1727867501709.8357,51162451517.35,56840349530.82,50034733180.044
2024-07-05,600519.SH,1349.4637699999998,33.19,174.8490725927739,0.0,10.006293417169493,1686939830093.0955,51162451517.35,56840349530.82,50034733180.044
2024-07-08,600519.SH,1316.4637699999998,33.19,174.8490725927739,0.0,10.006293417169493,1645687137260.0955,51162451517.35,56840349530.82,50034733180.044
2024-07-09,600519.SH,1334.49377,33.19,174.8490725927739,0.0,10.006293417169493,1668226108526.1257,51162451517.35,56840349530.82,50034733180.044
2024-07-10,600519.SH,1334.0537699999998,33.19,174.8490725927739,0.0,10.006293417169493,1667676072621.6855,51162451517.35,56840349530.82,50034733180.044
2024-07-11,600519.SH,1358.55377,33.19,174.8490725927739,0.0,10.006293417169493,1698303071846.1858,51162451517.35,56840349530.82,50034733180.044
2024-07-12,600519.SH,1375.2837699999998,33.19,174.8490725927739,0.0,10.006293417169493,1719216937030.9155,51162451517.35,56840349530.82,50034733180.044
2024-07-15,600519.SH,1371.36377,33.19,174.8490725927739,0.0,10.006293417169493,1714316617154.9956,51162451517.35,56840349530.82,50034733180.044
2024-07-16,600519.SH,1372.4637699999998,33.19,174.8490725927739,0.0,10.006293417169493,1715691706916.0955,51162451517.35,56840349530.82,50034733180.044
2024-07-17,600519.SH,1397.86377,33.19,174.8490725927739,0.0,10.006293417169493,1747443779581.4956,51162451517.35,56840349530.82,50034733180.044
2024-07-18,600519.SH,1393.9737699999998,33.19,174.8490725927739,0.0,10.006293417169493,1742580962153.6055,51162451517.35,56840349530.82,50034733180.044
2024-07-19,600519.SH,1422.0837699999997,33.19,174.8490725927739,0.0,10.006293417169493,1777720755957.7153,51162451517.35,56840349530.82,50034733180.044
2024-07-22,600519.SH,1395.4637699999998,33.19,174.8490725927739,0.0,10.006293417169493,1744443583739.0955,51162451517.35,56840349530.82,50034733180.044
2024-07-23,600519.SH,1351.4637699999998,33.19,174.8490725927739,0.0,10.006293417169493,1689439993295.0955,51162451517.35,56840349530.82,50034733180.044
2024-07-24,600519.SH,1336.4837699999998,33.19,174.8490725927739,0.0,10.006293417169493,1670713770912.1155,51162451517.35,56840349530.82,50034733180.044
2024-07-25,600519.SH,1326.9537699999998,33.19,174.8490725927739,0.0,10.006293417169493,1658800493254.5857,51162451517.35,56840349530.82,50034733180.044
2024-07-26,600519.SH,1318.65377,33.19,174.8490725927739,0.0,10.006293417169493,1648424815966.2856,51162451517.35,56840349530.82,50034733180.044
2024-07-29,600519.SH,1294.4837699999998,33.19,174.8490725927739,0.0,10.006293417169493,1618210343670.1155,51162451517.35,56840349530.82,50034733180.044
2024-07-30,600519.SH,1276.4537699999998,33.19,174.8490725927739,0.0,10.006293417169493,1595671372404.0857,51162451517.35,56840349530.82,50034733180.044
2024-07-31,600519.SH,1317.74377,33.19,174.8490725927739,0.0,10.006293417169493,1647287241709.3757,51162451517.35,56840349530.82,50034733180.044
2024-08-01,600519.SH,1282.62377,33.19,174.8490725927739,0.0,10.006293417169493,1603384375882.2556,51162451517.35,56840349530.82,50034733180.044
2024-08-02,600519.SH,1281.9137699999999,33.19,174.8490725927739,0.0,10.006293417169493,1602496817945.5457,51162451517.35,56840349530.82,50034733180.044
2024-08-05,600519.SH,1306.4737699999998,33.19,174.8490725927739,0.0,10.006293417169493,1633198822066.1055,51162451517.35,56840349530.82,50034733180.044
2024-08-06,600519.SH,1301.1637699999999,33.19,174.8490725927739,0.0,10.006293417169493,1626560888764.7957,51162451517.35,56840349530.82,50034733180.044
2024-08-07,600519.SH,1311.9637699999998,33.19,174.8490725927739,0.0,10.006293417169493,1640061770055.5955,51162451517.35,56840349530.82,50034733180.044
2024-08-08,600519.SH,1327.15377,33.19,174.8490725927739,0.0,10.006293417169493,1659050509574.7856,51162451517.35,56840349530.82,50034733180.044
2024-08-09,600519.SH,1333.2637699999998,33.19,174.8490725927739,0.0,10.006293417169493,1666688508156.8955,51162451517.35,56840349530.82,50034733180.044
2024-08-12,600519.SH,1332.5637699999997,33.19,174.8490725927739,0.0,10.006293417169493,1665813451036.1956,51162451517.35,56840349530.82,50034733180.044
2024-08-13,600519.SH,1319.4737699999998,33.19,174.8490725927739,0.0,10.006293417169493,1649449882879.1055,51162451517.35,56840349530.82,50034733180.044
2024-08-14,600519.SH,1309.7637699999998,33.19,174.8490725927739,0.0,10.006293417169493,1637311590533.3955,51162451517.35,56840349530.82,50034733180.044
2024-08-15,600519.SH,1323.35377,33.19,174.8490725927739,0.0,10.006293417169493,1654300199490.9856,51162451517.35,56840349530.82,50034733180.044
2024-08-16,600519.SH,1327.6637699999999,33.19,174.8490725927739,0.0,10.006293417169493,1659688051191.2957,51162451517.35,56840349530.82,50034733180.044
2024-08-19,600519.SH,1321.90377,33.19,174.8490725927739,0.0,10.006293417169493,1652487581169.5356,51162451517.35,56840349530.82,50034733180.044
2024-08-20,600519.SH,1319.1837699999999,33.19,174.8490725927739,0.0,10.006293417169493,1649087359214.8157,51162451517.35,56840349530.82,50034733180.044
2024-08-21,600519.SH,1314.04377,33.19,174.8490725927739,0.0,10.006293417169493,1642661939785.6758,51162451517.35,56840349530.82,50034733180.044
2024-08-22,600519.SH,1306.5137699999998,33.19,174.8490725927739,0.0,10.006293417169493,1633248825330.1455,51162451517.35,56840349530.82,50034733180.044
2024-08-23,600519.SH,1311.4537699999998,33.19,174.8490725927739,0.0,10.006293417169493,1639424228439.0857,51162451517.35,56840349530.82,50034733180.044
2024-08-26,600519.SH,1308.4637699999998,33.19,174.8490725927739,0.0,10.006293417169493,1635686484452.0955,51162451517.35,56840349530.82,50034733180.044
2024-08-27,600519.SH,1300.53377,33.19,174.8490725927739,0.0,10.006293417169493,1625773337356.1658,51162451517.35,56840349530.82,50034733180.044
2024-08-28,600519.SH,1285.4637699999998,33.19,174.8490725927739,0.0,10.006293417169493,1606934607629.0955,51162451517.35,56840349530.82,50034733180.044
2024-08-29,600519.SH,1309.7637699999998,33.19,174.8490725927739,0.0,10.006293417169493,1637311590533.3955,51162451517.35,56840349530.82,50034733180.044
2024-08-30,600519.SH,1339.65377,33.19,174.8490725927739,0.0,10.006293417169493,1674676529587.2856,51162451517.35,56840349530.82,50034733180.044
2024-09-02,600519.SH,1291.4637699999998,33.19,174.8490725927739,0.0,10.006293417169493,1614435097235.0955,51162451517.35,56840349530.82,50034733180.044
2024-09-03,600519.SH,1306.4637699999998,33.19,174.8490725927739,0.0,10.006293417169493,1633186321250.0955,51162451517.35,56840349530.82,50034733180.044
2024-09-04,600519.SH,1296.4637699999998,33.19,174.8490725927739,0.0,10.006293417169493,1620685505240.0955,51162451517.35,56840349530.82,50034733180.044
2024-09-05,600519.SH,1301.34377,33.19,174.8490725927739,0.0,10.006293417169493,1626785903452.9756,51162451517.35,56840349530.82,50034733180.044
2024-09-06,600519.SH,1294.4637699999998,33.19,174.8490725927739,0.0,10.006293417169493,1618185342038.0955,51162451517.35,56840349530.82,50034733180.044
2024-09-09,600519.SH,1271.4637699999998,33.19,174.8490725927739,0.0,10.006293417169493,1589433465215.0955,51162451517.35,56840349530.82,50034733180.044
2024-09-10,600519.SH,1274.4637699999998,33.19,174.8490725927739,0.0,10.006293417169493,1593183710018.0955,51162451517.35,56840349530.82,50034733180.044
2024-09-11,600519.SH,1276.4637699999998,33.19,174.8490725927739,0.0,10.006293417169493,1595683873220.0955,51162451517.35,56840349530.82,50034733180.044
2024-09-12,600519.SH,1231.52377,33.19,174.8490725927739,0.0,10.006293417169493,1539505206071.1558,51162451517.35,56840349530.82,50034733180.044
2024-09-13,600519.SH,1200.5937699999997,33.19,174.8490725927739,0.0,10.006293417169493,1500840182152.2253,51162451517.35,56840349530.82,50034733180.044
2024-09-18,600519.SH,1163.36377,33.19,174.8490725927739,0.0,10.006293417169493,1454299644146.9956,51162451517.35,56840349530.82,50034733180.044
2024-09-19,600519.SH,1157.4637699999998,33.19,174.8490725927739,0.0,10.006293417169493,1446924162701.0955,51162451517.35,56840349530.82,50034733180.044
2024-09-20,600519.SH,1160.38377,33.19,174.8490725927739,0.0,10.006293417169493,1450574400976.0156,51162451517.35,56840349530.82,50034733180.044
2024-09-23,600519.SH,1158.00377,33.19,174.8490725927739,0.0,10.006293417169493,1447599206765.6357,51162451517.35,56840349530.82,50034733180.044
2024-09-24,600519.SH,1269.0637699999997,33.19,174.8490725927739,0.0,10.006293417169493,1586433269372.6956,51162451517.35,56840349530.82,50034733180.044
2024-09-25,600519.SH,1295.4637699999998,33.19,174.8490725927739,0.0,10.006293417169493,1619435423639.0955,51162451517.35,56840349530.82,50034733180.044
2024-09-26,600519.SH,1425.4637699999998,33.19,174.8490725927739,0.0,10.006293417169493,1781946031769.0955,51162451517.35,56840349530.82,50034733180.044
2024-09-27,600519.SH,1525.6637699999999,33.19,174.8490725927739,0.0,10.006293417169493,1907204208189.2957,51162451517.35,56840349530.82,50034733180.044
2024-09-30,600519.SH,1644.4637699999998,48.42,190.15515051987393,0.0,14.597659561548095,2055713902388.0955,39082558719.52,60084745614.27,72993062542.212
2024-10-08,600519.SH,1619.4637699999998,48.42,190.15515051987393,0.0,14.597659561548095,2024461862363.0955,39082558719.52,60084745614.27,72993062542.212
2024-10-09,600519.SH,1491.61377,48.42,190.15515051987393,0.0,14.597659561548095,1864638929675.2456,39082558719.52,60084745614.27,72993062542.212
2024-10-10,600519.SH,1536.4637699999998,48.42,190.15515051987393,0.0,14.597659561548095,1920705089480.0955,39082558719.52,60084745614.27,72993062542.212
2024-10-11,600519.SH,1501.4537699999998,48.42,190.15515051987393,0.0,14.597659561548095,1876939732629.0857,39082558719.52,60084745614.27,72993062542.212
2024-10-14,600519.SH,1498.4537699999998,48.42,190.15515051987393,0.0,14.597659561548095,1873189487826.0857,39082558719.52,60084745614.27,72993062542.212
2024-10-15,600519.SH,1450.7137699999998,48.42,190.15515051987393,0.0,14.597659561548095,1813510592194.3455,39082558719.52,60084745614.27,72993062542.212
2024-10-16,600519.SH,1418.9637699999998,48.42,190.15515051987393,0.0,14.597659561548095,1773820501362.5955,39082558719.52,60084745614.27,72993062542.212
2024-10-17,600519.SH,1391.06377,48.42,190.15515051987393,0.0,14.597659561548095,1738943224694.6958,39082558719.52,60084745614.27,72993062542.212
2024-10-18,600519.SH,1437.4637699999998,48.42,190.15515051987393,0.0,14.597659561548095,1796947010981.0955,39082558719.52,60084745614.27,72993062542.212
2024-10-21,600519.SH,1425.2637699999998,48.42,190.15515051987393,0.0,14.597659561548095,1781696015448.8955,39082558719.52,60084745614.27,72993062542.212
2024-10-22,600519.SH,1439.4637699999998,48.42,190.15515051987393,0.0,14.597659561548095,1799447174183.0955,39082558719.52,60084745614.27,72993062542.212
2024-10-23,600519.SH,1463.9637699999998,48.42,190.15515051987393,0.0,14.597659561548095,1830074173407.5955,39082558719.52,60084745614.27,72993062542.212
2024-10-24,600519.SH,1448.6637699999999,48.42,190.15515051987393,0.0,14.597659561548095,1810947924912.2957,39082558719.52,60084745614.27,72993062542.212
2024-10-25,600519.SH,1455.3137699999997,48.42,190.15515051987393,0.0,14.597659561548095,1819260967558.9456,39082558719.52,60084745614.27,72993062542.212
2024-10-28,600519.SH,1461.4637699999998,48.42,190.15515051987393,0.0,14.597659561548095,1826948969405.0955,39082558719.52,60084745614.27,72993062542.212
2024-10-29,600519.SH,1428.0837699999997,48.42,190.15515051987393,0.0,14.597659561548095,1785221245563.7153,39082558719.52,60084745614.27,72993062542.212
2024-10-30,600519.SH,1428.4637699999998,48.42,190.15515051987393,0.0,14.597659561548095,1785696276572.0955,39082558719.52,60084745614.27,72993062542.212
2024-10-31,600519.SH,1424.2537699999998,48.42,190.15515051987393,0.0,14.597659561548095,1780433433031.8855,39082558719.52,60084745614.27,72993062542.212
2024-11-01,600519.SH,1430.2137699999998,48.42,190.15515051987393,0.0,14.597659561548095,1787883919373.8455,39082558719.52,60084745614.27,72993062542.212
2024-11-04,600519.SH,1444.6637699999999,48.42,190.15515051987393,0.0,14.597659561548095,1805947598508.2957,39082558719.52,60084745614.27,72993062542.212
2024-11-05,600519.SH,1473.4537699999998,48.42,190.15515051987393,0.0,14.597659561548095,1841937447801.0857,39082558719.52,60084745614.27,72993062542.212
2024-11-06,600519.SH,1467.4637699999998,48.42,190.15515051987393,0.0,14.597659561548095,1834449459011.0955,39082558719.52,60084745614.27,72993062542.212
2024-11-07,600519.SH,1545.6037699999997,48.42,190.15515051987393,0.0,14.597659561548095,1932130835313.2354,39082558719.52,60084745614.27,72993062542.212
2024-11-08,600519.SH,1506.4337699999999,48.42,190.15515051987393,0.0,14.597659561548095,1883165139002.0657,39082558719.52,60084745614.27,72993062542.212
2024-11-11,600519.SH,1494.4737699999998,48.42,190.15515051987393,0.0,14.597659561548095,1868214163054.1055,39082558719.52,60084745614.27,72993062542.212
2024-11-12,600519.SH,1473.6637699999999,48.42,190.15515051987393,0.0,14.597659561548095,1842199964937.2957,39082558719.52,60084745614.27,72993062542.212
2024-11-13,600519.SH,1474.9637699999998,48.42,190.15515051987393,0.0,14.597659561548095,1843825071018.5955,39082558719.52,60084745614.27,72993062542.212
2024-11-14,600519.SH,1470.26377,48.42,190.15515051987393,0.0,14.597659561548095,1837949687493.8958,39082558719.52,60084745614.27,72993062542.212
2024-11-15,600519.SH,1455.4637699999998,48.42,190.15515051987393,0.0,14.597659561548095,1819448479799.0955,39082558719.52,60084745614.27,72993062542.212
2024-11-18,600519.SH,1455.4637699999998,48.42,190.15515051987393,0.0,14.597659561548095,1819448479799.0955,39082558719.52,60084745614.27,72993062542.212
2024-11-19,600519.SH,1438.38377,48.42,190.15515051987393,0.0,14.597659561548095,1798097086054.0156,39082558719.52,60084745614.27,72993062542.212
2024-11-20,600519.SH,1441.2737699999998,48.42,190.15515051987393,0.0,14.597659561548095,1801709821880.9055,39082558719.52,60084745614.27,72993062542.212
2024-11-21,600519.SH,1441.59377,48.42,190.15515051987393,0.0,14.597659561548095,1802109847993.2256,39082558719.52,60084745614.27,72993062542.212
2024-11-22,600519.SH,1404.2837699999998,48.42,190.15515051987393,0.0,14.597659561548095,1755469303459.9155,39082558719.52,60084745614.27,72993062542.212
2024-11-25,600519.SH,1395.03377,48.42,190.15515051987393,0.0,14.597659561548095,1743906048650.6658,39082558719.52,60084745614.27,72993062542.212
2024-11-26,600519.SH,1405.4637699999998,48.42,190.15515051987393,0.0,14.597659561548095,1756944399749.0955,39082558719.52,60084745614.27,72993062542.212
2024-11-27,600519.SH,1415.5137699999998,48.42,190.15515051987393,0.0,14.597659561548095,1769507719839.1455,39082558719.52,60084745614.27,72993062542.212
2024-11-28,600519.SH,1414.4637699999998,48.42,190.15515051987393,0.0,14.597659561548095,1768195134158.0955,39082558719.52,60084745614.27,72993062542.212
2024-11-29,600519.SH,1422.2037699999998,48.42,190.15515051987393,0.0,14.597659561548095,1777870765749.8357,39082558719.52,60084745614.27,72993062542.212
2024-12-02,600519.SH,1421.46377,48.42,190.15515051987393,0.0,14.597659561548095,1776945705365.096,39082558719.52,60084745614.27,72993062542.212
2024-12-03,600519.SH,1423.2037699999998,48.42,190.15515051987393,0.0,14.597659561548095,1779120847350.8357,39082558719.52,60084745614.27,72993062542.212
2024-12-04,600519.SH,1416.4637699999998,48.42,190.15515051987393,0.0,14.597659561548095,1770695297360.0955,39082558719.52,60084745614.27,72993062542.212
2024-12-05,600519.SH,1407.4637699999998,48.42,190.15515051987393,0.0,14.597659561548095,1759444562951.0955,39082558719.52,60084745614.27,72993062542.212
2024-12-06,600519.SH,1417.4737699999998,48.42,190.15515051987393,0.0,14.597659561548095,1771957879777.1055,39082558719.52,60084745614.27,72993062542.212
2024-12-09,600519.SH,1415.2637699999998,48.42,190.15515051987393,0.0,14.597659561548095,1769195199438.8955,39082558719.52,60084745614.27,72993062542.212
2024-12-10,600519.SH,1443.05377,48.42,190.15515051987393,0.0,14.597659561548095,1803934967130.6858,39082558719.52,60084745614.27,72993062542.212
2024-12-11,600519.SH,1432.0637699999997,48.42,190.15515051987393,0.0,14.597659561548095,1790196570335.6956,39082558719.52,60084745614.27,72993062542.212
2024-12-12,600519.SH,1462.2637699999998,48.42,190.15515051987393,0.0,14.597659561548095,1827949034685.8955,39082558719.52,60084745614.27,72993062542.212
2024-12-13,600519.SH,1415.4637699999998,48.42,190.15515051987393,0.0,14.597659561548095,1769445215759.0955,39082558719.52,60084745614.27,72993062542.212
2024-12-16,600519.SH,1423.6637699999999,48.42,190.15515051987393,0.0,14.597659561548095,1779695884887.2957,39082558719.52,60084745614.27,72993062542.212
2024-12-17,600519.SH,1454.4637699999998,48.42,190.15515051987393,0.0,14.597659561548095,1818198398198.0955,39082558719.52,60084745614.27,72993062542.212
2024-12-18,600519.SH,1467.96377,48.42,190.15515051987393,0.0,14.597659561548095,1835074499811.596,39082558719.52,60084745614.27,72993062542.212
2024-12-19,600519.SH,1447.4737699999998,48.42,190.15515051987393,0.0,14.597659561548095,1809460327807.1055,39082558719.52,60084745614.27,72993062542.212
2024-12-20,600519.SH,1442.34577,48.42,190.15515051987393,0.0,14.597659561548095,1803049909357.1777,39082558719.52,60084745614.27,72993062542.212
2024-12-23,600519.SH,1446.79577,48.42,190.15515051987393,0.0,14.597659561548095,1808612772481.6277,39082558719.52,60084745614.27,72993062542.212
2024-12-24,600519.SH,1459.1657699999998,48.42,190.15515051987393,0.0,14.597659561548095,1824076281885.9976,39082558719.52,60084745614.27,72993062542.212
2024-12-25,600519.SH,1450.3457700000001,48.42,190.15515051987393,0.0,14.597659561548095,1813050562165.178,39082558719.52,60084745614.27,72993062542.212
2024-12-26,600519.SH,1448.1357699999999,48.42,190.15515051987393,0.0,14.597659561548095,1810287881826.9675,39082558719.52,60084745614.27,72993062542.212
2024-12-27,600519.SH,1449.31577,48.42,190.15515051987393,0.0,14.597659561548095,1811762978116.1477,39082558719.52,60084745614.27,72993062542.212
2024-12-30,600519.SH,1445.34577,48.42,190.15515051987393,0.0,14.597659561548095,1806800154160.1777,39082558719.52,60084745614.27,72993062542.212
2024-12-31,600519.SH,1444.34577,68.64,186.47261443812738,0.0,20.693404259204033,1805550072559.1777,56933264798.1,59295822956.89,103473775705.94398
2025-01-02,600519.SH,1408.34577,68.64,186.47261443812738,0.0,20.693404259204033,1760547134923.1777,56933264798.1,59295822956.89,103473775705.94398
2025-01-03,600519.SH,1395.34577,68.64,186.47261443812738,0.0,20.693404259204033,1744296074110.1777,56933264798.1,59295822956.89,103473775705.94398
2025-01-06,600519.SH,1360.34577,68.64,186.47261443812738,0.0,20.693404259204033,1700543218075.1777,56933264798.1,59295822956.89,103473775705.94398
2025-01-07,600519.SH,1360.54577,68.64,186.47261443812738,0.0,20.693404259204033,1700793234395.3777,56933264798.1,59295822956.89,103473775705.94398
2025-01-08,600519.SH,1362.84577,68.64,186.47261443812738,0.0,20.693404259204033,1703668422077.6777,56933264798.1,59295822956.89,103473775705.94398
2025-01-09,600519.SH,1364.34577,68.64,186.47261443812738,0.0,20.693404259204033,1705543544479.1777,56933264798.1,59295822956.89,103473775705.94398
2025-01-10,600519.SH,1356.34577,68.64,186.47261443812738,0.0,20.693404259204033,1695542891671.1777,56933264798.1,59295822956.89,103473775705.94398
2025-01-13,600519.SH,1364.32577,68.64,186.47261443812738,0.0,20.693404259204033,1705518542847.1577,56933264798.1,59295822956.89,103473775705.94398
2025-01-14,600519.SH,1392.84577,68.64,186.47261443812738,0.0,20.693404259204033,1741170870107.6777,56933264798.1,59295822956.89,103473775705.94398
2025-01-15,600519.SH,1391.6157699999999,68.64,186.47261443812738,0.0,20.693404259204033,1739633269738.4475,56933264798.1,59295822956.89,103473775705.94398
2025-01-16,600519.SH,1366.72577,68.64,186.47261443812738,0.0,20.693404259204033,1708518738689.5579,56933264798.1,59295822956.89,103473775705.94398
2025-01-17,600519.SH,1375.09577,68.64,186.47261443812738,0.0,20.693404259204033,1718981921689.9277,56933264798.1,59295822956.89,103473775705.94398
2025-01-20,600519.SH,1395.1457699999999,68.64,186.47261443812738,0.0,20.693404259204033,1744046057789.9775,56933264798.1,59295822956.89,103473775705.94398
2025-01-21,600519.SH,1388.49577,68.64,186.47261443812738,0.0,20.693404259204033,1735733015143.328,56933264798.1,59295822956.89,103473775705.94398
2025-01-22,600519.SH,1361.34577,68.64,186.47261443812738,0.0,20.693404259204033,1701793299676.1777,56933264798.1,59295822956.89,103473775705.94398
2025-01-23,600519.SH,1363.34577,68.64,186.47261443812738,0.0,20.693404259204033,1704293462878.1777,56933264798.1,59295822956.89,103473775705.94398
2025-01-24,600519.SH,1356.34577,68.64,186.47261443812738,0.0,20.693404259204033,1695542891671.1777,56933264798.1,59295822956.89,103473775705.94398
2025-01-27,600519.SH,1355.33577,68.64,186.47261443812738,0.0,20.693404259204033,1694280309254.1677,56933264798.1,59295822956.89,103473775705.94398
2025-02-05,600519.SH,1324.1457699999999,68.64,186.47261443812738,0.0,20.693404259204033,1655290264118.9775,56933264798.1,59295822956.89,103473775705.94398
2025-02-06,600519.SH,1333.1857699999998,68.64,186.47261443812738,0.0,20.693404259204033,1666591001792.0176,56933264798.1,59295822956.89,103473775705.94398
2025-02-07,600519.SH,1356.34577,68.64,186.47261443812738,0.0,20.693404259204033,1695542891671.1777,56933264798.1,59295822956.89,103473775705.94398
2025-02-10,600519.SH,1351.85577,68.64,186.47261443812738,0.0,20.693404259204033,1689930025282.6877,56933264798.1,59295822956.89,103473775705.94398
2025-02-11,600519.SH,1338.34577,68.64,186.47261443812738,0.0,20.693404259204033,1673041422853.1777,56933264798.1,59295822956.89,103473775705.94398
2025-02-12,600519.SH,1363.34577,68.64,186.47261443812738,0.0,20.693404259204033,1704293462878.1777,56933264798.1,59295822956.89,103473775705.94398
2025-02-13,600519.SH,1385.4057699999998,68.64,186.47261443812738,0.0,20.693404259204033,1731870262996.2375,56933264798.1,59295822956.89,103473775705.94398
2025-02-14,600519.SH,1395.34577,68.64,186.47261443812738,0.0,20.693404259204033,1744296074110.1777,56933264798.1,59295822956.89,103473775705.94398
2025-02-17,600519.SH,1391.96577,68.64,186.47261443812738,0.0,20.693404259204033,1740070798298.7979,56933264798.1,59295822956.89,103473775705.94398
2025-02-18,600519.SH,1395.34577,68.64,186.47261443812738,0.0,20.693404259204033,1744296074110.1777,56933264798.1,59295822956.89,103473775705.94398
2025-02-19,600519.SH,1411.34577,68.64,186.47261443812738,0.0,20.693404259204033,1764297379726.1777,56933264798.1,59295822956.89,103473775705.94398
2025-02-20,600519.SH,1394.34577,68.64,186.47261443812738,0.0,20.693404259204033,1743045992509.1777,56933264798.1,59295822956.89,103473775705.94398
2025-02-21,600519.SH,1408.55577,68.64,186.47261443812738,0.0,20.693404259204033,1760809652059.3877,56933264798.1,59295822956.89,103473775705.94398
2025-02-24,600519.SH,1399.4157699999998,68.64,186.47261443812738,0.0,20.693404259204033,1749383906226.2476,56933264798.1,59295822956.89,103473775705.94398
2025-02-25,600519.SH,1374.34577,68.64,186.47261443812738,0.0,20.693404259204033,1718044360489.1777,56933264798.1,59295822956.89,103473775705.94398
2025-02-26,600519.SH,1380.35577,68.64,186.47261443812738,0.0,20.693404259204033,1725557350911.1877,56933264798.1,59295822956.89,103473775705.94398
2025-02-27,600519.SH,1405.9057699999998,68.64,186.47261443812738,0.0,20.693404259204033,1757496935816.7375,56933264798.1,59295822956.89,103473775705.94398
2025-02-28,600519.SH,1421.1357699999999,68.64,186.47261443812738,0.0,20.693404259204033,1776535678599.9675,56933264798.1,59295822956.89,103473775705.94398
2025-03-03,600519.SH,1407.3657699999999,68.64,186.47261443812738,0.0,20.693404259204033,1759322054954.1975,56933264798.1,59295822956.89,103473775705.94398
2025-03-04,600519.SH,1390.45577,68.64,186.47261443812738,0.0,20.693404259204033,1738183175081.2878,56933264798.1,59295822956.89,103473775705.94398
2025-03-05,600519.SH,1386.71577,68.64,186.47261443812738,0.0,20.693404259204033,1733507869893.5479,56933264798.1,59295822956.89,103473775705.94398
2025-03-06,600519.SH,1426.32577,68.64,186.47261443812738,0.0,20.693404259204033,1783023602109.1577,56933264798.1,59295822956.89,103473775705.94398
2025-03-07,600519.SH,1441.34577,68.64,186.47261443812738,0.0,20.693404259204033,1801799827756.1777,56933264798.1,59295822956.89,103473775705.94398
2025-03-10,600519.SH,1443.24577,68.64,186.47261443812738,0.0,20.693404259204033,1804174982798.078,56933264798.1,59295822956.89,103473775705.94398
2025-03-11,600519.SH,1469.02577,68.64,186.47261443812738,0.0,20.693404259204033,1836402086471.8577,56933264798.1,59295822956.89,103473775705.94398
2025-03-12,600519.SH,1462.92577,68.64,186.47261443812738,0.0,20.693404259204033,1828776588705.7578,56933264798.1,59295822956.89,103473775705.94398
2025-03-13,600519.SH,1458.11577,68.64,186.47261443812738,0.0,20.693404259204033,1822763696204.948,56933264798.1,59295822956.89,103473775705.94398
2025-03-14,600519.SH,1548.35577,68.64,186.47261443812738,0.0,20.693404259204033,1935571059879.1877,56933264798.1,59295822956.89,103473775705.94398
2025-03-17,600519.SH,1558.20577,68.64,186.47261443812738,0.0,20.693404259204033,1947884363649.0378,56933264798.1,59295822956.89,103473775705.94398
2025-03-18,600519.SH,1544.34577,68.64,186.47261443812738,0.0,20.693404259204033,1930558232659.1777,56933264798.1,59295822956.89,103473775705.94398
2025-03-19,600519.SH,1556.05577,68.64,186.47261443812738,0.0,20.693404259204033,1945196688206.8877,56933264798.1,59295822956.89,103473775705.94398
2025-03-20,600519.SH,1524.34577,68.64,186.47261443812738,0.0,20.693404259204033,1905556600639.1777,56933264798.1,59295822956.89,103473775705.94398
2025-03-21,600519.SH,1494.09577,68.64,186.47261443812738,0.0,20.693404259204033,1867741632208.9277,56933264798.1,59295822956.89,103473775705.94398
2025-03-24,600519.SH,1503.34577,68.64,186.47261443812738,0.0,20.693404259204033,1879304887018.1777,56933264798.1,59295822956.89,103473775705.94398
2025-03-25,600519.SH,1495.84577,68.64,186.47261443812738,0.0,20.693404259204033,1869929275010.6777,56933264798.1,59295822956.89,103473775705.94398
2025-03-26,600519.SH,1496.34577,68.64,186.47261443812738,0.0,20.693404259204033,1870554315811.1777,56933264798.1,59295822956.89,103473775705.94398
2025-03-27,600519.SH,1509.34577,68.64,186.47261443812738,0.0,20.693404259204033,1886805376624.1777,56933264798.1,59295822956.89,103473775705.94398
2025-03-28,600519.SH,1505.55577,68.64,186.47261443812738,0.0,20.693404259204033,1882067567356.3877,56933264798.1,59295822956.89,103473775705.94398
2025-03-31,600519.SH,1481.34577,21.38,206.67278237655623,0.0,6.442973214856555,1851803091796.1777,44178362224.66,52199240419.27,32216969086.511997
2025-04-01,600519.SH,1476.3657699999999,21.38,206.67278237655623,0.0,6.442973214856555,1845577685423.1975,44178362224.66,52199240419.27,32216969086.511997
2025-04-02,600519.SH,1469.3657699999999,21.38,206.67278237655623,0.0,6.442973214856555,1836827114216.1975,44178362224.66,52199240419.27,32216969086.511997
2025-04-03,600519.SH,1489.2257699999998,21.38,206.67278237655623,0.0,6.442973214856555,1861653734812.0576,44178362224.66,52199240419.27,32216969086.511997
2025-04-07,600519.SH,1420.34577,21.38,206.67278237655623,0.0,6.442973214856555,1775548114135.1777,44178362224.66,52199240419.27,32216969086.511997
2025-04-08,600519.SH,1465.34577,21.38,206.67278237655623,0.0,6.442973214856555,1831801786180.1777,44178362224.66,52199240419.27,32216969086.511997
2025-04-09,600519.SH,1461.3857699999999,21.38,206.67278237655623,0.0,6.442973214856555,1826851463040.2175,44178362224.66,52199240419.27,32216969086.511997
2025-04-10,600519.SH,1469.34577,21.38,206.67278237655623,0.0,6.442973214856555,1836802112584.1777,44178362224.66,52199240419.27,32216969086.511997
2025-04-11,600519.SH,1489.32577,21.38,206.67278237655623,0.0,6.442973214856555,1861778742972.1577,44178362224.66,52199240419.27,32216969086.511997
2025-04-14,600519.SH,1472.33577,21.38,206.67278237655623,0.0,6.442973214856555,1840539856571.1677,44178362224.66,52199240419.27,32216969086.511997
2025-04-15,600519.SH,1478.34577,21.38,206.67278237655623,0.0,6.442973214856555,1848052846993.1777,44178362224.66,52199240419.27,32216969086.511997
2025-04-16,600519.SH,1479.51577,21.38,206.67278237655623,0.0,6.442973214856555,1849515442466.3477,44178362224.66,52199240419.27,32216969086.511997
2025-04-17,600519.SH,1490.34577,21.38,206.67278237655623,0.0,6.442973214856555,1863053826205.1777,44178362224.66,52199240419.27,32216969086.511997
2025-04-18,600519.SH,1486.28577,21.38,206.67278237655623,0.0,6.442973214856555,1857978494905.1177,44178362224.66,52199240419.27,32216969086.511997
2025-04-21,600519.SH,1471.34577,21.38,206.67278237655623,0.0,6.442973214856555,1839302275786.1777,44178362224.66,52199240419.27,32216969086.511997
2025-04-22,600519.SH,1469.1457699999999,21.38,206.67278237655623,0.0,6.442973214856555,1836552096263.9775,44178362224.66,52199240419.27,32216969086.511997
2025-04-23,600519.SH,1472.34577,21.38,206.67278237655623,0.0,6.442973214856555,1840552357387.1777,44178362224.66,52199240419.27,32216969086.511997
2025-04-24,600519.SH,1472.59577,21.38,206.67278237655623,0.0,6.442973214856555,1840864877787.4277,44178362224.66,52199240419.27,32216969086.511997
2025-04-25,600519.SH,1470.34577,21.38,206.67278237655623,0.0,6.442973214856555,1838052194185.1777,44178362224.66,52199240419.27,32216969086.511997
2025-04-28,600519.SH,1470.3457700000001,21.38,206.67278237655623,0.0,6.442973214856555,1838052194185.178,44178362224.66,52199240419.27,32216969086.511997
2025-04-29,600519.SH,1464.34577,21.38,206.67278237655623,0.0,6.442973214856555,1830551704579.1777,44178362224.66,52199240419.27,32216969086.511997
2025-04-30,600519.SH,1467.34577,21.38,206.67278237655623,0.0,6.442973214856555,1834301949382.1777,44178362224.66,52199240419.27,32216969086.511997
2025-05-06,600519.SH,1470.5457699999997,21.38,206.67278237655623,0.0,6.442973214856555,1838302210505.3774,44178362224.66,52199240419.27,32216969086.511997
2025-05-07,600519.SH,1475.34577,21.38,206.67278237655623,0.0,6.442973214856555,1844302602190.1777,44178362224.66,52199240419.27,32216969086.511997
2025-05-08,600519.SH,1498.5357699999997,21.38,206.67278237655623,0.0,6.442973214856555,1873291994517.3674,44178362224.66,52199240419.27,32216969086.511997
2025-05-09,600519.SH,1511.52577,21.38,206.67278237655623,0.0,6.442973214856555,1889530554514.3577,44178362224.66,52199240419.27,32216969086.511997
2025-05-12,600519.SH,1524.8457700000001,21.38,206.67278237655623,0.0,6.442973214856555,1906181641439.678,44178362224.66,52199240419.27,32216969086.511997
2025-05-13,600519.SH,1510.64577,21.38,206.67278237655623,0.0,6.442973214856555,1888430482705.4778,44178362224.66,52199240419.27,32216969086.511997
2025-05-14,600519.SH,1555.33577,21.38,206.67278237655623,0.0,6.442973214856555,1944296629454.1677,44178362224.66,52199240419.27,32216969086.511997
2025-05-15,600519.SH,1552.3557700000001,21.38,206.67278237655623,0.0,6.442973214856555,1940571386283.188,44178362224.66,52199240419.27,32216969086.511997
2025-05-16,600519.SH,1534.47577,21.38,206.67278237655623,0.0,6.442973214856555,1918219927257.3079,44178362224.66,52199240419.27,32216969086.511997
2025-05-19,600519.SH,1499.32577,21.38,206.67278237655623,0.0,6.442973214856555,1874279558982.1577,44178362224.66,52199240419.27,32216969086.511997
2025-05-20,600519.SH,1506.3457700000001,21.38,206.67278237655623,0.0,6.442973214856555,1883055131821.178,44178362224.66,52199240419.27,32216969086.511997
2025-05-21,600519.SH,1501.31577,21.38,206.67278237655623,0.0,6.442973214856555,1876767221368.1477,44178362224.66,52199240419.27,32216969086.511997
2025-05-22,600519.SH,1500.3457700000001,21.38,206.67278237655623,0.0,6.442973214856555,1875554642215.178,44178362224.66,52199240419.27,32216969086.511997
2025-05-23,600519.SH,1492.94577,21.38,206.67278237655623,0.0,6.442973214856555,1866304038367.7778,44178362224.66,52199240419.27,32216969086.511997
2025-05-26,600519.SH,1470.84577,21.38,206.67278237655623,0.0,6.442973214856555,1838677234985.6777,44178362224.66,52199240419.27,32216969086.511997
2025-05-27,600519.SH,1464.24577,21.38,206.67278237655623,0.0,6.442973214856555,1830426696419.078,44178362224.66,52199240419.27,32216969086.511997
2025-05-28,600519.SH,1457.34577,21.38,206.67278237655623,0.0,6.442973214856555,1821801133372.1777,44178362224.66,52199240419.27,32216969086.511997
2025-05-29,600519.SH,1460.34577,21.38,206.67278237655623,0.0,6.442973214856555,1825551378175.1777,44178362224.66,52199240419.27,32216969086.511997
2025-05-30,600519.SH,1442.34577,21.38,206.67278237655623,0.0,6.442973214856555,1803049909357.1777,44178362224.66,52199240419.27,32216969086.511997
2025-06-03,600519.SH,1429.34577,21.38,206.67278237655623,0.0,6.442973214856555,1786798848544.1777,44178362224.66,52199240419.27,32216969086.511997
2025-06-04,600519.SH,1430.30577,21.38,206.67278237655623,0.0,6.442973214856555,1787998926881.1377,44178362224.66,52199240419.27,32216969086.511997
2025-06-05,600519.SH,1434.34577,21.38,206.67278237655623,0.0,6.442973214856555,1793049256549.1777,44178362224.66,52199240419.27,32216969086.511997
2025-06-06,600519.SH,1426.73577,21.38,206.67278237655623,0.0,6.442973214856555,1783536135565.5679,44178362224.66,52199240419.27,32216969086.511997
2025-06-09,600519.SH,1406.45577,21.38,206.67278237655623,0.0,6.442973214856555,1758184480697.2878,44178362224.66,52199240419.27,32216969086.511997
2025-06-10,600519.SH,1395.35577,21.38,206.67278237655623,0.0,6.442973214856555,1744308574926.1877,44178362224.66,52199240419.27,32216969086.511997
2025-06-11,600519.SH,1400.3457700000001,21.38,206.67278237655623,0.0,6.442973214856555,1750546482115.178,44178362224.66,52199240419.27,32216969086.511997
2025-06-12,600519.SH,1379.3457700000001,21.38,206.67278237655623,0.0,6.442973214856555,1724294768494.178,44178362224.66,52199240419.27,32216969086.511997
2025-06-13,600519.SH,1347.29577,21.38,206.67278237655623,0.0,6.442973214856555,1684229653182.1277,44178362224.66,52199240419.27,32216969086.511997
2025-06-16,600519.SH,1342.6357699999999,21.38,206.67278237655623,0.0,6.442973214856555,1678404272921.4675,44178362224.66,52199240419.27,32216969086.511997
2025-06-17,600519.SH,1347.34577,21.38,206.67278237655623,0.0,6.442973214856555,1684292157262.1777,44178362224.66,52199240419.27,32216969086.511997
2025-06-18,600519.SH,1345.34577,21.38,206.67278237655623,0.0,6.442973214856555,1681791994060.1777,44178362224.66,52199240419.27,32216969086.511997
2025-06-19,600519.SH,1346.34577,21.38,206.67278237655623,0.0,6.442973214856555,1683042075661.1777,44178362224.66,52199240419.27,32216969086.511997
2025-06-20,600519.SH,1349.00577,21.38,206.67278237655623,0.0,6.442973214856555,1686367292719.8376,44178362224.66,52199240419.27,32216969086.511997
2025-06-23,600519.SH,1340.34577,21.38,206.67278237655623,0.0,6.442973214856555,1675541586055.1777,44178362224.66,52199240419.27,32216969086.511997
2025-06-24,600519.SH,1357.54577,21.38,206.67278237655623,0.0,6.442973214856555,1697042989592.3777,44178362224.66,52199240419.27,32216969086.511997
2025-06-25,600519.SH,1356.2057699999998,21.38,206.67278237655623,0.0,6.442973214856555,1695367880247.0376,44178362224.66,52199240419.27,32216969086.511997
2025-06-26,600519.SH,1368.01877,21.38,206.67278237655623,0.0,6.442973214856555,1710135094199.6506,44178362224.66,52199240419.27,32216969086.511997
2025-06-27,600519.SH,1351.1087699999998,21.38,206.67278237655623,0.0,6.442973214856555,1688996214326.7405,44178362224.66,52199240419.27,32216969086.511997
2025-06-30,600519.SH,1357.5387699999999,36.18,190.90476669649024,0.0,10.895999651969918,1697034239021.1707,43122202832.76,51644880716.93,54483554757.71999
2025-07-01,600519.SH,1353.1187699999998,36.18,190.90476669649024,0.0,10.895999651969918,1691508878344.7505,43122202832.76,51644880716.93,54483554757.71999
2025-07-02,600519.SH,1357.6187699999998,36.18,190.90476669649024,0.0,10.895999651969918,1697134245549.2505,43122202832.76,51644880716.93,54483554757.71999
2025-07-03,600519.SH,1363.6187699999998,36.18,190.90476669649024,0.0,10.895999651969918,1704634735155.2505,43122202832.76,51644880716.93,54483554757.71999
2025-07-04,600519.SH,1370.23877,36.18,190.90476669649024,0.0,10.895999651969918,1712910275353.8706,43122202832.76,51644880716.93,54483554757.71999
2025-07-07,600519.SH,1358.71877,36.18,190.90476669649024,0.0,10.895999651969918,1698509335310.3506,43122202832.76,51644880716.93,54483554757.71999
2025-07-08,600519.SH,1364.12877,36.18,190.90476669649024,0.0,10.895999651969918,1705272276771.7607,43122202832.76,51644880716.93,54483554757.71999
2025-07-09,600519.SH,1366.89877,36.18,190.90476669649024,0.0,10.895999651969918,1708735002806.5308,43122202832.76,51644880716.93,54483554757.71999
2025-07-10,600519.SH,1374.51877,36.18,190.90476669649024,0.0,10.895999651969918,1718260624606.1506,43122202832.76,51644880716.93,54483554757.71999
2025-07-11,600519.SH,1375.01877,36.18,190.90476669649024,0.0,10.895999651969918,1718885665406.6506,43122202832.76,51644880716.93,54483554757.71999
2025-07-14,600519.SH,1371.61877,36.18,190.90476669649024,0.0,10.895999651969918,1714635387963.2507,43122202832.76,51644880716.93,54483554757.71999
2025-07-15,600519.SH,1359.01877,36.18,190.90476669649024,0.0,10.895999651969918,1698884359790.6506,43122202832.76,51644880716.93,54483554757.71999
2025-07-16,600519.SH,1359.0487699999999,36.18,190.90476669649024,0.0,10.895999651969918,1698921862238.6807,43122202832.76,51644880716.93,54483554757.71999
2025-07-17,600519.SH,1364.36877,36.18,190.90476669649024,0.0,10.895999651969918,1705572296356.0007,43122202832.76,51644880716.93,54483554757.71999
2025-07-18,600519.SH,1385.01877,36.18,190.90476669649024,0.0,10.895999651969918,1731386481416.6506,43122202832.76,51644880716.93,54483554757.71999
2025-07-21,600519.SH,1391.01877,36.18,190.90476669649024,0.0,10.895999651969918,1738886971022.6506,43122202832.76,51644880716.93,54483554757.71999
2025-07-22,600519.SH,1412.99877,36.18,190.90476669649024,0.0,10.895999651969918,1766363764612.6306,43122202832.76,51644880716.93,54483554757.71999
2025-07-23,600519.SH,1423.51877,36.18,190.90476669649024,0.0,10.895999651969918,1779514623055.1506,43122202832.76,51644880716.93,54483554757.71999
2025-07-24,600519.SH,1439.51877,36.18,190.90476669649024,0.0,10.895999651969918,1799515928671.1506,43122202832.76,51644880716.93,54483554757.71999
2025-07-25,600519.SH,1403.01877,36.18,190.90476669649024,0.0,10.895999651969918,1753887950234.6506,43122202832.76,51644880716.93,54483554757.71999
2025-07-28,600519.SH,1386.6787699999998,36.18,190.90476669649024,0.0,10.895999651969918,1733461616874.3105,43122202832.76,51644880716.93,54483554757.71999
2025-07-29,600519.SH,1387.01877,36.18,190.90476669649024,0.0,10.895999651969918,1733886644618.6506,43122202832.76,51644880716.93,54483554757.71999
2025-07-30,600519.SH,1397.45877,36.18,190.90476669649024,0.0,10.895999651969918,1746937496533.0908,43122202832.76,51644880716.93,54483554757.71999
2025-07-31,600519.SH,1369.68877,36.18,190.90476669649024,0.0,10.895999651969918,1712222730473.3208,43122202832.76,51644880716.93,54483554757.71999
2025-08-01,600519.SH,1365.01877,36.18,190.90476669649024,0.0,10.895999651969918,1706384849396.6506,43122202832.76,51644880716.93,54483554757.71999
2025-08-04,600519.SH,1367.01877,36.18,190.90476669649024,0.0,10.895999651969918,1708885012598.6506,43122202832.76,51644880716.93,54483554757.71999
2025-08-05,600519.SH,1375.7587700000001,36.18,190.90476669649024,0.0,10.895999651969918,1719810725791.3909,43122202832.76,51644880716.93,54483554757.71999
2025-08-06,600519.SH,1371.8987699999998,36.18,190.90476669649024,0.0,10.895999651969918,1714985410811.5305,43122202832.76,51644880716.93,54483554757.71999
2025-08-07,600519.SH,1370.3687699999998,36.18,190.90476669649024,0.0,10.895999651969918,1713072785962.0005,43122202832.76,51644880716.93,54483554757.71999
2025-08-08,600519.SH,1368.98877,36.18,190.90476669649024,0.0,10.895999651969918,1711347673352.6206,43122202832.76,51644880716.93,54483554757.71999
2025-08-11,600519.SH,1393.01877,36.18,190.90476669649024,0.0,10.895999651969918,1741387134224.6506,43122202832.76,51644880716.93,54483554757.71999
2025-08-12,600519.SH,1385.0587699999999,36.18,190.90476669649024,0.0,10.895999651969918,1731436484680.6907,43122202832.76,51644880716.93,54483554757.71999
2025-08-13,600519.SH,1368.0687699999999,36.18,190.90476669649024,0.0,10.895999651969918,1710197598279.7007,43122202832.76,51644880716.93,54483554757.71999
2025-08-14,600519.SH,1375.00877,36.18,190.90476669649024,0.0,10.895999651969918,1718873164590.6406,43122202832.76,51644880716.93,54483554757.71999
2025-08-15,600519.SH,1370.0987699999998,36.18,190.90476669649024,0.0,10.895999651969918,1712735263929.7305,43122202832.76,51644880716.93,54483554757.71999
2025-08-18,600519.SH,1376.5187700000001,36.18,190.90476669649024,0.0,10.895999651969918,1720760787808.151,43122202832.76,51644880716.93,54483554757.71999
2025-08-19,600519.SH,1386.01877,36.18,190.90476669649024,0.0,10.895999651969918,1732636563017.6506,43122202832.76,51644880716.93,54483554757.71999
2025-08-20,600519.SH,1398.01877,36.18,190.90476669649024,0.0,10.895999651969918,1747637542229.6506,43122202832.76,51644880716.93,54483554757.71999
2025-08-21,600519.SH,1396.26877,36.18,190.90476669649024,0.0,10.895999651969918,1745449899427.9006,43122202832.76,51644880716.93,54483554757.71999
2025-08-22,600519.SH,1411.96877,36.18,190.90476669649024,0.0,10.895999651969918,1765076180563.6006,43122202832.76,51644880716.93,54483554757.71999
2025-08-25,600519.SH,1438.3487699999998,36.18,190.90476669649024,0.0,10.895999651969918,1798053333197.9805,43122202832.76,51644880716.93,54483554757.71999
2025-08-26,600519.SH,1429.6287699999998,36.18,190.90476669649024,0.0,10.895999651969918,1787152621637.2605,43122202832.76,51644880716.93,54483554757.71999
2025-08-27,600519.SH,1396.01877,36.18,190.90476669649024,0.0,10.895999651969918,1745137379027.6506,43122202832.76,51644880716.93,54483554757.71999
2025-08-28,600519.SH,1394.1187699999998,36.18,190.90476669649024,0.0,10.895999651969918,1742762223985.7505,43122202832.76,51644880716.93,54483554757.71999
2025-08-29,600519.SH,1428.01877,36.18,190.90476669649024,0.0,10.895999651969918,1785139990259.6506,43122202832.76,51644880716.93,54483554757.71999
2025-09-01,600519.SH,1424.11877,36.18,190.90476669649024,0.0,10.895999651969918,1780264672015.7507,43122202832.76,51644880716.93,54483554757.71999
2025-09-02,600519.SH,1439.3187699999999,36.18,190.90476669649024,0.0,10.895999651969918,1799265912350.9507,43122202832.76,51644880716.93,54483554757.71999
2025-09-03,600519.SH,1428.5687699999999,36.18,190.90476669649024,0.0,10.895999651969918,1785827535140.2007,43122202832.76,51644880716.93,54483554757.71999
2025-09-04,600519.SH,1420.67877,36.18,190.90476669649024,0.0,10.895999651969918,1775964391308.3108,43122202832.76,51644880716.93,54483554757.71999
2025-09-05,600519.SH,1431.01877,36.18,190.90476669649024,0.0,10.895999651969918,1788890235062.6506,43122202832.76,51644880716.93,54483554757.71999
2025-09-08,600519.SH,1449.24877,36.18,190.90476669649024,0.0,10.895999651969918,1811679222648.8806,43122202832.76,51644880716.93,54483554757.71999
2025-09-09,600519.SH,1453.01877,36.18,190.90476669649024,0.0,10.895999651969918,1816392030284.6506,43122202832.76,51644880716.93,54483554757.71999
2025-09-10,600519.SH,1470.02877,36.18,190.90476669649024,0.0,10.895999651969918,1837655918317.6606,43122202832.76,51644880716.93,54483554757.71999
2025-09-11,600519.SH,1471.51877,36.18,190.90476669649024,0.0,10.895999651969918,1839518539903.1506,43122202832.76,51644880716.93,54483554757.71999
2025-09-12,600519.SH,1464.01877,36.18,190.90476669649024,0.0,10.895999651969918,1830142927895.6506,43122202832.76,51644880716.93,54483554757.71999
2025-09-15,600519.SH,1463.1187699999998,36.18,190.90476669649024,0.0,10.895999651969918,1829017854454.7505,43122202832.76,51644880716.93,54483554757.71999
2025-09-16,600519.SH,1447.99877,36.18,190.90476669649024,0.0,10.895999651969918,1810116620647.6306,43122202832.76,51644880716.93,54483554757.71999
2025-09-17,600519.SH,1441.01877,36.18,190.90476669649024,0.0,10.895999651969918,1801391051072.6506,43122202832.76,51644880716.93,54483554757.71999
2025-09-18,600519.SH,1415.97877,36.18,190.90476669649024,0.0,10.895999651969918,1770089007783.6106,43122202832.76,51644880716.93,54483554757.71999
2025-09-19,600519.SH,1415.98877,36.18,190.90476669649024,0.0,10.895999651969918,1770101508599.6206,43122202832.76,51644880716.93,54483554757.71999
2025-09-22,600519.SH,1401.3687699999998,36.18,190.90476669649024,0.0,10.895999651969918,1751825315593.0005,43122202832.76,51644880716.93,54483554757.71999
2025-09-23,600519.SH,1395.43877,36.18,190.90476669649024,0.0,10.895999651969918,1744412331699.0708,43122202832.76,51644880716.93,54483554757.71999
2025-09-24,600519.SH,1390.01877,36.18,190.90476669649024,0.0,10.895999651969918,1737636889421.6506,43122202832.76,51644880716.93,54483554757.71999
2025-09-25,600519.SH,1387.01877,36.18,190.90476669649024,0.0,10.895999651969918,1733886644618.6506,43122202832.76,51644880716.93,54483554757.71999
2025-09-26,600519.SH,1383.01877,36.18,190.90476669649024,0.0,10.895999651969918,1728886318214.6506,43122202832.76,51644880716.93,54483554757.71999
2025-09-29,600519.SH,1408.8787699999998,36.18,190.90476669649024,0.0,10.895999651969918,1761213428416.5105,43122202832.76,51644880716.93,54483554757.71999
2025-09-30,600519.SH,1392.00877,51.53,205.64254699900187,0.0,15.509406744443396,1740124551807.6406,39033160057.01,51753057846.45,77552096054.616
2025-10-09,600519.SH,1384.7987699999999,51.53,205.64254699900187,0.0,15.509406744443396,1731111463464.4307,39033160057.01,51753057846.45,77552096054.616
2025-10-10,600519.SH,1378.01877,51.53,205.64254699900187,0.0,15.509406744443396,1722635910209.6506,39033160057.01,51753057846.45,77552096054.616
2025-10-13,600519.SH,1367.21877,51.53,205.64254699900187,0.0,15.509406744443396,1709135028918.8506,39033160057.01,51753057846.45,77552096054.616
2025-10-14,600519.SH,1399.0387699999999,51.53,205.64254699900187,0.0,15.509406744443396,1748912625462.6707,39033160057.01,51753057846.45,77552096054.616
2025-10-15,600519.SH,1410.01877,51.53,205.64254699900187,0.0,15.509406744443396,1762638521441.6506,39033160057.01,51753057846.45,77552096054.616
2025-10-16,600519.SH,1432.92877,51.53,205.64254699900187,0.0,15.509406744443396,1791277890920.5608,39033160057.01,51753057846.45,77552096054.616
2025-10-17,600519.SH,1403.01877,51.53,205.64254699900187,0.0,15.509406744443396,1753887950234.6506,39033160057.01,51753057846.45,77552096054.616
2025-10-20,600519.SH,1405.94877,51.53,205.64254699900187,0.0,15.509406744443396,1757550689325.5808,39033160057.01,51753057846.45,77552096054.616
2025-10-21,600519.SH,1410.27877,51.53,205.64254699900187,0.0,15.509406744443396,1762963542657.9106,39033160057.01,51753057846.45,77552096054.616
2025-10-22,600519.SH,1406.71877,51.53,205.64254699900187,0.0,15.509406744443396,1758513252158.3506,39033160057.01,51753057846.45,77552096054.616
2025-10-23,600519.SH,1415.99877,51.53,205.64254699900187,0.0,15.509406744443396,1770114009415.6306,39033160057.01,51753057846.45,77552096054.616
2025-10-24,600519.SH,1398.01877,51.53,205.64254699900187,0.0,15.509406744443396,1747637542229.6506,39033160057.01,51753057846.45,77552096054.616
2025-10-27,600519.SH,1388.42877,51.53,205.64254699900187,0.0,15.509406744443396,1735649259676.0608,39033160057.01,51753057846.45,77552096054.616
2025-10-28,600519.SH,1393.0187700000001,51.53,205.64254699900187,0.0,15.509406744443396,1741387134224.651,39033160057.01,51753057846.45,77552096054.616
2025-10-29,600519.SH,1379.9187699999998,51.53,205.64254699900187,0.0,15.509406744443396,1725011065251.5505,39033160057.01,51753057846.45,77552096054.616
2025-10-30,600519.SH,1374.75877,51.53,205.64254699900187,0.0,15.509406744443396,1718560644190.3906,39033160057.01,51753057846.45,77552096054.616
2025-10-31,600519.SH,1378.0287700000001,51.53,205.64254699900187,0.0,15.509406744443396,1722648411025.661,39033160057.01,51753057846.45,77552096054.616
2025-11-03,600519.SH,1383.0187700000001,51.53,205.64254699900187,0.0,15.509406744443396,1728886318214.651,39033160057.01,51753057846.45,77552096054.616
2025-11-04,600519.SH,1377.01877,51.53,205.64254699900187,0.0,15.509406744443396,1721385828608.6506,39033160057.01,51753057846.45,77552096054.616
2025-11-05,600519.SH,1368.0987699999998,51.53,205.64254699900187,0.0,15.509406744443396,1710235100727.7305,39033160057.01,51753057846.45,77552096054.616
2025-11-06,600519.SH,1383.14877,51.53,205.64254699900187,0.0,15.509406744443396,1729048828822.7808,39033160057.01,51753057846.45,77552096054.616
2025-11-07,600519.SH,1381.34877,51.53,205.64254699900187,0.0,15.509406744443396,1726798681940.981,39033160057.01,51753057846.45,77552096054.616
2025-11-10,600519.SH,1410.3187699999999,51.53,205.64254699900187,0.0,15.509406744443396,1763013545921.9507,39033160057.01,51753057846.45,77552096054.616
2025-11-11,600519.SH,1407.00877,51.53,205.64254699900187,0.0,15.509406744443396,1758875775822.6406,39033160057.01,51753057846.45,77552096054.616
2025-11-12,600519.SH,1413.16877,51.53,205.64254699900187,0.0,15.509406744443396,1766576278484.8008,39033160057.01,51753057846.45,77552096054.616
2025-11-13,600519.SH,1418.39877,51.53,205.64254699900187,0.0,15.509406744443396,1773114205258.0308,39033160057.01,51753057846.45,77552096054.616
2025-11-14,600519.SH,1404.6187699999998,51.53,205.64254699900187,0.0,15.509406744443396,1755888080796.2505,39033160057.01,51753057846.45,77552096054.616
2025-11-17,600519.SH,1419.01877,51.53,205.64254699900187,0.0,15.509406744443396,1773889255850.6506,39033160057.01,51753057846.45,77552096054.616
2025-11-18,600519.SH,1424.01877,51.53,205.64254699900187,0.0,15.509406744443396,1780139663855.6506,39033160057.01,51753057846.45,77552096054.616
2025-11-19,600519.SH,1419.02877,51.53,205.64254699900187,0.0,15.509406744443396,1773901756666.6606,39033160057.01,51753057846.45,77552096054.616
2025-11-20,600519.SH,1415.1287699999998,51.53,205.64254699900187,0.0,15.509406744443396,1769026438422.7605,39033160057.01,51753057846.45,77552096054.616
2025-11-21,600519.SH,1414.6187699999998,51.53,205.64254699900187,0.0,15.509406744443396,1768388896806.2505,39033160057.01,51753057846.45,77552096054.616
2025-11-24,600519.SH,1400.01877,51.53,205.64254699900187,0.0,15.509406744443396,1750137705431.6506,39033160057.01,51753057846.45,77552096054.616
2025-11-25,600519.SH,1392.66877,51.53,205.64254699900187,0.0,15.509406744443396,1740949605664.3008,39033160057.01,51753057846.45,77552096054.616
2025-11-26,600519.SH,1397.1687699999998,51.53,205.64254699900187,0.0,15.509406744443396,1746574972868.8005,39033160057.01,51753057846.45,77552096054.616
2025-11-27,600519.SH,1395.3187699999999,51.53,205.64254699900187,0.0,15.509406744443396,1744262321906.9507,39033160057.01,51753057846.45,77552096054.616
2025-11-28,600519.SH,1398.51877,51.53,205.64254699900187,0.0,15.509406744443396,1748262583030.1506,39033160057.01,51753057846.45,77552096054.616
2025-12-01,600519.SH,1396.01877,51.53,205.64254699900187,0.0,15.509406744443396,1745137379027.6506,39033160057.01,51753057846.45,77552096054.616
2025-12-02,600519.SH,1384.0487699999999,51.53,205.64254699900187,0.0,15.509406744443396,1730173902263.6807,39033160057.01,51753057846.45,77552096054.616
2025-12-03,600519.SH,1377.1187699999998,51.53,205.64254699900187,0.0,15.509406744443396,1721510836768.7505,39033160057.01,51753057846.45,77552096054.616
2025-12-04,600519.SH,1371.99877,51.53,205.64254699900187,0.0,15.509406744443396,1715110418971.6306,39033160057.01,51753057846.45,77552096054.616
2025-12-05,600519.SH,1378.02877,51.53,205.64254699900187,0.0,15.509406744443396,1722648411025.6606,39033160057.01,51753057846.45,77552096054.616
2025-12-08,600519.SH,1366.23877,51.53,205.64254699900187,0.0,15.509406744443396,1707909948949.8706,39033160057.01,51753057846.45,77552096054.616
2025-12-09,600519.SH,1349.02877,51.53,205.64254699900187,0.0,15.509406744443396,1686396044596.6606,39033160057.01,51753057846.45,77552096054.616
2025-12-10,600519.SH,1350.8187699999999,51.53,205.64254699900187,0.0,15.509406744443396,1688633690662.4507,39033160057.01,51753057846.45,77552096054.616
2025-12-11,600519.SH,1360.00877,51.53,205.64254699900187,0.0,15.509406744443396,1700121940575.6406,39033160057.01,51753057846.45,77552096054.616
2025-12-12,600519.SH,1368.6687699999998,51.53,205.64254699900187,0.0,15.509406744443396,1710947647240.3005,39033160057.01,51753057846.45,77552096054.616
2025-12-15,600519.SH,1374.01877,51.53,205.64254699900187,0.0,15.509406744443396,1717635583805.6506,39033160057.01,51753057846.45,77552096054.616
2025-12-16,600519.SH,1370.01877,51.53,205.64254699900187,0.0,15.509406744443396,1712635257401.6506,39033160057.01,51753057846.45,77552096054.616
2025-12-17,600519.SH,1381.11877,51.53,205.64254699900187,0.0,15.509406744443396,1726511163172.7507,39033160057.01,51753057846.45,77552096054.616
2025-12-18,600519.SH,1379.0187700000001,51.53,205.64254699900187,0.0,15.509406744443396,1723885991810.651,39033160057.01,51753057846.45,77552096054.616
2025-12-19,600519.SH,1381.97577,51.53,205.64254699900187,0.0,15.509406744443396,1727582483104.8079,39033160057.01,51753057846.45,77552096054.616
2025-12-22,600519.SH,1380.23577,51.53,205.64254699900187,0.0,15.509406744443396,1725407341119.0679,39033160057.01,51753057846.45,77552096054.616
2025-12-23,600519.SH,1379.8357700000001,51.53,205.64254699900187,0.0,15.509406744443396,1724907308478.668,39033160057.01,51753057846.45,77552096054.616
2025-12-24,600519.SH,1372.87577,51.53,205.64254699900187,0.0,15.509406744443396,1716206740535.708,39033160057.01,51753057846.45,77552096054.616
2025-12-25,600519.SH,1386.14577,51.53,205.64254699900187,0.0,15.509406744443396,1732795323380.9778,39033160057.01,51753057846.45,77552096054.616
2025-12-26,600519.SH,1386.1057700000001,51.53,205.64254699900187,0.0,15.509406744443396,1732745320116.938,39033160057.01,51753057846.45,77552096054.616
2025-12-29,600519.SH,1373.97577,51.53,205.64254699900187,0.0,15.509406744443396,1717581830296.8079,39033160057.01,51753057846.45,77552096054.616
2025-12-30,600519.SH,1361.69577,51.53,205.64254699900187,0.0,15.509406744443396,1702230828236.5278,39033160057.01,51753057846.45,77552096054.616
2025-12-31,600519.SH,1349.15577,65.66,195.69747353811346,0.0,19.755526447832263,1686554804959.9878,49875590112.37,51690610946.5,98784080522.01599
2026-01-05,600519.SH,1397.97577,65.66,195.69747353811346,0.0,19.755526447832263,1747583788720.8079,49875590112.37,51690610946.5,98784080522.01599
2026-01-06,600519.SH,1399.98577,65.66,195.69747353811346,0.0,19.755526447832263,1750096452738.8179,49875590112.37,51690610946.5,98784080522.01599
2026-01-07,600519.SH,1395.3357700000001,65.66,195.69747353811346,0.0,19.755526447832263,1744283573294.168,49875590112.37,51690610946.5,98784080522.01599
2026-01-08,600519.SH,1384.2757700000002,65.66,195.69747353811346,0.0,19.755526447832263,1730457670787.108,49875590112.37,51690610946.5,98784080522.01599
2026-01-09,600519.SH,1391.07577,65.66,195.69747353811346,0.0,19.755526447832263,1738958225673.9077,49875590112.37,51690610946.5,98784080522.01599
2026-01-12,600519.SH,1395.2057700000003,65.66,195.69747353811346,0.0,19.755526447832263,1744121062686.038,49875590112.37,51690610946.5,98784080522.01599
2026-01-13,600519.SH,1382.97577,65.66,195.69747353811346,0.0,19.755526447832263,1728832564705.8079,49875590112.37,51690610946.5,98784080522.01599
2026-01-14,600519.SH,1369.98577,65.66,195.69747353811346,0.0,19.755526447832263,1712594004708.8179,49875590112.37,51690610946.5,98784080522.01599
2026-01-15,600519.SH,1360.8657699999999,65.66,195.69747353811346,0.0,19.755526447832263,1701193260507.6975,49875590112.37,51690610946.5,98784080522.01599
2026-01-16,600519.SH,1353.97577,65.66,195.69747353811346,0.0,19.755526447832263,1692580198276.8079,49875590112.37,51690610946.5,98784080522.01599
2026-01-19,600519.SH,1347.97577,65.66,195.69747353811346,0.0,19.755526447832263,1685079708670.8079,49875590112.37,51690610946.5,98784080522.01599
2026-01-20,600519.SH,1345.52577,65.66,195.69747353811346,0.0,19.755526447832263,1682017008748.3577,49875590112.37,51690610946.5,98784080522.01599
2026-01-21,600519.SH,1323.03577,65.66,195.69747353811346,0.0,19.755526447832263,1653902673541.8677,49875590112.37,51690610946.5,98784080522.01599
2026-01-22,600519.SH,1312.03577,65.66,195.69747353811346,0.0,19.755526447832263,1640151775930.8677,49875590112.37,51690610946.5,98784080522.01599
2026-01-23,600519.SH,1308.97577,65.66,195.69747353811346,0.0,19.755526447832263,1636326526231.8079,49875590112.37,51690610946.5,98784080522.01599
2026-01-26,600519.SH,1313.9757700000002,65.66,195.69747353811346,0.0,19.755526447832263,1642576934236.808,49875590112.37,51690610946.5,98784080522.01599
2026-01-27,600519.SH,1314.98577,65.66,195.69747353811346,0.0,19.755526447832263,1643839516653.8179,49875590112.37,51690610946.5,98784080522.01599
2026-01-28,600519.SH,1295.66577,65.66,195.69747353811346,0.0,19.755526447832263,1619687940122.4978,49875590112.37,51690610946.5,98784080522.01599
2026-01-29,600519.SH,1409.69577,65.66,195.69747353811346,0.0,19.755526447832263,1762234745084.5278,49875590112.37,51690610946.5,98784080522.01599
2026-01-30,600519.SH,1372.97577,65.66,195.69747353811346,0.0,19.755526447832263,1716331748695.8079,49875590112.37,51690610946.5,98784080522.01599
2026-02-02,600519.SH,1398.9757700000002,65.66,195.69747353811346,0.0,19.755526447832263,1748833870321.808,49875590112.37,51690610946.5,98784080522.01599
2026-02-03,600519.SH,1446.89577,65.66,195.69747353811346,0.0,19.755526447832263,1808737780641.7278,49875590112.37,51690610946.5,98784080522.01599
2026-02-04,600519.SH,1496.97577,65.66,195.69747353811346,0.0,19.755526447832263,1871341867219.8079,49875590112.37,51690610946.5,98784080522.01599
2026-02-05,600519.SH,1526.97577,65.66,195.69747353811346,0.0,19.755526447832263,1908844315249.8079,49875590112.37,51690610946.5,98784080522.01599
2026-02-06,600519.SH,1486.9857700000002,65.66,195.69747353811346,0.0,19.755526447832263,1858853552025.818,49875590112.37,51690610946.5,98784080522.01599
2026-02-09,600519.SH,1496.93577,65.66,195.69747353811346,0.0,19.755526447832263,1871291863955.7678,49875590112.37,51690610946.5,98784080522.01599
2026-02-10,600519.SH,1476.77577,65.66,195.69747353811346,0.0,19.755526447832263,1846090218879.6077,49875590112.37,51690610946.5,98784080522.01599
2026-02-11,600519.SH,1476.30577,65.66,195.69747353811346,0.0,19.755526447832263,1845502680527.1377,49875590112.37,51690610946.5,98784080522.01599
2026-02-12,600519.SH,1458.5757700000001,65.66,195.69747353811346,0.0,19.755526447832263,1823338733741.408,49875590112.37,51690610946.5,98784080522.01599
2026-02-13,600519.SH,1457.27577,65.66,195.69747353811346,0.0,19.755526447832263,1821713627660.1077,49875590112.37,51690610946.5,98784080522.01599
2026-02-24,600519.SH,1438.7757700000002,65.66,195.69747353811346,0.0,19.755526447832263,1798587118041.608,49875590112.37,51690610946.5,98784080522.01599
2026-02-25,600519.SH,1463.63577,65.66,195.69747353811346,0.0,19.755526447832263,1829664146642.4678,49875590112.37,51690610946.5,98784080522.01599
2026-02-26,600519.SH,1438.18577,65.66,195.69747353811346,0.0,19.755526447832263,1797849569897.0178,49875590112.37,51690610946.5,98784080522.01599
2026-02-27,600519.SH,1426.99577,65.66,195.69747353811346,0.0,19.755526447832263,1783861156781.828,49875590112.37,51690610946.5,98784080522.01599
2026-03-02,600519.SH,1412.0857700000001,65.66,195.69747353811346,0.0,19.755526447832263,1765222440110.918,49875590112.37,51690610946.5,98784080522.01599
2026-03-03,600519.SH,1398.16577,65.66,195.69747353811346,0.0,19.755526447832263,1747821304224.9978,49875590112.37,51690610946.5,98784080522.01599
2026-03-04,600519.SH,1373.1557699999998,65.66,195.69747353811346,0.0,19.755526447832263,1716556763383.9875,49875590112.37,51690610946.5,98784080522.01599
2026-03-05,600519.SH,1371.01577,65.66,195.69747353811346,0.0,19.755526447832263,1713881588757.8477,49875590112.37,51690610946.5,98784080522.01599
2026-03-06,600519.SH,1373.97577,65.66,195.69747353811346,0.0,19.755526447832263,1717581830296.8079,49875590112.37,51690610946.5,98784080522.01599
2026-03-09,600519.SH,1368.97577,65.66,195.69747353811346,0.0,19.755526447832263,1711331422291.8079,49875590112.37,51690610946.5,98784080522.01599
2026-03-10,600519.SH,1373.8557700000001,65.66,195.69747353811346,0.0,19.755526447832263,1717431820504.688,49875590112.37,51690610946.5,98784080522.01599
2026-03-11,600519.SH,1371.97577,65.66,195.69747353811346,0.0,19.755526447832263,1715081667094.8079,49875590112.37,51690610946.5,98784080522.01599
2026-03-12,600519.SH,1363.97577,65.66,195.69747353811346,0.0,19.755526447832263,1705081014286.8079,49875590112.37,51690610946.5,98784080522.01599
2026-03-13,600519.SH,1385.61577,65.66,195.69747353811346,0.0,19.755526447832263,1732132780132.448,49875590112.37,51690610946.5,98784080522.01599
2026-03-16,600519.SH,1432.15577,65.66,195.69747353811346,0.0,19.755526447832263,1790311577842.9878,49875590112.37,51690610946.5,98784080522.01599
2026-03-17,600519.SH,1456.97577,65.66,195.69747353811346,0.0,19.755526447832263,1821338603179.8079,49875590112.37,51690610946.5,98784080522.01599
2026-03-18,600519.SH,1440.7757700000002,65.66,195.69747353811346,0.0,19.755526447832263,1801087281243.608,49875590112.37,51690610946.5,98784080522.01599
2026-03-19,600519.SH,1424.84577,65.66,195.69747353811346,0.0,19.755526447832263,1781173481339.6777,49875590112.37,51690610946.5,98784080522.01599
2026-03-20,600519.SH,1416.97577,65.66,195.69747353811346,0.0,19.755526447832263,1771335339139.8079,49875590112.37,51690610946.5,98784080522.01599
2026-03-23,600519.SH,1380.04577,65.66,195.69747353811346,0.0,19.755526447832263,1725169825614.8777,49875590112.37,51690610946.5,98784080522.01599
2026-03-24,600519.SH,1379.3057700000002,65.66,195.69747353811346,0.0,19.755526447832263,1724244765230.138,49875590112.37,51690610946.5,98784080522.01599
2026-03-25,600519.SH,1382.24577,65.66,195.69747353811346,0.0,19.755526447832263,1727920005137.078,49875590112.37,51690610946.5,98784080522.01599
2026-03-26,600519.SH,1373.15577,65.66,195.69747353811346,0.0,19.755526447832263,1716556763383.9878,49875590112.37,51690610946.5,98784080522.01599
2026-03-27,600519.SH,1387.99577,65.66,195.69747353811346,0.0,19.755526447832263,1735107974342.828,49875590112.37,51690610946.5,98784080522.01599
2026-03-30,600519.SH,1391.97577,65.66,195.69747353811346,0.0,19.755526447832263,1740083299114.8079,49875590112.37,51690610946.5,98784080522.01599
2026-03-31,600519.SH,1421.97577,21.76,216.70108212101425,0.0,6.537776301480818,1777585747144.8079,38782958469.89,48786691397.55,32691015463.739998
2026-04-01,600519.SH,1431.41577,21.76,216.70108212101425,0.0,6.537776301480818,1789386517458.2478,38782958469.89,48786691397.55,32691015463.739998
2026-04-02,600519.SH,1431.8557700000001,21.76,216.70108212101425,0.0,6.537776301480818,1789936553362.688,38782958469.89,48786691397.55,32691015463.739998
2026-04-03,600519.SH,1431.97577,21.76,216.70108212101425,0.0,6.537776301480818,1790086563154.8079,38782958469.89,48786691397.55,32691015463.739998
2026-04-07,600519.SH,1411.99577,21.76,216.70108212101425,0.0,6.537776301480818,1765109932766.828,38782958469.89,48786691397.55,32691015463.739998
2026-04-08,600519.SH,1436.9957700000002,21.76,216.70108212101425,0.0,6.537776301480818,1796361972791.8281,38782958469.89,48786691397.55,32691015463.739998
2026-04-09,600519.SH,1432.46577,21.76,216.70108212101425,0.0,6.537776301480818,1790699103139.2979,38782958469.89,48786691397.55,32691015463.739998
2026-04-10,600519.SH,1425.93577,21.76,216.70108212101425,0.0,6.537776301480818,1782536070284.7678,38782958469.89,48786691397.55,32691015463.739998
2026-04-13,600519.SH,1415.28577,21.76,216.70108212101425,0.0,6.537776301480818,1769222701234.1177,38782958469.89,48786691397.55,32691015463.739998
2026-04-14,600519.SH,1418.87577,21.76,216.70108212101425,0.0,6.537776301480818,1773710494181.708,38782958469.89,48786691397.55,32691015463.739998
2026-04-15,600519.SH,1439.47577,21.76,216.70108212101425,0.0,6.537776301480818,1799462175162.3079,38782958469.89,48786691397.55,32691015463.739998
2026-04-16,600519.SH,1434.81577,21.76,216.70108212101425,0.0,6.537776301480818,1793636794901.6477,38782958469.89,48786691397.55,32691015463.739998
2026-04-17,600519.SH,1379.21577,21.76,216.70108212101425,0.0,6.537776301480818,1724132257886.0479,38782958469.89,48786691397.55,32691015463.739998
2026-04-20,600519.SH,1382.86577,21.76,216.70108212101425,0.0,6.537776301480818,1728695055729.698,38782958469.89,48786691397.55,32691015463.739998
2026-04-21,600519.SH,1383.98577,21.76,216.70108212101425,0.0,6.537776301480818,1730095147122.8179,38782958469.89,48786691397.55,32691015463.739998
2026-04-22,600519.SH,1381.47577,21.76,216.70108212101425,0.0,6.537776301480818,1726957442304.3079,38782958469.89,48786691397.55,32691015463.739998
2026-04-23,600519.SH,1390.9757700000002,21.76,216.70108212101425,0.0,6.537776301480818,1738833217513.808,38782958469.89,48786691397.55,32691015463.739998
2026-04-24,600519.SH,1430.4657700000002,21.76,216.70108212101425,0.0,6.537776301480818,1788198939937.298,38782958469.89,48786691397.55,32691015463.739998
2026-04-27,600519.SH,1375.17577,21.76,216.70108212101425,0.0,6.537776301480818,1719081928218.0078,38782958469.89,48786691397.55,32691015463.739998
2026-04-28,600519.SH,1376.9757700000002,21.76,216.70108212101425,0.0,6.537776301480818,1721332075099.808,38782958469.89,48786691397.55,32691015463.739998
2026-04-29,600519.SH,1373.14577,21.76,216.70108212101425,0.0,6.537776301480818,1716544262567.9778,38782958469.89,48786691397.55,32691015463.739998
2026-04-30,600519.SH,1356.76577,21.76,216.70108212101425,0.0,6.537776301480818,1696067925943.5977,38782958469.89,48786691397.55,32691015463.739998
2026-05-06,600519.SH,1346.97577,21.76,216.70108212101425,0.0,6.537776301480818,1683829627069.8079,38782958469.89,48786691397.55,32691015463.739998
2026-05-07,600519.SH,1343.02577,21.76,216.70108212101425,0.0,6.537776301480818,1678891804745.8577,38782958469.89,48786691397.55,32691015463.739998
2026-05-08,600519.SH,1344.96577,21.76,216.70108212101425,0.0,6.537776301480818,1681316963051.7979,38782958469.89,48786691397.55,32691015463.739998
2026-05-11,600519.SH,1333.30577,21.76,216.70108212101425,0.0,6.537776301480818,1666741011584.1377,38782958469.89,48786691397.55,32691015463.739998
2026-05-12,600519.SH,1326.52577,21.76,216.70108212101425,0.0,6.537776301480818,1658265458329.3577,38782958469.89,48786691397.55,32691015463.739998
2026-05-13,600519.SH,1316.06577,21.76,216.70108212101425,0.0,6.537776301480818,1645189604782.8977,38782958469.89,48786691397.55,32691015463.739998
2026-05-14,600519.SH,1314.14577,21.76,216.70108212101425,0.0,6.537776301480818,1642789448108.9778,38782958469.89,48786691397.55,32691015463.739998
2026-05-15,600519.SH,1304.92577,21.76,216.70108212101425,0.0,6.537776301480818,1631263695747.7578,38782958469.89,48786691397.55,32691015463.739998
2026-05-18,600519.SH,1294.9757700000002,21.76,216.70108212101425,0.0,6.537776301480818,1618825383817.808,38782958469.89,48786691397.55,32691015463.739998
2026-05-19,600519.SH,1296.27577,21.76,216.70108212101425,0.0,6.537776301480818,1620450489899.1077,38782958469.89,48786691397.55,32691015463.739998
2026-05-20,600519.SH,1286.97577,21.76,216.70108212101425,0.0,6.537776301480818,1608824731009.8079,38782958469.89,48786691397.55,32691015463.739998
2026-05-21,600519.SH,1282.97577,21.76,216.70108212101425,0.0,6.537776301480818,1603824404605.8079,38782958469.89,48786691397.55,32691015463.739998
2026-05-22,600519.SH,1262.17577,21.76,216.70108212101425,0.0,6.537776301480818,1577822707305.0078,38782958469.89,48786691397.55,32691015463.739998
2026-05-25,600519.SH,1257.8557700000001,21.76,216.70108212101425,0.0,6.537776301480818,1572422354788.688,38782958469.89,48786691397.55,32691015463.739998
2026-05-26,600519.SH,1245.35577,21.76,216.70108212101425,0.0,6.537776301480818,1556796334776.1877,38782958469.89,48786691397.55,32691015463.739998
2026-05-27,600519.SH,1274.9757700000002,21.76,216.70108212101425,0.0,6.537776301480818,1593823751797.808,38782958469.89,48786691397.55,32691015463.739998
2026-05-28,600519.SH,1247.95577,21.76,216.70108212101425,0.0,6.537776301480818,1560046546938.7878,38782958469.89,48786691397.55,32691015463.739998
2026-05-29,600519.SH,1297.97577,21.76,216.70108212101425,0.0,6.537776301480818,1622575628620.8079,38782958469.89,48786691397.55,32691015463.739998
2024-04-01,000858.SZ,144.287,3.618,36.99584847211536,0.0,1.0855146003301794,560065574217.435,33625333055.82,115826046470.35,16854168648.744
2024-04-02,000858.SZ,142.507,3.618,36.99584847211536,0.0,1.0855146003301794,553156311968.535,33625333055.82,115826046470.35,16854168648.744
2024-04-03,000858.SZ,141.60700000000003,3.618,36.99584847211536,0.0,1.0855146003301794,549662864764.0351,33625333055.82,115826046470.35,16854168648.744
2024-04-08,000858.SZ,134.29700000000003,3.618,36.99584847211536,0.0,1.0855146003301794,521288310247.4851,33625333055.82,115826046470.35,16854168648.744
2024-04-09,000858.SZ,133.48700000000002,3.618,36.99584847211536,0.0,1.0855146003301794,518144207763.4351,33625333055.82,115826046470.35,16854168648.744
2024-04-10,000858.SZ,130.127,3.618,36.99584847211536,0.0,1.0855146003301794,505102004866.635,33625333055.82,115826046470.35,16854168648.744
2024-04-11,000858.SZ,129.347,3.618,36.99584847211536,0.0,1.0855146003301794,502074350622.73505,33625333055.82,115826046470.35,16854168648.744
2024-04-12,000858.SZ,127.49699999999999,3.618,36.99584847211536,0.0,1.0855146003301794,494893375813.4849,33625333055.82,115826046470.35,16854168648.744
2024-04-15,000858.SZ,134.327,3.618,36.99584847211536,0.0,1.0855146003301794,521404758487.635,33625333055.82,115826046470.35,16854168648.744
2024-04-16,000858.SZ,131.977,3.618,36.99584847211536,0.0,1.0855146003301794,512282979675.885,33625333055.82,115826046470.35,16854168648.744
2024-04-17,000858.SZ,132.30700000000002,3.618,36.99584847211536,0.0,1.0855146003301794,513563910317.53503,33625333055.82,115826046470.35,16854168648.744
2024-04-18,000858.SZ,131.98700000000002,3.618,36.99584847211536,0.0,1.0855146003301794,512321795755.9351,33625333055.82,115826046470.35,16854168648.744
2024-04-19,000858.SZ,129.907,3.618,36.99584847211536,0.0,1.0855146003301794,504248051105.53503,33625333055.82,115826046470.35,16854168648.744
2024-04-22,000858.SZ,131.567,3.618,36.99584847211536,0.0,1.0855146003301794,510691520393.835,33625333055.82,115826046470.35,16854168648.744
2024-04-23,000858.SZ,134.037,3.618,36.99584847211536,0.0,1.0855146003301794,520279092166.185,33625333055.82,115826046470.35,16854168648.744
2024-04-24,000858.SZ,135.987,3.618,36.99584847211536,0.0,1.0855146003301794,527848227775.935,33625333055.82,115826046470.35,16854168648.744
2024-04-25,000858.SZ,135.98700000000002,3.618,36.99584847211536,0.0,1.0855146003301794,527848227775.9351,33625333055.82,115826046470.35,16854168648.744
2024-04-26,000858.SZ,139.25700000000003,3.618,36.99584847211536,0.0,1.0855146003301794,540541085952.28516,33625333055.82,115826046470.35,16854168648.744
2024-04-29,000858.SZ,138.757,3.618,36.99584847211536,0.0,1.0855146003301794,538600281949.78503,33625333055.82,115826046470.35,16854168648.744
2024-04-30,000858.SZ,137.437,3.618,36.99584847211536,0.0,1.0855146003301794,533476559383.18506,33625333055.82,115826046470.35,16854168648.744
2024-05-06,000858.SZ,142.01700000000002,3.618,36.99584847211536,0.0,1.0855146003301794,551254324046.0851,33625333055.82,115826046470.35,16854168648.744
2024-05-07,000858.SZ,142.947,3.618,36.99584847211536,0.0,1.0855146003301794,554864219490.735,33625333055.82,115826046470.35,16854168648.744
2024-05-08,000858.SZ,142.007,3.618,36.99584847211536,0.0,1.0855146003301794,551215507966.035,33625333055.82,115826046470.35,16854168648.744
2024-05-09,000858.SZ,141.847,3.618,36.99584847211536,0.0,1.0855146003301794,550594450685.235,33625333055.82,115826046470.35,16854168648.744
2024-05-10,000858.SZ,141.437,3.618,36.99584847211536,0.0,1.0855146003301794,549002991403.18506,33625333055.82,115826046470.35,16854168648.744
2024-05-13,000858.SZ,138.10700000000003,3.618,36.99584847211536,0.0,1.0855146003301794,536077236746.5351,33625333055.82,115826046470.35,16854168648.744
2024-05-14,000858.SZ,138.347,3.618,36.99584847211536,0.0,1.0855146003301794,537008822667.73505,33625333055.82,115826046470.35,16854168648.744
2024-05-15,000858.SZ,138.377,3.618,36.99584847211536,0.0,1.0855146003301794,537125270907.885,33625333055.82,115826046470.35,16854168648.744
2024-05-16,000858.SZ,141.05700000000002,3.618,36.99584847211536,0.0,1.0855146003301794,547527980361.28503,33625333055.82,115826046470.35,16854168648.744
2024-05-17,000858.SZ,143.417,3.618,36.99584847211536,0.0,1.0855146003301794,556688575253.085,33625333055.82,115826046470.35,16854168648.744
2024-05-20,000858.SZ,144.30700000000002,3.618,36.99584847211536,0.0,1.0855146003301794,560143206377.535,33625333055.82,115826046470.35,16854168648.744
2024-05-21,000858.SZ,143.547,3.618,36.99584847211536,0.0,1.0855146003301794,557193184293.735,33625333055.82,115826046470.35,16854168648.744
2024-05-22,000858.SZ,142.127,3.618,36.99584847211536,0.0,1.0855146003301794,551681300926.635,33625333055.82,115826046470.35,16854168648.744
2024-05-23,000858.SZ,140.607,3.618,36.99584847211536,0.0,1.0855146003301794,545781256759.035,33625333055.82,115826046470.35,16854168648.744
2024-05-24,000858.SZ,138.157,3.618,36.99584847211536,0.0,1.0855146003301794,536271317146.78503,33625333055.82,115826046470.35,16854168648.744
2024-05-27,000858.SZ,138.58700000000002,3.618,36.99584847211536,0.0,1.0855146003301794,537940408588.93506,33625333055.82,115826046470.35,16854168648.744
2024-05-28,000858.SZ,137.037,3.618,36.99584847211536,0.0,1.0855146003301794,531923916181.185,33625333055.82,115826046470.35,16854168648.744
2024-05-29,000858.SZ,136.217,3.618,36.99584847211536,0.0,1.0855146003301794,528740997617.085,33625333055.82,115826046470.35,16854168648.744
2024-05-30,000858.SZ,133.267,3.618,36.99584847211536,0.0,1.0855146003301794,517290254002.33496,33625333055.82,115826046470.35,16854168648.744
2024-05-31,000858.SZ,133.707,3.618,36.99584847211536,0.0,1.0855146003301794,518998161524.535,33625333055.82,115826046470.35,16854168648.744
2024-06-03,000858.SZ,132.98700000000002,3.618,36.99584847211536,0.0,1.0855146003301794,516203403760.9351,33625333055.82,115826046470.35,16854168648.744
2024-06-04,000858.SZ,134.787,3.618,36.99584847211536,0.0,1.0855146003301794,523190298169.935,33625333055.82,115826046470.35,16854168648.744
2024-06-05,000858.SZ,132.76700000000002,3.618,36.99584847211536,0.0,1.0855146003301794,515349449999.8351,33625333055.82,115826046470.35,16854168648.744
2024-06-06,000858.SZ,131.907,3.618,36.99584847211536,0.0,1.0855146003301794,512011267115.53503,33625333055.82,115826046470.35,16854168648.744
2024-06-07,000858.SZ,129.347,3.618,36.99584847211536,0.0,1.0855146003301794,502074350622.73505,33625333055.82,115826046470.35,16854168648.744
2024-06-11,000858.SZ,125.487,3.618,36.99584847211536,0.0,1.0855146003301794,487091343723.435,33625333055.82,115826046470.35,16854168648.744
2024-06-12,000858.SZ,124.90700000000002,3.618,36.99584847211536,0.0,1.0855146003301794,484840011080.5351,33625333055.82,115826046470.35,16854168648.744
2024-06-13,000858.SZ,121.56700000000002,3.618,36.99584847211536,0.0,1.0855146003301794,471875440343.8351,33625333055.82,115826046470.35,16854168648.744
2024-06-14,000858.SZ,122.68700000000003,3.618,36.99584847211536,0.0,1.0855146003301794,476222841309.4351,33625333055.82,115826046470.35,16854168648.744
2024-06-17,000858.SZ,122.73700000000004,3.618,36.99584847211536,0.0,1.0855146003301794,476416921709.6851,33625333055.82,115826046470.35,16854168648.744
2024-06-18,000858.SZ,120.89700000000003,3.618,36.99584847211536,0.0,1.0855146003301794,469274762980.4851,33625333055.82,115826046470.35,16854168648.744
2024-06-19,000858.SZ,121.22700000000002,3.618,36.99584847211536,0.0,1.0855146003301794,470555693622.1351,33625333055.82,115826046470.35,16854168648.744
2024-06-20,000858.SZ,119.20700000000002,3.618,36.99584847211536,0.0,1.0855146003301794,462714845452.0351,33625333055.82,115826046470.35,16854168648.744
2024-06-21,000858.SZ,117.20700000000002,3.618,36.99584847211536,0.0,1.0855146003301794,454951629442.0351,33625333055.82,115826046470.35,16854168648.744
2024-06-24,000858.SZ,118.037,3.618,36.99584847211536,0.0,1.0855146003301794,458173364086.185,33625333055.82,115826046470.35,16854168648.744
2024-06-25,000858.SZ,118.517,3.618,36.99584847211536,0.0,1.0855146003301794,460036535928.58496,33625333055.82,115826046470.35,16854168648.744
2024-06-26,000858.SZ,118.30699999999999,3.618,36.99584847211536,0.0,1.0855146003301794,459221398247.535,33625333055.82,115826046470.35,16854168648.744
2024-06-27,000858.SZ,116.65700000000001,3.618,36.99584847211536,0.0,1.0855146003301794,452816745039.28503,33625333055.82,115826046470.35,16854168648.744
2024-06-28,000858.SZ,115.047,3.618,36.99584847211536,0.0,1.0855146003301794,446567356151.235,33625333055.82,115826046470.35,16854168648.744
2024-07-01,000858.SZ,115.30700000000002,4.9095,33.6169858002006,0.0,1.472855798755753,447576574232.53503,51935717475.57,128714842080.74,22868195434.643997
2024-07-02,000858.SZ,118.56700000000001,4.9095,33.6169858002006,0.0,1.472855798755753,460230616328.835,51935717475.57,128714842080.74,22868195434.643997
2024-07-03,000858.SZ,118.007,4.9095,33.6169858002006,0.0,1.472855798755753,458056915846.03503,51935717475.57,128714842080.74,22868195434.643997
2024-07-04,000858.SZ,117.59700000000001,4.9095,33.6169858002006,0.0,1.472855798755753,456465456563.98505,51935717475.57,128714842080.74,22868195434.643997
2024-07-05,000858.SZ,115.95700000000002,4.9095,33.6169858002006,0.0,1.472855798755753,450099619435.7851,51935717475.57,128714842080.74,22868195434.643997
2024-07-08,000858.SZ,112.917,4.9095,33.6169858002006,0.0,1.472855798755753,438299531100.585,51935717475.57,128714842080.74,22868195434.643997
2024-07-09,000858.SZ,114.07700000000001,4.9095,33.6169858002006,0.0,1.472855798755753,442802196386.3851,51935717475.57,128714842080.74,22868195434.643997
2024-07-10,000858.SZ,113.54700000000001,4.9095,33.6169858002006,0.0,1.472855798755753,440744944143.73505,51935717475.57,128714842080.74,22868195434.643997
2024-07-11,000858.SZ,117.487,4.9095,33.6169858002006,0.0,1.472855798755753,456038479683.435,51935717475.57,128714842080.74,22868195434.643997
2024-07-12,000858.SZ,119.07700000000001,4.9095,33.6169858002006,0.0,1.472855798755753,462210236411.3851,51935717475.57,128714842080.74,22868195434.643997
2024-07-15,000858.SZ,119.177,4.9095,33.6169858002006,0.0,1.472855798755753,462598397211.885,51935717475.57,128714842080.74,22868195434.643997
2024-07-16,000858.SZ,119.15700000000001,4.9095,33.6169858002006,0.0,1.472855798755753,462520765051.78503,51935717475.57,128714842080.74,22868195434.643997
2024-07-17,000858.SZ,122.437,4.9095,33.6169858002006,0.0,1.472855798755753,475252439308.185,51935717475.57,128714842080.74,22868195434.643997
2024-07-18,000858.SZ,122.777,4.9095,33.6169858002006,0.0,1.472855798755753,476572186029.885,51935717475.57,128714842080.74,22868195434.643997
2024-07-19,000858.SZ,125.097,4.9095,33.6169858002006,0.0,1.472855798755753,485577516601.485,51935717475.57,128714842080.74,22868195434.643997
2024-07-22,000858.SZ,122.897,4.9095,33.6169858002006,0.0,1.472855798755753,477037978990.48505,51935717475.57,128714842080.74,22868195434.643997
2024-07-23,000858.SZ,118.477,4.9095,33.6169858002006,0.0,1.472855798755753,459881271608.385,51935717475.57,128714842080.74,22868195434.643997
2024-07-24,000858.SZ,117.73700000000001,4.9095,33.6169858002006,0.0,1.472855798755753,457008881684.68506,51935717475.57,128714842080.74,22868195434.643997
2024-07-25,000858.SZ,117.45700000000002,4.9095,33.6169858002006,0.0,1.472855798755753,455922031443.2851,51935717475.57,128714842080.74,22868195434.643997
2024-07-26,000858.SZ,117.87700000000001,4.9095,33.6169858002006,0.0,1.472855798755753,457552306805.385,51935717475.57,128714842080.74,22868195434.643997
2024-07-29,000858.SZ,115.77700000000002,4.9095,33.6169858002006,0.0,1.472855798755753,449400929994.8851,51935717475.57,128714842080.74,22868195434.643997
2024-07-30,000858.SZ,114.96700000000001,4.9095,33.6169858002006,0.0,1.472855798755753,446256827510.835,51935717475.57,128714842080.74,22868195434.643997
2024-07-31,000858.SZ,118.537,4.9095,33.6169858002006,0.0,1.472855798755753,460114168088.685,51935717475.57,128714842080.74,22868195434.643997
2024-08-01,000858.SZ,115.67700000000002,4.9095,33.6169858002006,0.0,1.472855798755753,449012769194.3851,51935717475.57,128714842080.74,22868195434.643997
2024-08-02,000858.SZ,115.377,4.9095,33.6169858002006,0.0,1.472855798755753,447848286792.885,51935717475.57,128714842080.74,22868195434.643997
2024-08-05,000858.SZ,117.67700000000002,4.9095,33.6169858002006,0.0,1.472855798755753,456775985204.3851,51935717475.57,128714842080.74,22868195434.643997
2024-08-06,000858.SZ,117.57700000000001,4.9095,33.6169858002006,0.0,1.472855798755753,456387824403.8851,51935717475.57,128714842080.74,22868195434.643997
2024-08-07,000858.SZ,118.677,4.9095,33.6169858002006,0.0,1.472855798755753,460657593209.385,51935717475.57,128714842080.74,22868195434.643997
2024-08-08,000858.SZ,120.027,4.9095,33.6169858002006,0.0,1.472855798755753,465897764016.135,51935717475.57,128714842080.74,22868195434.643997
2024-08-09,000858.SZ,119.75700000000002,4.9095,33.6169858002006,0.0,1.472855798755753,464849729854.7851,51935717475.57,128714842080.74,22868195434.643997
2024-08-12,000858.SZ,119.38700000000001,4.9095,33.6169858002006,0.0,1.472855798755753,463413534892.93506,51935717475.57,128714842080.74,22868195434.643997
2024-08-13,000858.SZ,117.27700000000002,4.9095,33.6169858002006,0.0,1.472855798755753,455223342002.3851,51935717475.57,128714842080.74,22868195434.643997
2024-08-14,000858.SZ,116.007,4.9095,33.6169858002006,0.0,1.472855798755753,450293699836.03503,51935717475.57,128714842080.74,22868195434.643997
2024-08-15,000858.SZ,116.62700000000001,4.9095,33.6169858002006,0.0,1.472855798755753,452700296799.135,51935717475.57,128714842080.74,22868195434.643997
2024-08-16,000858.SZ,116.68700000000001,4.9095,33.6169858002006,0.0,1.472855798755753,452933193279.43506,51935717475.57,128714842080.74,22868195434.643997
2024-08-19,000858.SZ,115.62700000000001,4.9095,33.6169858002006,0.0,1.472855798755753,448818688794.135,51935717475.57,128714842080.74,22868195434.643997
2024-08-20,000858.SZ,114.827,4.9095,33.6169858002006,0.0,1.472855798755753,445713402390.135,51935717475.57,128714842080.74,22868195434.643997
2024-08-21,000858.SZ,113.87700000000001,4.9095,33.6169858002006,0.0,1.472855798755753,442025874785.385,51935717475.57,128714842080.74,22868195434.643997
2024-08-22,000858.SZ,112.66700000000002,4.9095,33.6169858002006,0.0,1.472855798755753,437329129099.3351,51935717475.57,128714842080.74,22868195434.643997
2024-08-23,000858.SZ,112.787,4.9095,33.6169858002006,0.0,1.472855798755753,437794922059.935,51935717475.57,128714842080.74,22868195434.643997
2024-08-26,000858.SZ,109.79700000000001,4.9095,33.6169858002006,0.0,1.472855798755753,426188914124.98505,51935717475.57,128714842080.74,22868195434.643997
2024-08-27,000858.SZ,109.37700000000001,4.9095,33.6169858002006,0.0,1.472855798755753,424558638762.885,51935717475.57,128714842080.74,22868195434.643997
2024-08-28,000858.SZ,105.677,4.9095,33.6169858002006,0.0,1.472855798755753,410196689144.385,51935717475.57,128714842080.74,22868195434.643997
2024-08-29,000858.SZ,110.45700000000001,4.9095,33.6169858002006,0.0,1.472855798755753,428750775408.28503,51935717475.57,128714842080.74,22868195434.643997
2024-08-30,000858.SZ,114.70700000000001,4.9095,33.6169858002006,0.0,1.472855798755753,445247609429.53503,51935717475.57,128714842080.74,22868195434.643997
2024-09-02,000858.SZ,110.677,4.9095,33.6169858002006,0.0,1.472855798755753,429604729169.385,51935717475.57,128714842080.74,22868195434.643997
2024-09-03,000858.SZ,111.997,4.9095,33.6169858002006,0.0,1.472855798755753,434728451735.985,51935717475.57,128714842080.74,22868195434.643997
2024-09-04,000858.SZ,110.787,4.9095,33.6169858002006,0.0,1.472855798755753,430031706049.935,51935717475.57,128714842080.74,22868195434.643997
2024-09-05,000858.SZ,111.227,4.9095,33.6169858002006,0.0,1.472855798755753,431739613572.135,51935717475.57,128714842080.74,22868195434.643997
2024-09-06,000858.SZ,109.20700000000001,4.9095,33.6169858002006,0.0,1.472855798755753,423898765402.03503,51935717475.57,128714842080.74,22868195434.643997
2024-09-09,000858.SZ,107.897,4.9095,33.6169858002006,0.0,1.472855798755753,418813858915.48505,51935717475.57,128714842080.74,22868195434.643997
2024-09-10,000858.SZ,108.10700000000001,4.9095,33.6169858002006,0.0,1.472855798755753,419628996596.53503,51935717475.57,128714842080.74,22868195434.643997
2024-09-11,000858.SZ,107.68700000000001,4.9095,33.6169858002006,0.0,1.472855798755753,417998721234.43506,51935717475.57,128714842080.74,22868195434.643997
2024-09-12,000858.SZ,105.037,4.9095,33.6169858002006,0.0,1.472855798755753,407712460021.185,51935717475.57,128714842080.74,22868195434.643997
2024-09-13,000858.SZ,100.87700000000001,4.9095,33.6169858002006,0.0,1.472855798755753,391564970720.385,51935717475.57,128714842080.74,22868195434.643997
2024-09-18,000858.SZ,99.36700000000002,4.9095,33.6169858002006,0.0,1.472855798755753,385703742632.8351,51935717475.57,128714842080.74,22868195434.643997
2024-09-19,000858.SZ,102.57700000000001,4.9095,33.6169858002006,0.0,1.472855798755753,398163704328.8851,51935717475.57,128714842080.74,22868195434.643997
2024-09-20,000858.SZ,101.95700000000002,4.9095,33.6169858002006,0.0,1.472855798755753,395757107365.7851,51935717475.57,128714842080.74,22868195434.643997
2024-09-23,000858.SZ,103.96700000000001,4.9095,33.6169858002006,0.0,1.472855798755753,403559139455.835,51935717475.57,128714842080.74,22868195434.643997
2024-09-24,000858.SZ,112.037,4.9095,33.6169858002006,0.0,1.472855798755753,434883716056.185,51935717475.57,128714842080.74,22868195434.643997
2024-09-25,000858.SZ,113.777,4.9095,33.6169858002006,0.0,1.472855798755753,441637713984.885,51935717475.57,128714842080.74,22868195434.643997
2024-09-26,000858.SZ,125.987,4.9095,33.6169858002006,0.0,1.472855798755753,489032147725.935,51935717475.57,128714842080.74,22868195434.643997
2024-09-27,000858.SZ,139.417,4.9095,33.6169858002006,0.0,1.472855798755753,541162143233.085,51935717475.57,128714842080.74,22868195434.643997
2024-09-30,000858.SZ,154.187,6.423,35.13026406532001,0.0,1.9268392782915746,598493493466.935,32600404546.2,125112231144.89,29916939067.859997
2024-10-08,000858.SZ,155.727,6.423,35.13026406532001,0.0,1.9268392782915746,604471169794.635,32600404546.2,125112231144.89,29916939067.859997
2024-10-09,000858.SZ,139.357,6.423,35.13026406532001,0.0,1.9268392782915746,540929246752.785,32600404546.2,125112231144.89,29916939067.859997
2024-10-10,000858.SZ,143.657,6.423,35.13026406532001,0.0,1.9268392782915746,557620161174.285,32600404546.2,125112231144.89,29916939067.859997
2024-10-11,000858.SZ,141.327,6.423,35.13026406532001,0.0,1.9268392782915746,548576014522.635,32600404546.2,125112231144.89,29916939067.859997
2024-10-14,000858.SZ,141.43699999999998,6.423,35.13026406532001,0.0,1.9268392782915746,549002991403.18494,32600404546.2,125112231144.89,29916939067.859997
2024-10-15,000858.SZ,135.677,6.423,35.13026406532001,0.0,1.9268392782915746,526644929294.38495,32600404546.2,125112231144.89,29916939067.859997
2024-10-16,000858.SZ,133.327,6.423,35.13026406532001,0.0,1.9268392782915746,517523150482.635,32600404546.2,125112231144.89,29916939067.859997
2024-10-17,000858.SZ,129.627,6.423,35.13026406532001,0.0,1.9268392782915746,503161200864.135,32600404546.2,125112231144.89,29916939067.859997
2024-10-18,000858.SZ,134.677,6.423,35.13026406532001,0.0,1.9268392782915746,522763321289.38495,32600404546.2,125112231144.89,29916939067.859997
2024-10-21,000858.SZ,134.68699999999998,6.423,35.13026406532001,0.0,1.9268392782915746,522802137369.43494,32600404546.2,125112231144.89,29916939067.859997
2024-10-22,000858.SZ,137.117,6.423,35.13026406532001,0.0,1.9268392782915746,532234444821.58496,32600404546.2,125112231144.89,29916939067.859997
2024-10-23,000858.SZ,140.207,6.423,35.13026406532001,0.0,1.9268392782915746,544228613557.035,32600404546.2,125112231144.89,29916939067.859997
2024-10-24,000858.SZ,138.137,6.423,35.13026406532001,0.0,1.9268392782915746,536193684986.685,32600404546.2,125112231144.89,29916939067.859997
2024-10-25,000858.SZ,139.787,6.423,35.13026406532001,0.0,1.9268392782915746,542598338194.935,32600404546.2,125112231144.89,29916939067.859997
2024-10-28,000858.SZ,145.64700000000002,6.423,35.13026406532001,0.0,1.9268392782915746,565344561104.2351,32600404546.2,125112231144.89,29916939067.859997
2024-10-29,000858.SZ,142.477,6.423,35.13026406532001,0.0,1.9268392782915746,553039863728.385,32600404546.2,125112231144.89,29916939067.859997
2024-10-30,000858.SZ,140.477,6.423,35.13026406532001,0.0,1.9268392782915746,545276647718.385,32600404546.2,125112231144.89,29916939067.859997
2024-10-31,000858.SZ,138.50699999999998,6.423,35.13026406532001,0.0,1.9268392782915746,537629879948.5349,32600404546.2,125112231144.89,29916939067.859997
2024-11-01,000858.SZ,139.59699999999998,6.423,35.13026406532001,0.0,1.9268392782915746,541860832673.9849,32600404546.2,125112231144.89,29916939067.859997
2024-11-04,000858.SZ,140.27700000000002,6.423,35.13026406532001,0.0,1.9268392782915746,544500326117.3851,32600404546.2,125112231144.89,29916939067.859997
2024-11-05,000858.SZ,144.477,6.423,35.13026406532001,0.0,1.9268392782915746,560803079738.385,32600404546.2,125112231144.89,29916939067.859997
2024-11-06,000858.SZ,142.927,6.423,35.13026406532001,0.0,1.9268392782915746,554786587330.635,32600404546.2,125112231144.89,29916939067.859997
2024-11-07,000858.SZ,153.917,6.423,35.13026406532001,0.0,1.9268392782915746,597445459305.585,32600404546.2,125112231144.89,29916939067.859997
2024-11-08,000858.SZ,148.147,6.423,35.13026406532001,0.0,1.9268392782915746,575048581116.735,32600404546.2,125112231144.89,29916939067.859997
2024-11-11,000858.SZ,146.497,6.423,35.13026406532001,0.0,1.9268392782915746,568643927908.4851,32600404546.2,125112231144.89,29916939067.859997
2024-11-12,000858.SZ,145.977,6.423,35.13026406532001,0.0,1.9268392782915746,566625491745.885,32600404546.2,125112231144.89,29916939067.859997
2024-11-13,000858.SZ,145.617,6.423,35.13026406532001,0.0,1.9268392782915746,565228112864.085,32600404546.2,125112231144.89,29916939067.859997
2024-11-14,000858.SZ,145.167,6.423,35.13026406532001,0.0,1.9268392782915746,563481389261.835,32600404546.2,125112231144.89,29916939067.859997
2024-11-15,000858.SZ,142.967,6.423,35.13026406532001,0.0,1.9268392782915746,554941851650.8351,32600404546.2,125112231144.89,29916939067.859997
2024-11-18,000858.SZ,141.007,6.423,35.13026406532001,0.0,1.9268392782915746,547333899961.03503,32600404546.2,125112231144.89,29916939067.859997
2024-11-19,000858.SZ,140.127,6.423,35.13026406532001,0.0,1.9268392782915746,543918084916.635,32600404546.2,125112231144.89,29916939067.859997
2024-11-20,000858.SZ,141.27700000000002,6.423,35.13026406532001,0.0,1.9268392782915746,548381934122.3851,32600404546.2,125112231144.89,29916939067.859997
2024-11-21,000858.SZ,141.177,6.423,35.13026406532001,0.0,1.9268392782915746,547993773321.88495,32600404546.2,125112231144.89,29916939067.859997
2024-11-22,000858.SZ,136.567,6.423,35.13026406532001,0.0,1.9268392782915746,530099560418.835,32600404546.2,125112231144.89,29916939067.859997
2024-11-25,000858.SZ,135.477,6.423,35.13026406532001,0.0,1.9268392782915746,525868607693.385,32600404546.2,125112231144.89,29916939067.859997
2024-11-26,000858.SZ,136.477,6.423,35.13026406532001,0.0,1.9268392782915746,529750215698.385,32600404546.2,125112231144.89,29916939067.859997
2024-11-27,000858.SZ,138.727,6.423,35.13026406532001,0.0,1.9268392782915746,538483833709.635,32600404546.2,125112231144.89,29916939067.859997
2024-11-28,000858.SZ,135.677,6.423,35.13026406532001,0.0,1.9268392782915746,526644929294.38495,32600404546.2,125112231144.89,29916939067.859997
2024-11-29,000858.SZ,138.447,6.423,35.13026406532001,0.0,1.9268392782915746,537396983468.235,32600404546.2,125112231144.89,29916939067.859997
2024-12-02,000858.SZ,139.077,6.423,35.13026406532001,0.0,1.9268392782915746,539842396511.385,32600404546.2,125112231144.89,29916939067.859997
2024-12-03,000858.SZ,138.667,6.423,35.13026406532001,0.0,1.9268392782915746,538250937229.335,32600404546.2,125112231144.89,29916939067.859997
2024-12-04,000858.SZ,137.407,6.423,35.13026406532001,0.0,1.9268392782915746,533360111143.03503,32600404546.2,125112231144.89,29916939067.859997
2024-12-05,000858.SZ,136.707,6.423,35.13026406532001,0.0,1.9268392782915746,530642985539.535,32600404546.2,125112231144.89,29916939067.859997
2024-12-06,000858.SZ,138.117,6.423,35.13026406532001,0.0,1.9268392782915746,536116052826.58496,32600404546.2,125112231144.89,29916939067.859997
2024-12-09,000858.SZ,137.437,6.423,35.13026406532001,0.0,1.9268392782915746,533476559383.18506,32600404546.2,125112231144.89,29916939067.859997
2024-12-10,000858.SZ,140.777,6.423,35.13026406532001,0.0,1.9268392782915746,546441130119.88495,32600404546.2,125112231144.89,29916939067.859997
2024-12-11,000858.SZ,141.077,6.423,35.13026406532001,0.0,1.9268392782915746,547605612521.385,32600404546.2,125112231144.89,29916939067.859997
2024-12-12,000858.SZ,143.49699999999999,6.423,35.13026406532001,0.0,1.9268392782915746,556999103893.485,32600404546.2,125112231144.89,29916939067.859997
2024-12-13,000858.SZ,139.71699999999998,6.423,35.13026406532001,0.0,1.9268392782915746,542326625634.58496,32600404546.2,125112231144.89,29916939067.859997
2024-12-16,000858.SZ,136.267,6.423,35.13026406532001,0.0,1.9268392782915746,528935078017.33496,32600404546.2,125112231144.89,29916939067.859997
2024-12-17,000858.SZ,136.56699999999998,6.423,35.13026406532001,0.0,1.9268392782915746,530099560418.8349,32600404546.2,125112231144.89,29916939067.859997
2024-12-18,000858.SZ,136.87699999999998,6.423,35.13026406532001,0.0,1.9268392782915746,531302858900.38495,32600404546.2,125112231144.89,29916939067.859997
2024-12-19,000858.SZ,135.227,6.423,35.13026406532001,0.0,1.9268392782915746,524898205692.135,32600404546.2,125112231144.89,29916939067.859997
2024-12-20,000858.SZ,134.887,6.423,35.13026406532001,0.0,1.9268392782915746,523578458970.435,32600404546.2,125112231144.89,29916939067.859997
2024-12-23,000858.SZ,134.12699999999998,6.423,35.13026406532001,0.0,1.9268392782915746,520628436886.63495,32600404546.2,125112231144.89,29916939067.859997
2024-12-24,000858.SZ,135.157,6.423,35.13026406532001,0.0,1.9268392782915746,524626493131.78503,32600404546.2,125112231144.89,29916939067.859997
2024-12-25,000858.SZ,134.757,6.423,35.13026406532001,0.0,1.9268392782915746,523073849929.78503,32600404546.2,125112231144.89,29916939067.859997
2024-12-26,000858.SZ,134.16699999999997,6.423,35.13026406532001,0.0,1.9268392782915746,520783701206.8349,32600404546.2,125112231144.89,29916939067.859997
2024-12-27,000858.SZ,134.19699999999997,6.423,35.13026406532001,0.0,1.9268392782915746,520900149446.9849,32600404546.2,125112231144.89,29916939067.859997
2024-12-30,000858.SZ,132.887,6.423,35.13026406532001,0.0,1.9268392782915746,515815242960.435,32600404546.2,125112231144.89,29916939067.859997
2024-12-31,000858.SZ,131.71699999999998,8.2062,34.337646110653566,0.0,2.4618538883588275,511273761594.58496,51857424971.48,127398915484.11,38223807040.776
2025-01-02,000858.SZ,128.667,8.2062,34.337646110653566,0.0,2.4618538883588275,499434857179.335,51857424971.48,127398915484.11,38223807040.776
2025-01-03,000858.SZ,127.077,8.2062,34.337646110653566,0.0,2.4618538883588275,493263100451.385,51857424971.48,127398915484.11,38223807040.776
2025-01-06,000858.SZ,122.50699999999999,8.2062,34.337646110653566,0.0,2.4618538883588275,475524151868.535,51857424971.48,127398915484.11,38223807040.776
2025-01-07,000858.SZ,122.527,8.2062,34.337646110653566,0.0,2.4618538883588275,475601784028.635,51857424971.48,127398915484.11,38223807040.776
2025-01-08,000858.SZ,121.37700000000002,8.2062,34.337646110653566,0.0,2.4618538883588275,471137934822.8851,51857424971.48,127398915484.11,38223807040.776
2025-01-09,000858.SZ,122.25700000000002,8.2062,34.337646110653566,0.0,2.4618538883588275,474553749867.2851,51857424971.48,127398915484.11,38223807040.776
2025-01-10,000858.SZ,120.277,8.2062,34.337646110653566,0.0,2.4618538883588275,466868166017.385,51857424971.48,127398915484.11,38223807040.776
2025-01-13,000858.SZ,120.87700000000002,8.2062,34.337646110653566,0.0,2.4618538883588275,469197130820.3851,51857424971.48,127398915484.11,38223807040.776
2025-01-14,000858.SZ,124.69700000000002,8.2062,34.337646110653566,0.0,2.4618538883588275,484024873399.48505,51857424971.48,127398915484.11,38223807040.776
2025-01-15,000858.SZ,124.44700000000002,8.2062,34.337646110653566,0.0,2.4618538883588275,483054471398.23505,51857424971.48,127398915484.11,38223807040.776
2025-01-16,000858.SZ,123.157,8.2062,34.337646110653566,0.0,2.4618538883588275,478047197071.785,51857424971.48,127398915484.11,38223807040.776
2025-01-17,000858.SZ,123.97700000000002,8.2062,34.337646110653566,0.0,2.4618538883588275,481230115635.8851,51857424971.48,127398915484.11,38223807040.776
2025-01-20,000858.SZ,125.97699999999998,8.2062,34.337646110653566,0.0,2.4618538883588275,488993331645.8849,51857424971.48,127398915484.11,38223807040.776
2025-01-21,000858.SZ,125.06700000000002,8.2062,34.337646110653566,0.0,2.4618538883588275,485461068361.3351,51857424971.48,127398915484.11,38223807040.776
2025-01-22,000858.SZ,122.027,8.2062,34.337646110653566,0.0,2.4618538883588275,473660980026.135,51857424971.48,127398915484.11,38223807040.776
2025-01-23,000858.SZ,122.903,8.2062,34.337646110653566,0.0,2.4618538883588275,477061268638.515,51857424971.48,127398915484.11,38223807040.776
2025-01-24,000858.SZ,121.97300000000001,8.2062,34.337646110653566,0.0,2.4618538883588275,473451373193.86505,51857424971.48,127398915484.11,38223807040.776
2025-01-27,000858.SZ,121.453,8.2062,34.337646110653566,0.0,2.4618538883588275,471432937031.265,51857424971.48,127398915484.11,38223807040.776
2025-02-05,000858.SZ,119.263,8.2062,34.337646110653566,0.0,2.4618538883588275,462932215500.315,51857424971.48,127398915484.11,38223807040.776
2025-02-06,000858.SZ,120.15299999999999,8.2062,34.337646110653566,0.0,2.4618538883588275,466386846624.76495,51857424971.48,127398915484.11,38223807040.776
2025-02-07,000858.SZ,121.88300000000001,8.2062,34.337646110653566,0.0,2.4618538883588275,473102028473.41504,51857424971.48,127398915484.11,38223807040.776
2025-02-10,000858.SZ,121.783,8.2062,34.337646110653566,0.0,2.4618538883588275,472713867672.915,51857424971.48,127398915484.11,38223807040.776
2025-02-11,000858.SZ,120.513,8.2062,34.337646110653566,0.0,2.4618538883588275,467784225506.565,51857424971.48,127398915484.11,38223807040.776
2025-02-12,000858.SZ,121.953,8.2062,34.337646110653566,0.0,2.4618538883588275,473373741033.765,51857424971.48,127398915484.11,38223807040.776
2025-02-13,000858.SZ,125.76299999999998,8.2062,34.337646110653566,0.0,2.4618538883588275,488162667532.8149,51857424971.48,127398915484.11,38223807040.776
2025-02-14,000858.SZ,125.48299999999998,8.2062,34.337646110653566,0.0,2.4618538883588275,487075817291.4149,51857424971.48,127398915484.11,38223807040.776
2025-02-17,000858.SZ,125.803,8.2062,34.337646110653566,0.0,2.4618538883588275,488317931853.015,51857424971.48,127398915484.11,38223807040.776
2025-02-18,000858.SZ,124.45300000000002,8.2062,34.337646110653566,0.0,2.4618538883588275,483077761046.2651,51857424971.48,127398915484.11,38223807040.776
2025-02-19,000858.SZ,125.36300000000001,8.2062,34.337646110653566,0.0,2.4618538883588275,486610024330.81506,51857424971.48,127398915484.11,38223807040.776
2025-02-20,000858.SZ,124.753,8.2062,34.337646110653566,0.0,2.4618538883588275,484242243447.765,51857424971.48,127398915484.11,38223807040.776
2025-02-21,000858.SZ,125.373,8.2062,34.337646110653566,0.0,2.4618538883588275,486648840410.865,51857424971.48,127398915484.11,38223807040.776
2025-02-24,000858.SZ,126.15299999999999,8.2062,34.337646110653566,0.0,2.4618538883588275,489676494654.76495,51857424971.48,127398915484.11,38223807040.776
2025-02-25,000858.SZ,123.003,8.2062,34.337646110653566,0.0,2.4618538883588275,477449429439.015,51857424971.48,127398915484.11,38223807040.776
2025-02-26,000858.SZ,124.05299999999998,8.2062,34.337646110653566,0.0,2.4618538883588275,481525117844.26495,51857424971.48,127398915484.11,38223807040.776
2025-02-27,000858.SZ,127.00299999999999,8.2062,34.337646110653566,0.0,2.4618538883588275,492975861459.01495,51857424971.48,127398915484.11,38223807040.776
2025-02-28,000858.SZ,125.833,8.2062,34.337646110653566,0.0,2.4618538883588275,488434380093.165,51857424971.48,127398915484.11,38223807040.776
2025-03-03,000858.SZ,125.093,8.2062,34.337646110653566,0.0,2.4618538883588275,485561990169.465,51857424971.48,127398915484.11,38223807040.776
2025-03-04,000858.SZ,124.003,8.2062,34.337646110653566,0.0,2.4618538883588275,481331037444.015,51857424971.48,127398915484.11,38223807040.776
2025-03-05,000858.SZ,122.86300000000001,8.2062,34.337646110653566,0.0,2.4618538883588275,476906004318.31506,51857424971.48,127398915484.11,38223807040.776
2025-03-06,000858.SZ,125.93299999999999,8.2062,34.337646110653566,0.0,2.4618538883588275,488822540893.665,51857424971.48,127398915484.11,38223807040.776
2025-03-07,000858.SZ,129.05299999999997,8.2062,34.337646110653566,0.0,2.4618538883588275,500933157869.2649,51857424971.48,127398915484.11,38223807040.776
2025-03-10,000858.SZ,126.94299999999998,8.2062,34.337646110653566,0.0,2.4618538883588275,492742964978.71497,51857424971.48,127398915484.11,38223807040.776
2025-03-11,000858.SZ,129.453,8.2062,34.337646110653566,0.0,2.4618538883588275,502485801071.265,51857424971.48,127398915484.11,38223807040.776
2025-03-12,000858.SZ,127.22299999999998,8.2062,34.337646110653566,0.0,2.4618538883588275,493829815220.1149,51857424971.48,127398915484.11,38223807040.776
2025-03-13,000858.SZ,126.64299999999997,8.2062,34.337646110653566,0.0,2.4618538883588275,491578482577.2149,51857424971.48,127398915484.11,38223807040.776
2025-03-14,000858.SZ,135.053,8.2062,34.337646110653566,0.0,2.4618538883588275,524222805899.265,51857424971.48,127398915484.11,38223807040.776
2025-03-17,000858.SZ,134.093,8.2062,34.337646110653566,0.0,2.4618538883588275,520496462214.46497,51857424971.48,127398915484.11,38223807040.776
2025-03-18,000858.SZ,133.803,8.2062,34.337646110653566,0.0,2.4618538883588275,519370795893.015,51857424971.48,127398915484.11,38223807040.776
2025-03-19,000858.SZ,133.173,8.2062,34.337646110653566,0.0,2.4618538883588275,516925382849.865,51857424971.48,127398915484.11,38223807040.776
2025-03-20,000858.SZ,130.243,8.2062,34.337646110653566,0.0,2.4618538883588275,505552271395.21497,51857424971.48,127398915484.11,38223807040.776
2025-03-21,000858.SZ,128.85299999999998,8.2062,34.337646110653566,0.0,2.4618538883588275,500156836268.26495,51857424971.48,127398915484.11,38223807040.776
2025-03-24,000858.SZ,128.563,8.2062,34.337646110653566,0.0,2.4618538883588275,499031169946.81494,51857424971.48,127398915484.11,38223807040.776
2025-03-25,000858.SZ,127.81299999999999,8.2062,34.337646110653566,0.0,2.4618538883588275,496119963943.06494,51857424971.48,127398915484.11,38223807040.776
2025-03-26,000858.SZ,127.60300000000001,8.2062,34.337646110653566,0.0,2.4618538883588275,495304826262.015,51857424971.48,127398915484.11,38223807040.776
2025-03-27,000858.SZ,128.153,8.2062,34.337646110653566,0.0,2.4618538883588275,497439710664.76495,51857424971.48,127398915484.11,38223807040.776
2025-03-28,000858.SZ,127.483,8.2062,34.337646110653566,0.0,2.4618538883588275,494839033301.41504,51857424971.48,127398915484.11,38223807040.776
2025-03-31,000858.SZ,125.60299999999998,3.828,35.475399599084454,0.0,1.1485136366169462,487541610252.01495,61408466386.8,138550337538.89,17832318902.975998
2025-04-01,000858.SZ,126.043,3.828,35.475399599084454,0.0,1.1485136366169462,489249517774.215,61408466386.8,138550337538.89,17832318902.975998
2025-04-02,000858.SZ,125.403,3.828,35.475399599084454,0.0,1.1485136366169462,486765288651.015,61408466386.8,138550337538.89,17832318902.975998
2025-04-03,000858.SZ,126.25300000000001,3.828,35.475399599084454,0.0,1.1485136366169462,490064655455.2651,61408466386.8,138550337538.89,17832318902.975998
2025-04-07,000858.SZ,121.033,3.828,35.475399599084454,0.0,1.1485136366169462,469802661669.165,61408466386.8,138550337538.89,17832318902.975998
2025-04-08,000858.SZ,125.01299999999999,3.828,35.475399599084454,0.0,1.1485136366169462,485251461529.06494,61408466386.8,138550337538.89,17832318902.975998
2025-04-09,000858.SZ,126.50299999999999,3.828,35.475399599084454,0.0,1.1485136366169462,491035057456.51495,61408466386.8,138550337538.89,17832318902.975998
2025-04-10,000858.SZ,127.40299999999999,3.828,35.475399599084454,0.0,1.1485136366169462,494528504661.01495,61408466386.8,138550337538.89,17832318902.975998
2025-04-11,000858.SZ,125.85300000000001,3.828,35.475399599084454,0.0,1.1485136366169462,488512012253.265,61408466386.8,138550337538.89,17832318902.975998
2025-04-14,000858.SZ,125.29299999999999,3.828,35.475399599084454,0.0,1.1485136366169462,486338311770.46497,61408466386.8,138550337538.89,17832318902.975998
2025-04-15,000858.SZ,125.60300000000001,3.828,35.475399599084454,0.0,1.1485136366169462,487541610252.015,61408466386.8,138550337538.89,17832318902.975998
2025-04-16,000858.SZ,126.553,3.828,35.475399599084454,0.0,1.1485136366169462,491229137856.765,61408466386.8,138550337538.89,17832318902.975998
2025-04-17,000858.SZ,126.78299999999999,3.828,35.475399599084454,0.0,1.1485136366169462,492121907697.915,61408466386.8,138550337538.89,17832318902.975998
2025-04-18,000858.SZ,126.00299999999999,3.828,35.475399599084454,0.0,1.1485136366169462,489094253454.01495,61408466386.8,138550337538.89,17832318902.975998
2025-04-21,000858.SZ,124.593,3.828,35.475399599084454,0.0,1.1485136366169462,483621186166.965,61408466386.8,138550337538.89,17832318902.975998
2025-04-22,000858.SZ,124.353,3.828,35.475399599084454,0.0,1.1485136366169462,482689600245.76495,61408466386.8,138550337538.89,17832318902.975998
2025-04-23,000858.SZ,124.223,3.828,35.475399599084454,0.0,1.1485136366169462,482184991205.115,61408466386.8,138550337538.89,17832318902.975998
2025-04-24,000858.SZ,123.313,3.828,35.475399599084454,0.0,1.1485136366169462,478652727920.565,61408466386.8,138550337538.89,17832318902.975998
2025-04-25,000858.SZ,123.30300000000001,3.828,35.475399599084454,0.0,1.1485136366169462,478613911840.515,61408466386.8,138550337538.89,17832318902.975998
2025-04-28,000858.SZ,125.103,3.828,35.475399599084454,0.0,1.1485136366169462,485600806249.51495,61408466386.8,138550337538.89,17832318902.975998
2025-04-29,000858.SZ,123.80299999999998,3.828,35.475399599084454,0.0,1.1485136366169462,480554715843.01495,61408466386.8,138550337538.89,17832318902.975998
2025-04-30,000858.SZ,122.95300000000002,3.828,35.475399599084454,0.0,1.1485136366169462,477255349038.7651,61408466386.8,138550337538.89,17832318902.975998
2025-05-06,000858.SZ,123.74299999999998,3.828,35.475399599084454,0.0,1.1485136366169462,480321819362.7149,61408466386.8,138550337538.89,17832318902.975998
2025-05-07,000858.SZ,124.24300000000001,3.828,35.475399599084454,0.0,1.1485136366169462,482262623365.215,61408466386.8,138550337538.89,17832318902.975998
2025-05-08,000858.SZ,126.053,3.828,35.475399599084454,0.0,1.1485136366169462,489288333854.265,61408466386.8,138550337538.89,17832318902.975998
2025-05-09,000858.SZ,125.83299999999997,3.828,35.475399599084454,0.0,1.1485136366169462,488434380093.16486,61408466386.8,138550337538.89,17832318902.975998
2025-05-12,000858.SZ,127.22299999999998,3.828,35.475399599084454,0.0,1.1485136366169462,493829815220.1149,61408466386.8,138550337538.89,17832318902.975998
2025-05-13,000858.SZ,127.243,3.828,35.475399599084454,0.0,1.1485136366169462,493907447380.21497,61408466386.8,138550337538.89,17832318902.975998
2025-05-14,000858.SZ,129.513,3.828,35.475399599084454,0.0,1.1485136366169462,502718697551.565,61408466386.8,138550337538.89,17832318902.975998
2025-05-15,000858.SZ,127.923,3.828,35.475399599084454,0.0,1.1485136366169462,496546940823.615,61408466386.8,138550337538.89,17832318902.975998
2025-05-16,000858.SZ,125.33300000000001,3.828,35.475399599084454,0.0,1.1485136366169462,486493576090.66504,61408466386.8,138550337538.89,17832318902.975998
2025-05-19,000858.SZ,123.55299999999998,3.828,35.475399599084454,0.0,1.1485136366169462,479584313841.76495,61408466386.8,138550337538.89,17832318902.975998
2025-05-20,000858.SZ,123.383,3.828,35.475399599084454,0.0,1.1485136366169462,478924440480.915,61408466386.8,138550337538.89,17832318902.975998
2025-05-21,000858.SZ,123.51299999999999,3.828,35.475399599084454,0.0,1.1485136366169462,479429049521.56494,61408466386.8,138550337538.89,17832318902.975998
2025-05-22,000858.SZ,123.343,3.828,35.475399599084454,0.0,1.1485136366169462,478769176160.715,61408466386.8,138550337538.89,17832318902.975998
2025-05-23,000858.SZ,122.403,3.828,35.475399599084454,0.0,1.1485136366169462,475120464636.015,61408466386.8,138550337538.89,17832318902.975998
2025-05-26,000858.SZ,120.663,3.828,35.475399599084454,0.0,1.1485136366169462,468366466707.315,61408466386.8,138550337538.89,17832318902.975998
2025-05-27,000858.SZ,120.413,3.828,35.475399599084454,0.0,1.1485136366169462,467396064706.065,61408466386.8,138550337538.89,17832318902.975998
2025-05-28,000858.SZ,121.173,3.828,35.475399599084454,0.0,1.1485136366169462,470346086789.865,61408466386.8,138550337538.89,17832318902.975998
2025-05-29,000858.SZ,121.57300000000001,3.828,35.475399599084454,0.0,1.1485136366169462,471898729991.86505,61408466386.8,138550337538.89,17832318902.975998
2025-05-30,000858.SZ,120.693,3.828,35.475399599084454,0.0,1.1485136366169462,468482914947.46497,61408466386.8,138550337538.89,17832318902.975998
2025-06-03,000858.SZ,118.933,3.828,35.475399599084454,0.0,1.1485136366169462,461651284858.66504,61408466386.8,138550337538.89,17832318902.975998
2025-06-04,000858.SZ,118.80300000000001,3.828,35.475399599084454,0.0,1.1485136366169462,461146675818.015,61408466386.8,138550337538.89,17832318902.975998
2025-06-05,000858.SZ,119.283,3.828,35.475399599084454,0.0,1.1485136366169462,463009847660.415,61408466386.8,138550337538.89,17832318902.975998
2025-06-06,000858.SZ,119.343,3.828,35.475399599084454,0.0,1.1485136366169462,463242744140.715,61408466386.8,138550337538.89,17832318902.975998
2025-06-09,000858.SZ,119.213,3.828,35.475399599084454,0.0,1.1485136366169462,462738135100.065,61408466386.8,138550337538.89,17832318902.975998
2025-06-10,000858.SZ,118.643,3.828,35.475399599084454,0.0,1.1485136366169462,460525618537.215,61408466386.8,138550337538.89,17832318902.975998
2025-06-11,000858.SZ,118.953,3.828,35.475399599084454,0.0,1.1485136366169462,461728917018.765,61408466386.8,138550337538.89,17832318902.975998
2025-06-12,000858.SZ,116.753,3.828,35.475399599084454,0.0,1.1485136366169462,453189379407.765,61408466386.8,138550337538.89,17832318902.975998
2025-06-13,000858.SZ,113.37299999999999,3.828,35.475399599084454,0.0,1.1485136366169462,440069544350.865,61408466386.8,138550337538.89,17832318902.975998
2025-06-16,000858.SZ,112.523,3.828,35.475399599084454,0.0,1.1485136366169462,436770177546.615,61408466386.8,138550337538.89,17832318902.975998
2025-06-17,000858.SZ,111.96300000000001,3.828,35.475399599084454,0.0,1.1485136366169462,434596477063.815,61408466386.8,138550337538.89,17832318902.975998
2025-06-18,000858.SZ,112.583,3.828,35.475399599084454,0.0,1.1485136366169462,437003074026.915,61408466386.8,138550337538.89,17832318902.975998
2025-06-19,000858.SZ,111.53300000000002,3.828,35.475399599084454,0.0,1.1485136366169462,432927385621.66504,61408466386.8,138550337538.89,17832318902.975998
2025-06-20,000858.SZ,113.813,3.828,35.475399599084454,0.0,1.1485136366169462,441777451873.065,61408466386.8,138550337538.89,17832318902.975998
2025-06-23,000858.SZ,112.533,3.828,35.475399599084454,0.0,1.1485136366169462,436808993626.665,61408466386.8,138550337538.89,17832318902.975998
2025-06-24,000858.SZ,114.003,3.828,35.475399599084454,0.0,1.1485136366169462,442514957394.015,61408466386.8,138550337538.89,17832318902.975998
2025-06-25,000858.SZ,114.43299999999999,3.828,35.475399599084454,0.0,1.1485136366169462,444184048836.165,61408466386.8,138550337538.89,17832318902.975998
2025-06-26,000858.SZ,113.98299999999999,3.828,35.475399599084454,0.0,1.1485136366169462,442437325233.915,61408466386.8,138550337538.89,17832318902.975998
2025-06-27,000858.SZ,113.433,3.828,35.475399599084454,0.0,1.1485136366169462,440302440831.16504,61408466386.8,138550337538.89,17832318902.975998
2025-06-30,000858.SZ,113.153,1.1912,32.359866529915095,0.0,0.3573661257788446,439215590589.765,74104467263.57,148319946342.06,5548620858.156
2025-07-01,000858.SZ,112.883,1.1912,32.359866529915095,0.0,0.3573661257788446,438167556428.415,74104467263.57,148319946342.06,5548620858.156
2025-07-02,000858.SZ,113.433,1.1912,32.359866529915095,0.0,0.3573661257788446,440302440831.16504,74104467263.57,148319946342.06,5548620858.156
2025-07-03,000858.SZ,113.873,1.1912,32.359866529915095,0.0,0.3573661257788446,442010348353.365,74104467263.57,148319946342.06,5548620858.156
2025-07-04,000858.SZ,114.643,1.1912,32.359866529915095,0.0,0.3573661257788446,444999186517.215,74104467263.57,148319946342.06,5548620858.156
2025-07-07,000858.SZ,114.163,1.1912,32.359866529915095,0.0,0.3573661257788446,443136014674.815,74104467263.57,148319946342.06,5548620858.156
2025-07-08,000858.SZ,115.033,1.1912,32.359866529915095,0.0,0.3573661257788446,446513013639.165,74104467263.57,148319946342.06,5548620858.156
2025-07-09,000858.SZ,115.85300000000001,1.1912,32.359866529915095,0.0,0.3573661257788446,449695932203.265,74104467263.57,148319946342.06,5548620858.156
2025-07-10,000858.SZ,116.83300000000001,1.1912,32.359866529915095,0.0,0.3573661257788446,453499908048.16504,74104467263.57,148319946342.06,5548620858.156
2025-07-11,000858.SZ,118.553,1.1912,32.359866529915095,0.0,0.3573661257788446,460176273816.765,74104467263.57,148319946342.06,5548620858.156
2025-07-14,000858.SZ,119.66300000000001,1.1912,32.359866529915095,0.0,0.3573661257788446,464484858702.31506,74104467263.57,148319946342.06,5548620858.156
2025-07-15,000858.SZ,119.25300000000001,1.1912,32.359866529915095,0.0,0.3573661257788446,462893399420.2651,74104467263.57,148319946342.06,5548620858.156
2025-07-16,000858.SZ,119.53300000000002,1.1912,32.359866529915095,0.0,0.3573661257788446,463980249661.66504,74104467263.57,148319946342.06,5548620858.156
2025-07-17,000858.SZ,120.07300000000001,1.1912,32.359866529915095,0.0,0.3573661257788446,466076317984.36505,74104467263.57,148319946342.06,5548620858.156
2025-07-18,000858.SZ,121.202,1.1912,32.359866529915095,0.0,0.3573661257788446,470458653422.01,74104467263.57,148319946342.06,5548620858.156
2025-07-21,000858.SZ,119.982,1.1912,32.359866529915095,0.0,0.3573661257788446,465723091655.91,74104467263.57,148319946342.06,5548620858.156
2025-07-22,000858.SZ,122.952,1.1912,32.359866529915095,0.0,0.3573661257788446,477251467430.76,74104467263.57,148319946342.06,5548620858.156
2025-07-23,000858.SZ,122.622,1.1912,32.359866529915095,0.0,0.3573661257788446,475970536789.11,74104467263.57,148319946342.06,5548620858.156
2025-07-24,000858.SZ,122.972,1.1912,32.359866529915095,0.0,0.3573661257788446,477329099590.86,74104467263.57,148319946342.06,5548620858.156
2025-07-25,000858.SZ,120.96199999999999,1.1912,32.359866529915095,0.0,0.3573661257788446,469527067500.80994,74104467263.57,148319946342.06,5548620858.156
2025-07-28,000858.SZ,121.482,1.1912,32.359866529915095,0.0,0.3573661257788446,471545503663.41,74104467263.57,148319946342.06,5548620858.156
2025-07-29,000858.SZ,120.942,1.1912,32.359866529915095,0.0,0.3573661257788446,469449435340.70996,74104467263.57,148319946342.06,5548620858.156
2025-07-30,000858.SZ,121.942,1.1912,32.359866529915095,0.0,0.3573661257788446,473331043345.70996,74104467263.57,148319946342.06,5548620858.156
2025-07-31,000858.SZ,118.572,1.1912,32.359866529915095,0.0,0.3573661257788446,460250024368.86,74104467263.57,148319946342.06,5548620858.156
2025-08-01,000858.SZ,118.422,1.1912,32.359866529915095,0.0,0.3573661257788446,459667783168.11,74104467263.57,148319946342.06,5548620858.156
2025-08-04,000858.SZ,118.342,1.1912,32.359866529915095,0.0,0.3573661257788446,459357254527.71,74104467263.57,148319946342.06,5548620858.156
2025-08-05,000858.SZ,119.372,1.1912,32.359866529915095,0.0,0.3573661257788446,463355310772.86,74104467263.57,148319946342.06,5548620858.156
2025-08-06,000858.SZ,119.58200000000001,1.1912,32.359866529915095,0.0,0.3573661257788446,464170448453.91003,74104467263.57,148319946342.06,5548620858.156
2025-08-07,000858.SZ,119.972,1.1912,32.359866529915095,0.0,0.3573661257788446,465684275575.86,74104467263.57,148319946342.06,5548620858.156
2025-08-08,000858.SZ,119.64200000000001,1.1912,32.359866529915095,0.0,0.3573661257788446,464403344934.21,74104467263.57,148319946342.06,5548620858.156
2025-08-11,000858.SZ,121.362,1.1912,32.359866529915095,0.0,0.3573661257788446,471079710702.81,74104467263.57,148319946342.06,5548620858.156
2025-08-12,000858.SZ,120.61200000000001,1.1912,32.359866529915095,0.0,0.3573661257788446,468168504699.06006,74104467263.57,148319946342.06,5548620858.156
2025-08-13,000858.SZ,120.612,1.1912,32.359866529915095,0.0,0.3573661257788446,468168504699.06,74104467263.57,148319946342.06,5548620858.156
2025-08-14,000858.SZ,120.26199999999999,1.1912,32.359866529915095,0.0,0.3573661257788446,466809941897.30994,74104467263.57,148319946342.06,5548620858.156
2025-08-15,000858.SZ,120.522,1.1912,32.359866529915095,0.0,0.3573661257788446,467819159978.61005,74104467263.57,148319946342.06,5548620858.156
2025-08-18,000858.SZ,121.172,1.1912,32.359866529915095,0.0,0.3573661257788446,470342205181.86,74104467263.57,148319946342.06,5548620858.156
2025-08-19,000858.SZ,121.832,1.1912,32.359866529915095,0.0,0.3573661257788446,472904066465.16,74104467263.57,148319946342.06,5548620858.156
2025-08-20,000858.SZ,123.20200000000001,1.1912,32.359866529915095,0.0,0.3573661257788446,478221869432.0101,74104467263.57,148319946342.06,5548620858.156
2025-08-21,000858.SZ,122.872,1.1912,32.359866529915095,0.0,0.3573661257788446,476940938790.36,74104467263.57,148319946342.06,5548620858.156
2025-08-22,000858.SZ,123.212,1.1912,32.359866529915095,0.0,0.3573661257788446,478260685512.06,74104467263.57,148319946342.06,5548620858.156
2025-08-25,000858.SZ,127.352,1.1912,32.359866529915095,0.0,0.3573661257788446,494330542652.76,74104467263.57,148319946342.06,5548620858.156
2025-08-26,000858.SZ,127.162,1.1912,32.359866529915095,0.0,0.3573661257788446,493593037131.81,74104467263.57,148319946342.06,5548620858.156
2025-08-27,000858.SZ,124.042,1.1912,32.359866529915095,0.0,0.3573661257788446,481482420156.21,74104467263.57,148319946342.06,5548620858.156
2025-08-28,000858.SZ,122.892,1.1912,32.359866529915095,0.0,0.3573661257788446,477018570950.45996,74104467263.57,148319946342.06,5548620858.156
2025-08-29,000858.SZ,126.952,1.1912,32.359866529915095,0.0,0.3573661257788446,492777899450.76,74104467263.57,148319946342.06,5548620858.156
2025-09-01,000858.SZ,126.292,1.1912,32.359866529915095,0.0,0.3573661257788446,490216038167.46,74104467263.57,148319946342.06,5548620858.156
2025-09-02,000858.SZ,125.982,1.1912,32.359866529915095,0.0,0.3573661257788446,489012739685.91,74104467263.57,148319946342.06,5548620858.156
2025-09-03,000858.SZ,124.042,1.1912,32.359866529915095,0.0,0.3573661257788446,481482420156.21,74104467263.57,148319946342.06,5548620858.156
2025-09-04,000858.SZ,122.932,1.1912,32.359866529915095,0.0,0.3573661257788446,477173835270.66003,74104467263.57,148319946342.06,5548620858.156
2025-09-05,000858.SZ,124.232,1.1912,32.359866529915095,0.0,0.3573661257788446,482219925677.16,74104467263.57,148319946342.06,5548620858.156
2025-09-08,000858.SZ,126.512,1.1912,32.359866529915095,0.0,0.3573661257788446,491069991928.56,74104467263.57,148319946342.06,5548620858.156
2025-09-09,000858.SZ,126.22200000000001,1.1912,32.359866529915095,0.0,0.3573661257788446,489944325607.11005,74104467263.57,148319946342.06,5548620858.156
2025-09-10,000858.SZ,125.482,1.1912,32.359866529915095,0.0,0.3573661257788446,487071935683.41,74104467263.57,148319946342.06,5548620858.156
2025-09-11,000858.SZ,125.94200000000001,1.1912,32.359866529915095,0.0,0.3573661257788446,488857475365.71,74104467263.57,148319946342.06,5548620858.156
2025-09-12,000858.SZ,124.612,1.1912,32.359866529915095,0.0,0.3573661257788446,483694936719.06,74104467263.57,148319946342.06,5548620858.156
2025-09-15,000858.SZ,124.07199999999999,1.1912,32.359866529915095,0.0,0.3573661257788446,481598868396.36,74104467263.57,148319946342.06,5548620858.156
2025-09-16,000858.SZ,123.22200000000001,1.1912,32.359866529915095,0.0,0.3573661257788446,478299501592.11005,74104467263.57,148319946342.06,5548620858.156
2025-09-17,000858.SZ,123.382,1.1912,32.359866529915095,0.0,0.3573661257788446,478920558872.91003,74104467263.57,148319946342.06,5548620858.156
2025-09-18,000858.SZ,121.362,1.1912,32.359866529915095,0.0,0.3573661257788446,471079710702.81,74104467263.57,148319946342.06,5548620858.156
2025-09-19,000858.SZ,121.502,1.1912,32.359866529915095,0.0,0.3573661257788446,471623135823.51,74104467263.57,148319946342.06,5548620858.156
2025-09-22,000858.SZ,119.922,1.1912,32.359866529915095,0.0,0.3573661257788446,465490195175.61,74104467263.57,148319946342.06,5548620858.156
2025-09-23,000858.SZ,119.612,1.1912,32.359866529915095,0.0,0.3573661257788446,464286896694.06,74104467263.57,148319946342.06,5548620858.156
2025-09-24,000858.SZ,119.79199999999999,1.1912,32.359866529915095,0.0,0.3573661257788446,464985586134.95996,74104467263.57,148319946342.06,5548620858.156
2025-09-25,000858.SZ,118.94200000000001,1.1912,32.359866529915095,0.0,0.3573661257788446,461686219330.71,74104467263.57,148319946342.06,5548620858.156
2025-09-26,000858.SZ,117.592,1.1912,32.359866529915095,0.0,0.3573661257788446,456446048523.96,74104467263.57,148319946342.06,5548620858.156
2025-09-29,000858.SZ,119.342,1.1912,32.359866529915095,0.0,0.3573661257788446,463238862532.71,74104467263.57,148319946342.06,5548620858.156
2025-09-30,000858.SZ,118.902,1.668,32.83665374662169,0.0,0.500402290790824,461530955010.51,60405702731.41,136305976701.21,7769462150.616
2025-10-09,000858.SZ,118.582,1.668,32.83665374662169,0.0,0.500402290790824,460288840448.91,60405702731.41,136305976701.21,7769462150.616
2025-10-10,000858.SZ,118.152,1.668,32.83665374662169,0.0,0.500402290790824,458619749006.76,60405702731.41,136305976701.21,7769462150.616
2025-10-13,000858.SZ,117.272,1.668,32.83665374662169,0.0,0.500402290790824,455203933962.36005,60405702731.41,136305976701.21,7769462150.616
2025-10-14,000858.SZ,119.49199999999999,1.668,32.83665374662169,0.0,0.500402290790824,463821103733.45996,60405702731.41,136305976701.21,7769462150.616
2025-10-15,000858.SZ,119.492,1.668,32.83665374662169,0.0,0.500402290790824,463821103733.46,60405702731.41,136305976701.21,7769462150.616
2025-10-16,000858.SZ,120.16199999999999,1.668,32.83665374662169,0.0,0.500402290790824,466421781096.81,60405702731.41,136305976701.21,7769462150.616
2025-10-17,000858.SZ,118.492,1.668,32.83665374662169,0.0,0.500402290790824,459939495728.46,60405702731.41,136305976701.21,7769462150.616
2025-10-20,000858.SZ,117.882,1.668,32.83665374662169,0.0,0.500402290790824,457571714845.41003,60405702731.41,136305976701.21,7769462150.616
2025-10-21,000858.SZ,117.94200000000001,1.668,32.83665374662169,0.0,0.500402290790824,457804611325.71,60405702731.41,136305976701.21,7769462150.616
2025-10-22,000858.SZ,117.522,1.668,32.83665374662169,0.0,0.500402290790824,456174335963.61005,60405702731.41,136305976701.21,7769462150.616
2025-10-23,000858.SZ,118.75200000000001,1.668,32.83665374662169,0.0,0.500402290790824,460948713809.76,60405702731.41,136305976701.21,7769462150.616
2025-10-24,000858.SZ,117.712,1.668,32.83665374662169,0.0,0.500402290790824,456911841484.56,60405702731.41,136305976701.21,7769462150.616
2025-10-27,000858.SZ,117.71199999999999,1.668,32.83665374662169,0.0,0.500402290790824,456911841484.55994,60405702731.41,136305976701.21,7769462150.616
2025-10-28,000858.SZ,117.522,1.668,32.83665374662169,0.0,0.500402290790824,456174335963.61005,60405702731.41,136305976701.21,7769462150.616
2025-10-29,000858.SZ,116.25200000000001,1.668,32.83665374662169,0.0,0.500402290790824,451244693797.26,60405702731.41,136305976701.21,7769462150.616
2025-10-30,000858.SZ,115.892,1.668,32.83665374662169,0.0,0.500402290790824,449847314915.45996,60405702731.41,136305976701.21,7769462150.616
2025-10-31,000858.SZ,116.412,1.668,32.83665374662169,0.0,0.500402290790824,451865751078.06,60405702731.41,136305976701.21,7769462150.616
2025-11-03,000858.SZ,116.402,1.668,32.83665374662169,0.0,0.500402290790824,451826934998.01,60405702731.41,136305976701.21,7769462150.616
2025-11-04,000858.SZ,114.58200000000001,1.668,32.83665374662169,0.0,0.500402290790824,444762408428.91003,60405702731.41,136305976701.21,7769462150.616
2025-11-05,000858.SZ,113.602,1.668,32.83665374662169,0.0,0.500402290790824,440958432584.01,60405702731.41,136305976701.21,7769462150.616
2025-11-06,000858.SZ,113.592,1.668,32.83665374662169,0.0,0.500402290790824,440919616503.96,60405702731.41,136305976701.21,7769462150.616
2025-11-07,000858.SZ,114.172,1.668,32.83665374662169,0.0,0.500402290790824,443170949146.86,60405702731.41,136305976701.21,7769462150.616
2025-11-10,000858.SZ,118.22200000000001,1.668,32.83665374662169,0.0,0.500402290790824,458891461567.11005,60405702731.41,136305976701.21,7769462150.616
2025-11-11,000858.SZ,118.202,1.668,32.83665374662169,0.0,0.500402290790824,458813829407.01,60405702731.41,136305976701.21,7769462150.616
2025-11-12,000858.SZ,117.802,1.668,32.83665374662169,0.0,0.500402290790824,457261186205.01,60405702731.41,136305976701.21,7769462150.616
2025-11-13,000858.SZ,118.62199999999999,1.668,32.83665374662169,0.0,0.500402290790824,460444104769.1099,60405702731.41,136305976701.21,7769462150.616
2025-11-14,000858.SZ,117.63199999999999,1.668,32.83665374662169,0.0,0.500402290790824,456601312844.16,60405702731.41,136305976701.21,7769462150.616
2025-11-17,000858.SZ,117.572,1.668,32.83665374662169,0.0,0.500402290790824,456368416363.86,60405702731.41,136305976701.21,7769462150.616
2025-11-18,000858.SZ,117.782,1.668,32.83665374662169,0.0,0.500402290790824,457183554044.91,60405702731.41,136305976701.21,7769462150.616
2025-11-19,000858.SZ,117.312,1.668,32.83665374662169,0.0,0.500402290790824,455359198282.56,60405702731.41,136305976701.21,7769462150.616
2025-11-20,000858.SZ,117.67200000000001,1.668,32.83665374662169,0.0,0.500402290790824,456756577164.36005,60405702731.41,136305976701.21,7769462150.616
2025-11-21,000858.SZ,117.10199999999999,1.668,32.83665374662169,0.0,0.500402290790824,454544060601.50995,60405702731.41,136305976701.21,7769462150.616
2025-11-24,000858.SZ,115.942,1.668,32.83665374662169,0.0,0.500402290790824,450041395315.70996,60405702731.41,136305976701.21,7769462150.616
2025-11-25,000858.SZ,115.932,1.668,32.83665374662169,0.0,0.500402290790824,450002579235.66003,60405702731.41,136305976701.21,7769462150.616
2025-11-26,000858.SZ,115.682,1.668,32.83665374662169,0.0,0.500402290790824,449032177234.41003,60405702731.41,136305976701.21,7769462150.616
2025-11-27,000858.SZ,115.362,1.668,32.83665374662169,0.0,0.500402290790824,447790062672.81,60405702731.41,136305976701.21,7769462150.616
2025-11-28,000858.SZ,115.272,1.668,32.83665374662169,0.0,0.500402290790824,447440717952.36005,60405702731.41,136305976701.21,7769462150.616
2025-12-01,000858.SZ,115.072,1.668,32.83665374662169,0.0,0.500402290790824,446664396351.36,60405702731.41,136305976701.21,7769462150.616
2025-12-02,000858.SZ,113.99199999999999,1.668,32.83665374662169,0.0,0.500402290790824,442472259705.95996,60405702731.41,136305976701.21,7769462150.616
2025-12-03,000858.SZ,113.02199999999999,1.668,32.83665374662169,0.0,0.500402290790824,438707099941.11,60405702731.41,136305976701.21,7769462150.616
2025-12-04,000858.SZ,111.872,1.668,32.83665374662169,0.0,0.500402290790824,434243250735.36,60405702731.41,136305976701.21,7769462150.616
2025-12-05,000858.SZ,112.382,1.668,32.83665374662169,0.0,0.500402290790824,436222870817.91003,60405702731.41,136305976701.21,7769462150.616
2025-12-08,000858.SZ,110.69200000000001,1.668,32.83665374662169,0.0,0.500402290790824,429662953289.46,60405702731.41,136305976701.21,7769462150.616
2025-12-09,000858.SZ,108.30199999999999,1.668,32.83665374662169,0.0,0.500402290790824,420385910157.50995,60405702731.41,136305976701.21,7769462150.616
2025-12-10,000858.SZ,109.042,1.668,32.83665374662169,0.0,0.500402290790824,423258300081.21,60405702731.41,136305976701.21,7769462150.616
2025-12-11,000858.SZ,109.322,1.668,32.83665374662169,0.0,0.500402290790824,424345150322.61,60405702731.41,136305976701.21,7769462150.616
2025-12-12,000858.SZ,109.022,1.668,32.83665374662169,0.0,0.500402290790824,423180667921.11005,60405702731.41,136305976701.21,7769462150.616
2025-12-15,000858.SZ,109.872,1.668,32.83665374662169,0.0,0.500402290790824,426480034725.36,60405702731.41,136305976701.21,7769462150.616
2025-12-16,000858.SZ,110.422,1.668,32.83665374662169,0.0,0.500402290790824,428614919128.11,60405702731.41,136305976701.21,7769462150.616
2025-12-17,000858.SZ,110.822,1.668,32.83665374662169,0.0,0.500402290790824,430167562330.11,60405702731.41,136305976701.21,7769462150.616
2025-12-18,000858.SZ,110.42999999999999,1.668,32.83665374662169,0.0,0.500402290790824,428645971992.14996,60405702731.41,136305976701.21,7769462150.616
2025-12-19,000858.SZ,110.53,1.668,32.83665374662169,0.0,0.500402290790824,429034132792.65,60405702731.41,136305976701.21,7769462150.616
2025-12-22,000858.SZ,110.33,1.668,32.83665374662169,0.0,0.500402290790824,428257811191.64996,60405702731.41,136305976701.21,7769462150.616
2025-12-23,000858.SZ,109.72,1.668,32.83665374662169,0.0,0.500402290790824,425890030308.6,60405702731.41,136305976701.21,7769462150.616
2025-12-24,000858.SZ,109.28,1.668,32.83665374662169,0.0,0.500402290790824,424182122786.4,60405702731.41,136305976701.21,7769462150.616
2025-12-25,000858.SZ,110.60000000000001,1.668,32.83665374662169,0.0,0.500402290790824,429305845353.00006,60405702731.41,136305976701.21,7769462150.616
2025-12-26,000858.SZ,109.78,1.668,32.83665374662169,0.0,0.500402290790824,426122926788.9,60405702731.41,136305976701.21,7769462150.616
2025-12-29,000858.SZ,108.06,1.668,32.83665374662169,0.0,0.500402290790824,419446561020.3,60405702731.41,136305976701.21,7769462150.616
2025-12-30,000858.SZ,107.36,1.668,32.83665374662169,0.0,0.500402290790824,416729435416.8,60405702731.41,136305976701.21,7769462150.616
2025-12-31,000858.SZ,105.94,2.3068,30.897574170421674,0.0,0.69205266407446,411217552049.7,67803587170.33,127014443016.86,10745108643.012
2026-01-05,000858.SZ,107.9,2.3068,30.897574170421674,0.0,0.69205266407446,418825503739.5,67803587170.33,127014443016.86,10745108643.012
2026-01-06,000858.SZ,108.17,2.3068,30.897574170421674,0.0,0.69205266407446,419873537900.85004,67803587170.33,127014443016.86,10745108643.012
2026-01-07,000858.SZ,107.52000000000001,2.3068,30.897574170421674,0.0,0.69205266407446,417350492697.60004,67803587170.33,127014443016.86,10745108643.012
2026-01-08,000858.SZ,106.89999999999999,2.3068,30.897574170421674,0.0,0.69205266407446,414943895734.49994,67803587170.33,127014443016.86,10745108643.012
2026-01-09,000858.SZ,107.14,2.3068,30.897574170421674,0.0,0.69205266407446,415875481655.7,67803587170.33,127014443016.86,10745108643.012
2026-01-12,000858.SZ,108.55,2.3068,30.897574170421674,0.0,0.69205266407446,421348548942.75,67803587170.33,127014443016.86,10745108643.012
2026-01-13,000858.SZ,108.00000000000001,2.3068,30.897574170421674,0.0,0.69205266407446,419213664540.00006,67803587170.33,127014443016.86,10745108643.012
2026-01-14,000858.SZ,107.04,2.3068,30.897574170421674,0.0,0.69205266407446,415487320855.2,67803587170.33,127014443016.86,10745108643.012
2026-01-15,000858.SZ,106.08999999999999,2.3068,30.897574170421674,0.0,0.69205266407446,411799793250.44995,67803587170.33,127014443016.86,10745108643.012
2026-01-16,000858.SZ,105.16,2.3068,30.897574170421674,0.0,0.69205266407446,408189897805.8,67803587170.33,127014443016.86,10745108643.012
2026-01-19,000858.SZ,104.55,2.3068,30.897574170421674,0.0,0.69205266407446,405822116922.75,67803587170.33,127014443016.86,10745108643.012
2026-01-20,000858.SZ,104.91,2.3068,30.897574170421674,0.0,0.69205266407446,407219495804.55,67803587170.33,127014443016.86,10745108643.012
2026-01-21,000858.SZ,103.05,2.3068,30.897574170421674,0.0,0.69205266407446,399999704915.25,67803587170.33,127014443016.86,10745108643.012
2026-01-22,000858.SZ,102.76,2.3068,30.897574170421674,0.0,0.69205266407446,398874038593.80005,67803587170.33,127014443016.86,10745108643.012
2026-01-23,000858.SZ,102.99000000000001,2.3068,30.897574170421674,0.0,0.69205266407446,399766808434.95,67803587170.33,127014443016.86,10745108643.012
2026-01-26,000858.SZ,102.34,2.3068,30.897574170421674,0.0,0.69205266407446,397243763231.7,67803587170.33,127014443016.86,10745108643.012
2026-01-27,000858.SZ,101.02,2.3068,30.897574170421674,0.0,0.69205266407446,392120040665.1,67803587170.33,127014443016.86,10745108643.012
2026-01-28,000858.SZ,100.69999999999999,2.3068,30.897574170421674,0.0,0.69205266407446,390877926103.49994,67803587170.33,127014443016.86,10745108643.012
2026-01-29,000858.SZ,110.77,2.3068,30.897574170421674,0.0,0.69205266407446,429965718713.85,67803587170.33,127014443016.86,10745108643.012
2026-01-30,000858.SZ,105.0,2.3068,30.897574170421674,0.0,0.69205266407446,407568840525.0,67803587170.33,127014443016.86,10745108643.012
2026-02-02,000858.SZ,107.28999999999999,2.3068,30.897574170421674,0.0,0.69205266407446,416457722856.44995,67803587170.33,127014443016.86,10745108643.012
2026-02-03,000858.SZ,107.28000000000002,2.3068,30.897574170421674,0.0,0.69205266407446,416418906776.4001,67803587170.33,127014443016.86,10745108643.012
2026-02-04,000858.SZ,108.52,2.3068,30.897574170421674,0.0,0.69205266407446,421232100702.6,67803587170.33,127014443016.86,10745108643.012
2026-02-05,000858.SZ,108.89,2.3068,30.897574170421674,0.0,0.69205266407446,422668295664.45,67803587170.33,127014443016.86,10745108643.012
2026-02-06,000858.SZ,107.0,2.3068,30.897574170421674,0.0,0.69205266407446,415332056535.0,67803587170.33,127014443016.86,10745108643.012
2026-02-09,000858.SZ,107.36,2.3068,30.897574170421674,0.0,0.69205266407446,416729435416.8,67803587170.33,127014443016.86,10745108643.012
2026-02-10,000858.SZ,106.5,2.3068,30.897574170421674,0.0,0.69205266407446,413391252532.5,67803587170.33,127014443016.86,10745108643.012
2026-02-11,000858.SZ,106.04,2.3068,30.897574170421674,0.0,0.69205266407446,411605712850.2,67803587170.33,127014443016.86,10745108643.012
2026-02-12,000858.SZ,104.62,2.3068,30.897574170421674,0.0,0.69205266407446,406093829483.10004,67803587170.33,127014443016.86,10745108643.012
2026-02-13,000858.SZ,106.06,2.3068,30.897574170421674,0.0,0.69205266407446,411683345010.3,67803587170.33,127014443016.86,10745108643.012
2026-02-24,000858.SZ,105.16,2.3068,30.897574170421674,0.0,0.69205266407446,408189897805.8,67803587170.33,127014443016.86,10745108643.012
2026-02-25,000858.SZ,105.17,2.3068,30.897574170421674,0.0,0.69205266407446,408228713885.85004,67803587170.33,127014443016.86,10745108643.012
2026-02-26,000858.SZ,103.88000000000001,2.3068,30.897574170421674,0.0,0.69205266407446,403221439559.4,67803587170.33,127014443016.86,10745108643.012
2026-02-27,000858.SZ,104.05,2.3068,30.897574170421674,0.0,0.69205266407446,403881312920.25,67803587170.33,127014443016.86,10745108643.012
2026-03-02,000858.SZ,103.22,2.3068,30.897574170421674,0.0,0.69205266407446,400659578276.1,67803587170.33,127014443016.86,10745108643.012
2026-03-03,000858.SZ,102.55000000000001,2.3068,30.897574170421674,0.0,0.69205266407446,398058900912.75006,67803587170.33,127014443016.86,10745108643.012
2026-03-04,000858.SZ,101.02,2.3068,30.897574170421674,0.0,0.69205266407446,392120040665.1,67803587170.33,127014443016.86,10745108643.012
2026-03-05,000858.SZ,101.45,2.3068,30.897574170421674,0.0,0.69205266407446,393789132107.25,67803587170.33,127014443016.86,10745108643.012
2026-03-06,000858.SZ,102.39999999999999,2.3068,30.897574170421674,0.0,0.69205266407446,397476659711.99994,67803587170.33,127014443016.86,10745108643.012
2026-03-09,000858.SZ,101.52,2.3068,30.897574170421674,0.0,0.69205266407446,394060844667.6,67803587170.33,127014443016.86,10745108643.012
2026-03-10,000858.SZ,102.05000000000001,2.3068,30.897574170421674,0.0,0.69205266407446,396118096910.25006,67803587170.33,127014443016.86,10745108643.012
2026-03-11,000858.SZ,102.18,2.3068,30.897574170421674,0.0,0.69205266407446,396622705950.9,67803587170.33,127014443016.86,10745108643.012
2026-03-12,000858.SZ,102.27000000000001,2.3068,30.897574170421674,0.0,0.69205266407446,396972050671.35004,67803587170.33,127014443016.86,10745108643.012
2026-03-13,000858.SZ,102.95,2.3068,30.897574170421674,0.0,0.69205266407446,399611544114.75,67803587170.33,127014443016.86,10745108643.012
2026-03-16,000858.SZ,104.54,2.3068,30.897574170421674,0.0,0.69205266407446,405783300842.7,67803587170.33,127014443016.86,10745108643.012
2026-03-17,000858.SZ,104.79,2.3068,30.897574170421674,0.0,0.69205266407446,406753702843.95,67803587170.33,127014443016.86,10745108643.012
2026-03-18,000858.SZ,103.72,2.3068,30.897574170421674,0.0,0.69205266407446,402600382278.6,67803587170.33,127014443016.86,10745108643.012
2026-03-19,000858.SZ,102.53,2.3068,30.897574170421674,0.0,0.69205266407446,397981268752.65,67803587170.33,127014443016.86,10745108643.012
2026-03-20,000858.SZ,102.4,2.3068,30.897574170421674,0.0,0.69205266407446,397476659712.0,67803587170.33,127014443016.86,10745108643.012
2026-03-23,000858.SZ,100.23,2.3068,30.897574170421674,0.0,0.69205266407446,389053570341.15,67803587170.33,127014443016.86,10745108643.012
2026-03-24,000858.SZ,101.34,2.3068,30.897574170421674,0.0,0.69205266407446,393362155226.7,67803587170.33,127014443016.86,10745108643.012
2026-03-25,000858.SZ,102.44999999999999,2.3068,30.897574170421674,0.0,0.69205266407446,397670740112.24994,67803587170.33,127014443016.86,10745108643.012
2026-03-26,000858.SZ,101.28,2.3068,30.897574170421674,0.0,0.69205266407446,393129258746.4,67803587170.33,127014443016.86,10745108643.012
2026-03-27,000858.SZ,102.64999999999999,2.3068,30.897574170421674,0.0,0.69205266407446,398447061713.24994,67803587170.33,127014443016.86,10745108643.012
2026-03-30,000858.SZ,103.46,2.3068,30.897574170421674,0.0,0.69205266407446,401591164197.3,67803587170.33,127014443016.86,10745108643.012
2026-03-31,000858.SZ,103.27,2.0772,32.97516689855188,0.0,0.6231514050667256,400853658676.35,68159329198.55,124259000313.65,9675317928.935999
2026-04-01,000858.SZ,104.39,2.0772,32.97516689855188,0.0,0.6231514050667256,405201059641.95,68159329198.55,124259000313.65,9675317928.935999
2026-04-02,000858.SZ,105.0,2.0772,32.97516689855188,0.0,0.6231514050667256,407568840525.0,68159329198.55,124259000313.65,9675317928.935999
2026-04-03,000858.SZ,103.49000000000001,2.0772,32.97516689855188,0.0,0.6231514050667256,401707612437.45,68159329198.55,124259000313.65,9675317928.935999
2026-04-07,000858.SZ,103.11000000000001,2.0772,32.97516689855188,0.0,0.6231514050667256,400232601395.55005,68159329198.55,124259000313.65,9675317928.935999
2026-04-08,000858.SZ,104.19000000000001,2.0772,32.97516689855188,0.0,0.6231514050667256,404424738040.9501,68159329198.55,124259000313.65,9675317928.935999
2026-04-09,000858.SZ,102.6,2.0772,32.97516689855188,0.0,0.6231514050667256,398252981313.0,68159329198.55,124259000313.65,9675317928.935999
2026-04-10,000858.SZ,102.07,2.0772,32.97516689855188,0.0,0.6231514050667256,396195729070.35,68159329198.55,124259000313.65,9675317928.935999
2026-04-13,000858.SZ,102.42,2.0772,32.97516689855188,0.0,0.6231514050667256,397554291872.10004,68159329198.55,124259000313.65,9675317928.935999
2026-04-14,000858.SZ,103.1,2.0772,32.97516689855188,0.0,0.6231514050667256,400193785315.5,68159329198.55,124259000313.65,9675317928.935999
2026-04-15,000858.SZ,103.55000000000001,2.0772,32.97516689855188,0.0,0.6231514050667256,401940508917.75006,68159329198.55,124259000313.65,9675317928.935999
2026-04-16,000858.SZ,103.44,2.0772,32.97516689855188,0.0,0.6231514050667256,401513532037.2,68159329198.55,124259000313.65,9675317928.935999
2026-04-17,000858.SZ,101.86,2.0772,32.97516689855188,0.0,0.6231514050667256,395380591389.3,68159329198.55,124259000313.65,9675317928.935999
2026-04-20,000858.SZ,101.35,2.0772,32.97516689855188,0.0,0.6231514050667256,393400971306.75,68159329198.55,124259000313.65,9675317928.935999
2026-04-21,000858.SZ,101.18,2.0772,32.97516689855188,0.0,0.6231514050667256,392741097945.9,68159329198.55,124259000313.65,9675317928.935999
2026-04-22,000858.SZ,100.64000000000001,2.0772,32.97516689855188,0.0,0.6231514050667256,390645029623.2001,68159329198.55,124259000313.65,9675317928.935999
2026-04-23,000858.SZ,101.18,2.0772,32.97516689855188,0.0,0.6231514050667256,392741097945.9,68159329198.55,124259000313.65,9675317928.935999
2026-04-24,000858.SZ,101.27,2.0772,32.97516689855188,0.0,0.6231514050667256,393090442666.35,68159329198.55,124259000313.65,9675317928.935999
2026-04-27,000858.SZ,100.2,2.0772,32.97516689855188,0.0,0.6231514050667256,388937122101.0,68159329198.55,124259000313.65,9675317928.935999
2026-04-28,000858.SZ,100.2,2.0772,32.97516689855188,0.0,0.6231514050667256,388937122101.0,68159329198.55,124259000313.65,9675317928.935999
2026-04-29,000858.SZ,98.34,2.0772,32.97516689855188,0.0,0.6231514050667256,381717331211.7,68159329198.55,124259000313.65,9675317928.935999
2026-04-30,000858.SZ,97.08,2.0772,32.97516689855188,0.0,0.6231514050667256,376826505125.39996,68159329198.55,124259000313.65,9675317928.935999
2026-05-06,000858.SZ,92.26,2.0772,32.97516689855188,0.0,0.6231514050667256,358117154541.30005,68159329198.55,124259000313.65,9675317928.935999
2026-05-07,000858.SZ,92.60000000000001,2.0772,32.97516689855188,0.0,0.6231514050667256,359436901263.00006,68159329198.55,124259000313.65,9675317928.935999
2026-05-08,000858.SZ,92.13,2.0772,32.97516689855188,0.0,0.6231514050667256,357612545500.64996,68159329198.55,124259000313.65,9675317928.935999
2026-05-11,000858.SZ,91.81,2.0772,32.97516689855188,0.0,0.6231514050667256,356370430939.05,68159329198.55,124259000313.65,9675317928.935999
2026-05-12,000858.SZ,90.56,2.0772,32.97516689855188,0.0,0.6231514050667256,351518420932.8,68159329198.55,124259000313.65,9675317928.935999
2026-05-13,000858.SZ,89.14999999999999,2.0772,32.97516689855188,0.0,0.6231514050667256,346045353645.74994,68159329198.55,124259000313.65,9675317928.935999
2026-05-14,000858.SZ,88.99,2.0772,32.97516689855188,0.0,0.6231514050667256,345424296364.94995,68159329198.55,124259000313.65,9675317928.935999
2026-05-15,000858.SZ,86.87,2.0772,32.97516689855188,0.0,0.6231514050667256,337195287394.35004,68159329198.55,124259000313.65,9675317928.935999
2026-05-18,000858.SZ,85.57000000000001,2.0772,32.97516689855188,0.0,0.6231514050667256,332149196987.85004,68159329198.55,124259000313.65,9675317928.935999
2026-05-19,000858.SZ,85.78,2.0772,32.97516689855188,0.0,0.6231514050667256,332964334668.9,68159329198.55,124259000313.65,9675317928.935999
2026-05-20,000858.SZ,85.47000000000001,2.0772,32.97516689855188,0.0,0.6231514050667256,331761036187.35004,68159329198.55,124259000313.65,9675317928.935999
2026-05-21,000858.SZ,85.35000000000001,2.0772,32.97516689855188,0.0,0.6231514050667256,331295243226.75006,68159329198.55,124259000313.65,9675317928.935999
2026-05-22,000858.SZ,84.03,2.0772,32.97516689855188,0.0,0.6231514050667256,326171520660.15,68159329198.55,124259000313.65,9675317928.935999
2026-05-25,000858.SZ,84.14,2.0772,32.97516689855188,0.0,0.6231514050667256,326598497540.7,68159329198.55,124259000313.65,9675317928.935999
2026-05-26,000858.SZ,83.36,2.0772,32.97516689855188,0.0,0.6231514050667256,323570843296.8,68159329198.55,124259000313.65,9675317928.935999
2026-05-27,000858.SZ,83.89,2.0772,32.97516689855188,0.0,0.6231514050667256,325628095539.45,68159329198.55,124259000313.65,9675317928.935999
2026-05-28,000858.SZ,81.49,2.0772,32.97516689855188,0.0,0.6231514050667256,316312236327.44995,68159329198.55,124259000313.65,9675317928.935999
2026-05-29,000858.SZ,84.89,2.0772,32.97516689855188,0.0,0.6231514050667256,329509703544.45,68159329198.55,124259000313.65,9675317928.935999
2024-04-01,002594.SZ,68.31274266666667,1.57,15.694542646449715,0.0,0.1503354391772468,622820771099.0049,522836586000.0,86796529000.0,5482551600.0
2024-04-02,002594.SZ,68.42274266666668,1.57,15.694542646449715,0.0,0.1503354391772468,623823662831.155,522836586000.0,86796529000.0,5482551600.0
2024-04-03,002594.SZ,67.02940933333335,1.57,15.694542646449715,0.0,0.1503354391772468,611120367557.2551,522836586000.0,86796529000.0,5482551600.0
2024-04-08,002594.SZ,68.30940933333335,1.57,15.694542646449715,0.0,0.1503354391772468,622790380440.4551,522836586000.0,86796529000.0,5482551600.0
2024-04-09,002594.SZ,68.336076,1.57,15.694542646449715,0.0,0.1503354391772468,623033505708.855,522836586000.0,86796529000.0,5482551600.0
2024-04-10,002594.SZ,68.25607600000001,1.57,15.694542646449715,0.0,0.1503354391772468,622304129903.655,522836586000.0,86796529000.0,5482551600.0
2024-04-11,002594.SZ,68.63607600000002,1.57,15.694542646449715,0.0,0.1503354391772468,625768664978.3551,522836586000.0,86796529000.0,5482551600.0
2024-04-12,002594.SZ,67.84274266666667,1.57,15.694542646449715,0.0,0.1503354391772468,618535688243.455,522836586000.0,86796529000.0,5482551600.0
2024-04-15,002594.SZ,68.84940933333334,1.57,15.694542646449715,0.0,0.1503354391772468,627713667125.555,522836586000.0,86796529000.0,5482551600.0
2024-04-16,002594.SZ,68.186076,1.57,15.694542646449715,0.0,0.1503354391772468,621665926074.105,522836586000.0,86796529000.0,5482551600.0
2024-04-17,002594.SZ,68.64274266666668,1.57,15.694542646449715,0.0,0.1503354391772468,625829446295.4551,522836586000.0,86796529000.0,5482551600.0
2024-04-18,002594.SZ,68.84274266666667,1.57,15.694542646449715,0.0,0.1503354391772468,627652885808.455,522836586000.0,86796529000.0,5482551600.0
2024-04-19,002594.SZ,67.686076,1.57,15.694542646449715,0.0,0.1503354391772468,617107327291.605,522836586000.0,86796529000.0,5482551600.0
2024-04-22,002594.SZ,67.16274266666667,1.57,15.694542646449715,0.0,0.1503354391772468,612335993899.255,522836586000.0,86796529000.0,5482551600.0
2024-04-23,002594.SZ,65.98940933333334,1.57,15.694542646449715,0.0,0.1503354391772468,601638482089.655,522836586000.0,86796529000.0,5482551600.0
2024-04-24,002594.SZ,66.78274266666666,1.57,15.694542646449715,0.0,0.1503354391772468,608871458824.5549,522836586000.0,86796529000.0,5482551600.0
2024-04-25,002594.SZ,67.28940933333334,1.57,15.694542646449715,0.0,0.1503354391772468,613490838924.155,522836586000.0,86796529000.0,5482551600.0
2024-04-26,002594.SZ,70.76607600000001,1.57,15.694542646449715,0.0,0.1503354391772468,645188295791.805,522836586000.0,86796529000.0,5482551600.0
2024-04-29,002594.SZ,71.43607600000001,1.57,15.694542646449715,0.0,0.1503354391772468,651296818160.3551,522836586000.0,86796529000.0,5482551600.0
2024-04-30,002594.SZ,70.476076,1.57,15.694542646449715,0.0,0.1503354391772468,642544308497.955,522836586000.0,86796529000.0,5482551600.0
2024-05-06,002594.SZ,73.07607600000001,1.57,15.694542646449715,0.0,0.1503354391772468,666249022166.9551,522836586000.0,86796529000.0,5482551600.0
2024-05-07,002594.SZ,74.26940933333334,1.57,15.694542646449715,0.0,0.1503354391772468,677128877927.855,522836586000.0,86796529000.0,5482551600.0
2024-05-08,002594.SZ,73.05274266666667,1.57,15.694542646449715,0.0,0.1503354391772468,666036287557.105,522836586000.0,86796529000.0,5482551600.0
2024-05-09,002594.SZ,73.69274266666667,1.57,15.694542646449715,0.0,0.1503354391772468,671871293998.705,522836586000.0,86796529000.0,5482551600.0
2024-05-10,002594.SZ,73.57607600000001,1.57,15.694542646449715,0.0,0.1503354391772468,670807620949.4551,522836586000.0,86796529000.0,5482551600.0
2024-05-13,002594.SZ,72.87607600000001,1.57,15.694542646449715,0.0,0.1503354391772468,664425582653.9551,522836586000.0,86796529000.0,5482551600.0
2024-05-14,002594.SZ,72.61274266666668,1.57,15.694542646449715,0.0,0.1503354391772468,662024720628.505,522836586000.0,86796529000.0,5482551600.0
2024-05-15,002594.SZ,70.68940933333334,1.57,15.694542646449715,0.0,0.1503354391772468,644489310645.155,522836586000.0,86796529000.0,5482551600.0
2024-05-16,002594.SZ,70.41274266666667,1.57,15.694542646449715,0.0,0.1503354391772468,641966885985.505,522836586000.0,86796529000.0,5482551600.0
2024-05-17,002594.SZ,70.83940933333334,1.57,15.694542646449715,0.0,0.1503354391772468,645856890279.9049,522836586000.0,86796529000.0,5482551600.0
2024-05-20,002594.SZ,71.93274266666667,1.57,15.694542646449715,0.0,0.1503354391772468,655825026284.3049,522836586000.0,86796529000.0,5482551600.0
2024-05-21,002594.SZ,70.56940933333335,1.57,15.694542646449715,0.0,0.1503354391772468,643395246937.3551,522836586000.0,86796529000.0,5482551600.0
2024-05-22,002594.SZ,69.94940933333334,1.57,15.694542646449715,0.0,0.1503354391772468,637742584447.0549,522836586000.0,86796529000.0,5482551600.0
2024-05-23,002594.SZ,69.29274266666667,1.57,15.694542646449715,0.0,0.1503354391772468,631755624712.705,522836586000.0,86796529000.0,5482551600.0
2024-05-24,002594.SZ,67.40940933333334,1.57,15.694542646449715,0.0,0.1503354391772468,614584902631.9551,522836586000.0,86796529000.0,5482551600.0
2024-05-27,002594.SZ,67.09274266666667,1.57,15.694542646449715,0.0,0.1503354391772468,611697790069.705,522836586000.0,86796529000.0,5482551600.0
2024-05-28,002594.SZ,66.76940933333334,1.57,15.694542646449715,0.0,0.1503354391772468,608749896190.355,522836586000.0,86796529000.0,5482551600.0
2024-05-29,002594.SZ,72.54274266666668,1.57,15.694542646449715,0.0,0.1503354391772468,661386516798.9551,522836586000.0,86796529000.0,5482551600.0
2024-05-30,002594.SZ,73.59607600000001,1.57,15.694542646449715,0.0,0.1503354391772468,670989964900.755,522836586000.0,86796529000.0,5482551600.0
2024-05-31,002594.SZ,73.98274266666668,1.57,15.694542646449715,0.0,0.1503354391772468,674515281292.555,522836586000.0,86796529000.0,5482551600.0
2024-06-03,002594.SZ,76.67607600000001,1.57,15.694542646449715,0.0,0.1503354391772468,699070933400.9551,522836586000.0,86796529000.0,5482551600.0
2024-06-04,002594.SZ,77.026076,1.57,15.694542646449715,0.0,0.1503354391772468,702261952548.705,522836586000.0,86796529000.0,5482551600.0
2024-06-05,002594.SZ,77.90607600000001,1.57,15.694542646449715,0.0,0.1503354391772468,710285086405.905,522836586000.0,86796529000.0,5482551600.0
2024-06-06,002594.SZ,77.14274266666668,1.57,15.694542646449715,0.0,0.1503354391772468,703325625597.9551,522836586000.0,86796529000.0,5482551600.0
2024-06-07,002594.SZ,76.14274266666668,1.57,15.694542646449715,0.0,0.1503354391772468,694208428032.9551,522836586000.0,86796529000.0,5482551600.0
2024-06-11,002594.SZ,79.18607600000001,1.57,15.694542646449715,0.0,0.1503354391772468,721955099289.1051,522836586000.0,86796529000.0,5482551600.0
2024-06-12,002594.SZ,78.60940933333335,1.57,15.694542646449715,0.0,0.1503354391772468,716697515359.9551,522836586000.0,86796529000.0,5482551600.0
2024-06-13,002594.SZ,81.97274266666668,1.57,15.694542646449715,0.0,0.1503354391772468,747361689836.905,522836586000.0,86796529000.0,5482551600.0
2024-06-14,002594.SZ,81.99274266666667,1.57,15.694542646449715,0.0,0.1503354391772468,747544033788.205,522836586000.0,86796529000.0,5482551600.0
2024-06-17,002594.SZ,83.37940933333333,1.57,15.694542646449715,0.0,0.1503354391772468,760186547745.0049,522836586000.0,86796529000.0,5482551600.0
2024-06-18,002594.SZ,82.856076,1.57,15.694542646449715,0.0,0.1503354391772468,755415214352.6549,522836586000.0,86796529000.0,5482551600.0
2024-06-19,002594.SZ,82.30940933333333,1.57,15.694542646449715,0.0,0.1503354391772468,750431146350.455,522836586000.0,86796529000.0,5482551600.0
2024-06-20,002594.SZ,81.476076,1.57,15.694542646449715,0.0,0.1503354391772468,742833481712.955,522836586000.0,86796529000.0,5482551600.0
2024-06-21,002594.SZ,81.19940933333335,1.57,15.694542646449715,0.0,0.1503354391772468,740311057053.305,522836586000.0,86796529000.0,5482551600.0
2024-06-24,002594.SZ,80.95607600000001,1.57,15.694542646449715,0.0,0.1503354391772468,738092538979.155,522836586000.0,86796529000.0,5482551600.0
2024-06-25,002594.SZ,82.31274266666668,1.57,15.694542646449715,0.0,0.1503354391772468,750461537009.005,522836586000.0,86796529000.0,5482551600.0
2024-06-26,002594.SZ,81.88274266666667,1.57,15.694542646449715,0.0,0.1503354391772468,746541142056.055,522836586000.0,86796529000.0,5482551600.0
2024-06-27,002594.SZ,80.80940933333335,1.57,15.694542646449715,0.0,0.1503354391772468,736755350002.9551,522836586000.0,86796529000.0,5482551600.0
2024-06-28,002594.SZ,81.05940933333333,1.57,15.694542646449715,0.0,0.1503354391772468,739034649394.205,522836586000.0,86796529000.0,5482551600.0
2024-07-01,002594.SZ,79.90940933333334,1.56,15.661304143297897,0.0,0.44853443954079764,728549872194.4551,531633632000.0,53053301000.0,16357508400.0
2024-07-02,002594.SZ,78.966076,1.56,15.661304143297897,0.0,0.44853443954079764,719949315824.8049,531633632000.0,53053301000.0,16357508400.0
2024-07-03,002594.SZ,78.67607600000001,1.56,15.661304143297897,0.0,0.44853443954079764,717305328530.9551,531633632000.0,53053301000.0,16357508400.0
2024-07-04,002594.SZ,79.186076,1.56,15.661304143297897,0.0,0.44853443954079764,721955099289.105,531633632000.0,53053301000.0,16357508400.0
2024-07-05,002594.SZ,78.31940933333334,1.56,15.661304143297897,0.0,0.44853443954079764,714053528066.105,531633632000.0,53053301000.0,16357508400.0
2024-07-08,002594.SZ,79.306076,1.56,15.661304143297897,0.0,0.44853443954079764,723049162996.905,531633632000.0,53053301000.0,16357508400.0
2024-07-09,002594.SZ,81.84274266666667,1.56,15.661304143297897,0.0,0.44853443954079764,746176454153.455,531633632000.0,53053301000.0,16357508400.0
2024-07-10,002594.SZ,81.80940933333333,1.56,15.661304143297897,0.0,0.44853443954079764,745872547567.955,531633632000.0,53053301000.0,16357508400.0
2024-07-11,002594.SZ,81.996076,1.56,15.661304143297897,0.0,0.44853443954079764,747574424446.755,531633632000.0,53053301000.0,16357508400.0
2024-07-12,002594.SZ,85.18274266666667,1.56,15.661304143297897,0.0,0.44853443954079764,776627894020.5549,531633632000.0,53053301000.0,16357508400.0
2024-07-15,002594.SZ,84.87940933333334,1.56,15.661304143297897,0.0,0.44853443954079764,773862344092.505,531633632000.0,53053301000.0,16357508400.0
2024-07-16,002594.SZ,83.97274266666668,1.56,15.661304143297897,0.0,0.44853443954079764,765596084966.905,531633632000.0,53053301000.0,16357508400.0
2024-07-17,002594.SZ,84.146076,1.56,15.661304143297897,0.0,0.44853443954079764,767176399211.5049,531633632000.0,53053301000.0,16357508400.0
2024-07-18,002594.SZ,84.786076,1.56,15.661304143297897,0.0,0.44853443954079764,773011405653.1049,531633632000.0,53053301000.0,16357508400.0
2024-07-19,002594.SZ,85.66274266666666,1.56,15.661304143297897,0.0,0.44853443954079764,781004148851.7549,531633632000.0,53053301000.0,16357508400.0
2024-07-22,002594.SZ,86.17940933333334,1.56,15.661304143297897,0.0,0.44853443954079764,785714700927.005,531633632000.0,53053301000.0,16357508400.0
2024-07-23,002594.SZ,82.05274266666667,1.56,15.661304143297897,0.0,0.44853443954079764,748091065642.105,531633632000.0,53053301000.0,16357508400.0
2024-07-24,002594.SZ,80.97274266666668,1.56,15.661304143297897,0.0,0.44853443954079764,738244492271.905,531633632000.0,53053301000.0,16357508400.0
2024-07-25,002594.SZ,81.106076,1.56,15.661304143297897,0.0,0.44853443954079764,739460118613.9049,531633632000.0,53053301000.0,16357508400.0
2024-07-26,002594.SZ,82.62607600000001,1.56,15.661304143297897,0.0,0.44853443954079764,753318258912.7051,531633632000.0,53053301000.0,16357508400.0
2024-07-29,002594.SZ,81.70866666666667,1.56,15.661304143297897,0.0,0.44853443954079764,744954056772.7301,531633632000.0,53053301000.0,16357508400.0
2024-07-30,002594.SZ,79.97866666666667,1.56,15.661304143297897,0.0,0.44853443954079764,729181304985.28,531633632000.0,53053301000.0,16357508400.0
2024-07-31,002594.SZ,81.02533333333334,1.56,15.661304143297897,0.0,0.44853443954079764,738723971769.98,531633632000.0,53053301000.0,16357508400.0
2024-08-01,002594.SZ,80.07533333333333,1.56,15.661304143297897,0.0,0.44853443954079764,730062634083.23,531633632000.0,53053301000.0,16357508400.0
2024-08-02,002594.SZ,76.93533333333333,1.56,15.661304143297897,0.0,0.44853443954079764,701434633729.13,531633632000.0,53053301000.0,16357508400.0
2024-08-05,002594.SZ,75.73533333333333,1.56,15.661304143297897,0.0,0.44853443954079764,690493996651.13,531633632000.0,53053301000.0,16357508400.0
2024-08-06,002594.SZ,74.98866666666667,1.56,15.661304143297897,0.0,0.44853443954079764,683686489135.93,531633632000.0,53053301000.0,16357508400.0
2024-08-07,002594.SZ,74.992,1.56,15.661304143297897,0.0,0.44853443954079764,683716879794.48,531633632000.0,53053301000.0,16357508400.0
2024-08-08,002594.SZ,74.15866666666666,1.56,15.661304143297897,0.0,0.44853443954079764,676119215156.98,531633632000.0,53053301000.0,16357508400.0
2024-08-09,002594.SZ,75.882,1.56,15.661304143297897,0.0,0.44853443954079764,691831185627.3301,531633632000.0,53053301000.0,16357508400.0
2024-08-12,002594.SZ,75.47533333333334,1.56,15.661304143297897,0.0,0.44853443954079764,688123525284.2301,531633632000.0,53053301000.0,16357508400.0
2024-08-13,002594.SZ,74.91866666666667,1.56,15.661304143297897,0.0,0.44853443954079764,683048285306.38,531633632000.0,53053301000.0,16357508400.0
2024-08-14,002594.SZ,74.20866666666667,1.56,15.661304143297897,0.0,0.44853443954079764,676575075035.2301,531633632000.0,53053301000.0,16357508400.0
2024-08-15,002594.SZ,75.83866666666667,1.56,15.661304143297897,0.0,0.44853443954079764,691436107066.18,531633632000.0,53053301000.0,16357508400.0
2024-08-16,002594.SZ,77.04533333333335,1.56,15.661304143297897,0.0,0.44853443954079764,702437525461.2802,531633632000.0,53053301000.0,16357508400.0
2024-08-19,002594.SZ,77.14866666666667,1.56,15.661304143297897,0.0,0.44853443954079764,703379635876.3301,531633632000.0,53053301000.0,16357508400.0
2024-08-20,002594.SZ,77.50200000000001,1.56,15.661304143297897,0.0,0.44853443954079764,706601045682.6301,531633632000.0,53053301000.0,16357508400.0
2024-08-21,002594.SZ,79.00866666666667,1.56,15.661304143297897,0.0,0.44853443954079764,720337623347.23,531633632000.0,53053301000.0,16357508400.0
2024-08-22,002594.SZ,78.84866666666667,1.56,15.661304143297897,0.0,0.44853443954079764,718878871736.8301,531633632000.0,53053301000.0,16357508400.0
2024-08-23,002594.SZ,78.45533333333334,1.56,15.661304143297897,0.0,0.44853443954079764,715292774027.93,531633632000.0,53053301000.0,16357508400.0
2024-08-26,002594.SZ,78.47866666666667,1.56,15.661304143297897,0.0,0.44853443954079764,715505508637.78,531633632000.0,53053301000.0,16357508400.0
2024-08-27,002594.SZ,78.94200000000001,1.56,15.661304143297897,0.0,0.44853443954079764,719729810176.2301,531633632000.0,53053301000.0,16357508400.0
2024-08-28,002594.SZ,77.62533333333334,1.56,15.661304143297897,0.0,0.44853443954079764,707725500048.9801,531633632000.0,53053301000.0,16357508400.0
2024-08-29,002594.SZ,76.95866666666667,1.56,15.661304143297897,0.0,0.44853443954079764,701647368338.9801,531633632000.0,53053301000.0,16357508400.0
2024-08-30,002594.SZ,81.81533333333333,1.56,15.661304143297897,0.0,0.44853443954079764,745926557846.33,531633632000.0,53053301000.0,16357508400.0
2024-09-02,002594.SZ,79.042,1.56,15.661304143297897,0.0,0.44853443954079764,720641529932.73,531633632000.0,53053301000.0,16357508400.0
2024-09-03,002594.SZ,81.03533333333334,1.56,15.661304143297897,0.0,0.44853443954079764,738815143745.6301,531633632000.0,53053301000.0,16357508400.0
2024-09-04,002594.SZ,82.11533333333334,1.56,15.661304143297897,0.0,0.44853443954079764,748661717115.8301,531633632000.0,53053301000.0,16357508400.0
2024-09-05,002594.SZ,82.95866666666667,1.56,15.661304143297897,0.0,0.44853443954079764,756350553728.9801,531633632000.0,53053301000.0,16357508400.0
2024-09-06,002594.SZ,82.54200000000002,1.56,15.661304143297897,0.0,0.44853443954079764,752551721410.2301,531633632000.0,53053301000.0,16357508400.0
2024-09-09,002594.SZ,82.00200000000001,1.56,15.661304143297897,0.0,0.44853443954079764,747628434725.1301,531633632000.0,53053301000.0,16357508400.0
2024-09-10,002594.SZ,81.89200000000001,1.56,15.661304143297897,0.0,0.44853443954079764,746625542992.9801,531633632000.0,53053301000.0,16357508400.0
2024-09-11,002594.SZ,84.70866666666667,1.56,15.661304143297897,0.0,0.44853443954079764,772305649467.7301,531633632000.0,53053301000.0,16357508400.0
2024-09-12,002594.SZ,84.34533333333333,1.56,15.661304143297897,0.0,0.44853443954079764,768993067685.7799,531633632000.0,53053301000.0,16357508400.0
2024-09-13,002594.SZ,83.672,1.56,15.661304143297897,0.0,0.44853443954079764,762854154658.6799,531633632000.0,53053301000.0,16357508400.0
2024-09-18,002594.SZ,84.81866666666667,1.56,15.661304143297897,0.0,0.44853443954079764,773308541199.88,531633632000.0,53053301000.0,16357508400.0
2024-09-19,002594.SZ,83.79533333333335,1.56,15.661304143297897,0.0,0.44853443954079764,763978609025.0302,531633632000.0,53053301000.0,16357508400.0
2024-09-20,002594.SZ,84.04200000000002,1.56,15.661304143297897,0.0,0.44853443954079764,766227517757.7301,531633632000.0,53053301000.0,16357508400.0
2024-09-23,002594.SZ,82.00866666666667,1.56,15.661304143297897,0.0,0.44853443954079764,747689216042.23,531633632000.0,53053301000.0,16357508400.0
2024-09-24,002594.SZ,83.43866666666668,1.56,15.661304143297897,0.0,0.44853443954079764,760726808560.18,531633632000.0,53053301000.0,16357508400.0
2024-09-25,002594.SZ,86.27533333333334,1.56,15.661304143297897,0.0,0.44853443954079764,786589258986.23,531633632000.0,53053301000.0,16357508400.0
2024-09-26,002594.SZ,88.54533333333335,1.56,15.661304143297897,0.0,0.44853443954079764,807285297458.7802,531633632000.0,53053301000.0,16357508400.0
2024-09-27,002594.SZ,93.33866666666667,1.56,15.661304143297897,0.0,0.44853443954079764,850987064453.68,531633632000.0,53053301000.0,16357508400.0
2024-09-30,002594.SZ,101.11200000000001,2.89,17.051554701063452,0.0,0.8304563377090755,921858080192.28,595456788000.0,66319375000.0,30285738000.0
2024-10-08,002594.SZ,107.802,2.89,17.051554701063452,0.0,0.8304563377090755,982852131902.13,595456788000.0,66319375000.0,30285738000.0
2024-10-09,002594.SZ,100.572,2.89,17.051554701063452,0.0,0.8304563377090755,916934793507.18,595456788000.0,66319375000.0,30285738000.0
2024-10-10,002594.SZ,103.97200000000002,2.89,17.051554701063452,0.0,0.8304563377090755,947933265228.1802,595456788000.0,66319375000.0,30285738000.0
2024-10-11,002594.SZ,98.69200000000001,2.89,17.051554701063452,0.0,0.8304563377090755,899794462084.9801,595456788000.0,66319375000.0,30285738000.0
2024-10-14,002594.SZ,101.00866666666667,2.89,17.051554701063452,0.0,0.8304563377090755,920915969777.23,595456788000.0,66319375000.0,30285738000.0
2024-10-15,002594.SZ,98.00866666666667,2.89,17.051554701063452,0.0,0.8304563377090755,893564377082.23,595456788000.0,66319375000.0,30285738000.0
2024-10-16,002594.SZ,95.272,2.89,17.051554701063452,0.0,0.8304563377090755,868613646412.68,595456788000.0,66319375000.0,30285738000.0
2024-10-17,002594.SZ,95.14866666666667,2.89,17.051554701063452,0.0,0.8304563377090755,867489192046.3301,595456788000.0,66319375000.0,30285738000.0
2024-10-18,002594.SZ,98.77533333333334,2.89,17.051554701063452,0.0,0.8304563377090755,900554228548.73,595456788000.0,66319375000.0,30285738000.0
2024-10-21,002594.SZ,100.82533333333335,2.89,17.051554701063452,0.0,0.8304563377090755,919244483556.9801,595456788000.0,66319375000.0,30285738000.0
2024-10-22,002594.SZ,100.25866666666667,2.89,17.051554701063452,0.0,0.8304563377090755,914078071603.48,595456788000.0,66319375000.0,30285738000.0
2024-10-23,002594.SZ,101.63533333333334,2.89,17.051554701063452,0.0,0.8304563377090755,926629413584.63,595456788000.0,66319375000.0,30285738000.0
2024-10-24,002594.SZ,99.902,2.89,17.051554701063452,0.0,0.8304563377090755,910826271138.63,595456788000.0,66319375000.0,30285738000.0
2024-10-25,002594.SZ,101.38866666666667,2.89,17.051554701063452,0.0,0.8304563377090755,924380504851.9299,595456788000.0,66319375000.0,30285738000.0
2024-10-28,002594.SZ,100.37533333333334,2.89,17.051554701063452,0.0,0.8304563377090755,915141744652.7301,595456788000.0,66319375000.0,30285738000.0
2024-10-29,002594.SZ,100.47533333333335,2.89,17.051554701063452,0.0,0.8304563377090755,916053464409.2302,595456788000.0,66319375000.0,30285738000.0
2024-10-30,002594.SZ,100.52533333333334,2.89,17.051554701063452,0.0,0.8304563377090755,916509324287.48,595456788000.0,66319375000.0,30285738000.0
2024-10-31,002594.SZ,96.40533333333333,2.89,17.051554701063452,0.0,0.8304563377090755,878946470319.6799,595456788000.0,66319375000.0,30285738000.0
2024-11-01,002594.SZ,95.44533333333334,2.89,17.051554701063452,0.0,0.8304563377090755,870193960657.28,595456788000.0,66319375000.0,30285738000.0
2024-11-04,002594.SZ,101.00200000000001,2.89,17.051554701063452,0.0,0.8304563377090755,920855188460.1301,595456788000.0,66319375000.0,30285738000.0
2024-11-05,002594.SZ,101.17533333333334,2.89,17.051554701063452,0.0,0.8304563377090755,922435502704.7301,595456788000.0,66319375000.0,30285738000.0
2024-11-06,002594.SZ,98.79533333333335,2.89,17.051554701063452,0.0,0.8304563377090755,900736572500.0302,595456788000.0,66319375000.0,30285738000.0
2024-11-07,002594.SZ,99.26866666666666,2.89,17.051554701063452,0.0,0.8304563377090755,905052046014.13,595456788000.0,66319375000.0,30285738000.0
2024-11-08,002594.SZ,97.97533333333332,2.89,17.051554701063452,0.0,0.8304563377090755,893260470496.73,595456788000.0,66319375000.0,30285738000.0
2024-11-11,002594.SZ,98.43866666666668,2.89,17.051554701063452,0.0,0.8304563377090755,897484772035.18,595456788000.0,66319375000.0,30285738000.0
2024-11-12,002594.SZ,98.94533333333334,2.89,17.051554701063452,0.0,0.8304563377090755,902104152134.78,595456788000.0,66319375000.0,30285738000.0
2024-11-13,002594.SZ,98.86533333333334,2.89,17.051554701063452,0.0,0.8304563377090755,901374776329.5801,595456788000.0,66319375000.0,30285738000.0
2024-11-14,002594.SZ,96.92533333333334,2.89,17.051554701063452,0.0,0.8304563377090755,883687413053.4801,595456788000.0,66319375000.0,30285738000.0
2024-11-15,002594.SZ,95.342,2.89,17.051554701063452,0.0,0.8304563377090755,869251850242.23,595456788000.0,66319375000.0,30285738000.0
2024-11-18,002594.SZ,94.902,2.89,17.051554701063452,0.0,0.8304563377090755,865240283313.63,595456788000.0,66319375000.0,30285738000.0
2024-11-19,002594.SZ,94.67200000000001,2.89,17.051554701063452,0.0,0.8304563377090755,863143327873.68,595456788000.0,66319375000.0,30285738000.0
2024-11-20,002594.SZ,94.82866666666666,2.89,17.051554701063452,0.0,0.8304563377090755,864571688825.53,595456788000.0,66319375000.0,30285738000.0
2024-11-21,002594.SZ,94.00866666666667,2.89,17.051554701063452,0.0,0.8304563377090755,857095586822.23,595456788000.0,66319375000.0,30285738000.0
2024-11-22,002594.SZ,91.50533333333334,2.89,17.051554701063452,0.0,0.8304563377090755,834272202251.18,595456788000.0,66319375000.0,30285738000.0
2024-11-25,002594.SZ,93.00866666666667,2.89,17.051554701063452,0.0,0.8304563377090755,847978389257.23,595456788000.0,66319375000.0,30285738000.0
2024-11-26,002594.SZ,92.34533333333333,2.89,17.051554701063452,0.0,0.8304563377090755,841930648205.7799,595456788000.0,66319375000.0,30285738000.0
2024-11-27,002594.SZ,92.342,2.89,17.051554701063452,0.0,0.8304563377090755,841900257547.23,595456788000.0,66319375000.0,30285738000.0
2024-11-28,002594.SZ,90.202,2.89,17.051554701063452,0.0,0.8304563377090755,822389454758.13,595456788000.0,66319375000.0,30285738000.0
2024-11-29,002594.SZ,90.28533333333333,2.89,17.051554701063452,0.0,0.8304563377090755,823149221221.8799,595456788000.0,66319375000.0,30285738000.0
2024-12-02,002594.SZ,92.80866666666667,2.89,17.051554701063452,0.0,0.8304563377090755,846154949744.23,595456788000.0,66319375000.0,30285738000.0
2024-12-03,002594.SZ,92.892,2.89,17.051554701063452,0.0,0.8304563377090755,846914716207.98,595456788000.0,66319375000.0,30285738000.0
2024-12-04,002594.SZ,92.00200000000001,2.89,17.051554701063452,0.0,0.8304563377090755,838800410375.1301,595456788000.0,66319375000.0,30285738000.0
2024-12-05,002594.SZ,90.42866666666667,2.89,17.051554701063452,0.0,0.8304563377090755,824456019539.53,595456788000.0,66319375000.0,30285738000.0
2024-12-06,002594.SZ,92.10199999999999,2.89,17.051554701063452,0.0,0.8304563377090755,839712130131.6299,595456788000.0,66319375000.0,30285738000.0
2024-12-09,002594.SZ,92.17200000000001,2.89,17.051554701063452,0.0,0.8304563377090755,840350333961.18,595456788000.0,66319375000.0,30285738000.0
2024-12-10,002594.SZ,92.85866666666668,2.89,17.051554701063452,0.0,0.8304563377090755,846610809622.4801,595456788000.0,66319375000.0,30285738000.0
2024-12-11,002594.SZ,92.26533333333334,2.89,17.051554701063452,0.0,0.8304563377090755,841201272400.5801,595456788000.0,66319375000.0,30285738000.0
2024-12-12,002594.SZ,93.23533333333334,2.89,17.051554701063452,0.0,0.8304563377090755,850044954038.6301,595456788000.0,66319375000.0,30285738000.0
2024-12-13,002594.SZ,90.84533333333333,2.89,17.051554701063452,0.0,0.8304563377090755,828254851858.2799,595456788000.0,66319375000.0,30285738000.0
2024-12-16,002594.SZ,90.32533333333333,2.89,17.051554701063452,0.0,0.8304563377090755,823513909124.48,595456788000.0,66319375000.0,30285738000.0
2024-12-17,002594.SZ,92.94200000000001,2.89,17.051554701063452,0.0,0.8304563377090755,847370576086.2301,595456788000.0,66319375000.0,30285738000.0
2024-12-18,002594.SZ,93.55866666666667,2.89,17.051554701063452,0.0,0.8304563377090755,852992847917.98,595456788000.0,66319375000.0,30285738000.0
2024-12-19,002594.SZ,93.80866666666667,2.89,17.051554701063452,0.0,0.8304563377090755,855272147309.23,595456788000.0,66319375000.0,30285738000.0
2024-12-20,002594.SZ,92.07533333333333,2.89,17.051554701063452,0.0,0.8304563377090755,839469004863.23,595456788000.0,66319375000.0,30285738000.0
2024-12-23,002594.SZ,92.242,2.89,17.051554701063452,0.0,0.8304563377090755,840988537790.73,595456788000.0,66319375000.0,30285738000.0
2024-12-24,002594.SZ,94.81533333333334,2.89,17.051554701063452,0.0,0.8304563377090755,864450126191.3301,595456788000.0,66319375000.0,30285738000.0
2024-12-25,002594.SZ,93.98200000000001,2.89,17.051554701063452,0.0,0.8304563377090755,856852461553.8301,595456788000.0,66319375000.0,30285738000.0
2024-12-26,002594.SZ,93.62866666666667,2.89,17.051554701063452,0.0,0.8304563377090755,853631051747.53,595456788000.0,66319375000.0,30285738000.0
2024-12-27,002594.SZ,94.10199999999999,2.89,17.051554701063452,0.0,0.8304563377090755,857946525261.6299,595456788000.0,66319375000.0,30285738000.0
2024-12-30,002594.SZ,93.67200000000001,2.89,17.051554701063452,0.0,0.8304563377090755,854026130308.68,595456788000.0,66319375000.0,30285738000.0
2024-12-31,002594.SZ,92.89533333333334,13.84,20.31886472562142,0.0,1.324563136194362,846945106866.53,584667646000.0,102738734000.0,48305215200.0
2025-01-02,002594.SZ,89.04200000000002,13.84,20.31886472562142,0.0,1.324563136194362,811813505582.7301,584667646000.0,102738734000.0,48305215200.0
2025-01-03,002594.SZ,88.91866666666668,13.84,20.31886472562142,0.0,1.324563136194362,810689051216.3801,584667646000.0,102738734000.0,48305215200.0
2025-01-06,002594.SZ,89.10200000000002,13.84,20.31886472562142,0.0,1.324563136194362,812360537436.6301,584667646000.0,102738734000.0,48305215200.0
2025-01-07,002594.SZ,90.01866666666666,13.84,20.31886472562142,0.0,1.324563136194362,820717968537.88,584667646000.0,102738734000.0,48305215200.0
2025-01-08,002594.SZ,88.402,13.84,20.31886472562142,0.0,1.324563136194362,805978499141.13,584667646000.0,102738734000.0,48305215200.0
2025-01-09,002594.SZ,88.47200000000002,13.84,20.31886472562142,0.0,1.324563136194362,806616702970.6802,584667646000.0,102738734000.0,48305215200.0
2025-01-10,002594.SZ,87.34866666666669,13.84,20.31886472562142,0.0,1.324563136194362,796375051039.3302,584667646000.0,102738734000.0,48305215200.0
2025-01-13,002594.SZ,87.342,13.84,20.31886472562142,0.0,1.324563136194362,796314269722.23,584667646000.0,102738734000.0,48305215200.0
2025-01-14,002594.SZ,90.77533333333334,13.84,20.31886472562142,0.0,1.324563136194362,827616648028.73,584667646000.0,102738734000.0,48305215200.0
2025-01-15,002594.SZ,90.23866666666667,13.84,20.31886472562142,0.0,1.324563136194362,822723752002.18,584667646000.0,102738734000.0,48305215200.0
2025-01-16,002594.SZ,89.59533333333336,13.84,20.31886472562142,0.0,1.324563136194362,816858354902.0303,584667646000.0,102738734000.0,48305215200.0
2025-01-17,002594.SZ,90.87533333333334,13.84,20.31886472562142,0.0,1.324563136194362,828528367785.2301,584667646000.0,102738734000.0,48305215200.0
2025-01-20,002594.SZ,93.48533333333334,13.84,20.31886472562142,0.0,1.324563136194362,852324253429.8801,584667646000.0,102738734000.0,48305215200.0
2025-01-21,002594.SZ,94.02533333333334,13.84,20.31886472562142,0.0,1.324563136194362,857247540114.98,584667646000.0,102738734000.0,48305215200.0
2025-01-22,002594.SZ,92.842,13.84,20.31886472562142,0.0,1.324563136194362,846458856329.73,584667646000.0,102738734000.0,48305215200.0
2025-01-23,002594.SZ,91.04533333333335,13.84,20.31886472562142,0.0,1.324563136194362,830078291371.2802,584667646000.0,102738734000.0,48305215200.0
2025-01-24,002594.SZ,91.702,13.84,20.31886472562142,0.0,1.324563136194362,836065251105.63,584667646000.0,102738734000.0,48305215200.0
2025-01-27,002594.SZ,90.17533333333334,13.84,20.31886472562142,0.0,1.324563136194362,822146329489.7301,584667646000.0,102738734000.0,48305215200.0
2025-02-05,002594.SZ,92.94200000000001,13.84,20.31886472562142,0.0,1.324563136194362,847370576086.2301,584667646000.0,102738734000.0,48305215200.0
2025-02-06,002594.SZ,102.36866666666667,13.84,20.31886472562142,0.0,1.324563136194362,933315358465.63,584667646000.0,102738734000.0,48305215200.0
2025-02-07,002594.SZ,107.642,13.84,20.31886472562142,0.0,1.324563136194362,981393380291.73,584667646000.0,102738734000.0,48305215200.0
2025-02-10,002594.SZ,108.71866666666666,13.84,20.31886472562142,0.0,1.324563136194362,991209563003.38,584667646000.0,102738734000.0,48305215200.0
2025-02-11,002594.SZ,108.642,13.84,20.31886472562142,0.0,1.324563136194362,990510577856.73,584667646000.0,102738734000.0,48305215200.0
2025-02-12,002594.SZ,113.69200000000001,13.84,20.31886472562142,0.0,1.324563136194362,1036552425559.9801,584667646000.0,102738734000.0,48305215200.0
2025-02-13,002594.SZ,112.44200000000001,13.84,20.31886472562142,0.0,1.324563136194362,1025155928603.7301,584667646000.0,102738734000.0,48305215200.0
2025-02-14,002594.SZ,117.35866666666665,13.84,20.31886472562142,0.0,1.324563136194362,1069982149964.9799,584667646000.0,102738734000.0,48305215200.0
2025-02-17,002594.SZ,114.842,13.84,20.31886472562142,0.0,1.324563136194362,1047037202759.73,584667646000.0,102738734000.0,48305215200.0
2025-02-18,002594.SZ,117.41533333333335,13.84,20.31886472562142,0.0,1.324563136194362,1070498791160.3302,584667646000.0,102738734000.0,48305215200.0
2025-02-19,002594.SZ,118.17533333333334,13.84,20.31886472562142,0.0,1.324563136194362,1077427861309.7301,584667646000.0,102738734000.0,48305215200.0
2025-02-20,002594.SZ,119.60199999999999,13.84,20.31886472562142,0.0,1.324563136194362,1090435063169.1299,584667646000.0,102738734000.0,48305215200.0
2025-02-21,002594.SZ,126.342,13.84,20.31886472562142,0.0,1.324563136194362,1151884974757.23,584667646000.0,102738734000.0,48305215200.0
2025-02-24,002594.SZ,124.10200000000002,13.84,20.31886472562142,0.0,1.324563136194362,1131462452211.6301,584667646000.0,102738734000.0,48305215200.0
2025-02-25,002594.SZ,122.83866666666667,13.84,20.31886472562142,0.0,1.324563136194362,1119944392621.18,584667646000.0,102738734000.0,48305215200.0
2025-02-26,002594.SZ,122.70866666666667,13.84,20.31886472562142,0.0,1.324563136194362,1118759156937.73,584667646000.0,102738734000.0,48305215200.0
2025-02-27,002594.SZ,123.842,13.84,20.31886472562142,0.0,1.324563136194362,1129091980844.73,584667646000.0,102738734000.0,48305215200.0
2025-02-28,002594.SZ,119.282,13.84,20.31886472562142,0.0,1.324563136194362,1087517559948.33,584667646000.0,102738734000.0,48305215200.0
2025-03-03,002594.SZ,118.74533333333335,13.84,20.31886472562142,0.0,1.324563136194362,1082624663921.7802,584667646000.0,102738734000.0,48305215200.0
2025-03-04,002594.SZ,113.62200000000001,13.84,20.31886472562142,0.0,1.324563136194362,1035914221730.4302,584667646000.0,102738734000.0,48305215200.0
2025-03-05,002594.SZ,116.66199999999999,13.84,20.31886472562142,0.0,1.324563136194362,1063630502328.0299,584667646000.0,102738734000.0,48305215200.0
2025-03-06,002594.SZ,118.31866666666667,13.84,20.31886472562142,0.0,1.324563136194362,1078734659627.38,584667646000.0,102738734000.0,48305215200.0
2025-03-07,002594.SZ,117.47533333333335,13.84,20.31886472562142,0.0,1.324563136194362,1071045823014.2302,584667646000.0,102738734000.0,48305215200.0
2025-03-10,002594.SZ,115.67533333333334,13.84,20.31886472562142,0.0,1.324563136194362,1054634867397.2301,584667646000.0,102738734000.0,48305215200.0
2025-03-11,002594.SZ,115.46866666666666,13.84,20.31886472562142,0.0,1.324563136194362,1052750646567.13,584667646000.0,102738734000.0,48305215200.0
2025-03-12,002594.SZ,115.67533333333334,13.84,20.31886472562142,0.0,1.324563136194362,1054634867397.2301,584667646000.0,102738734000.0,48305215200.0
2025-03-13,002594.SZ,116.842,13.84,20.31886472562142,0.0,1.324563136194362,1065271597889.73,584667646000.0,102738734000.0,48305215200.0
2025-03-14,002594.SZ,123.98866666666667,13.84,20.31886472562142,0.0,1.324563136194362,1130429169820.9302,584667646000.0,102738734000.0,48305215200.0
2025-03-17,002594.SZ,125.42533333333334,13.84,20.31886472562142,0.0,1.324563136194362,1143527543655.98,584667646000.0,102738734000.0,48305215200.0
2025-03-18,002594.SZ,126.86533333333334,13.84,20.31886472562142,0.0,1.324563136194362,1156656308149.58,584667646000.0,102738734000.0,48305215200.0
2025-03-19,002594.SZ,131.032,13.84,20.31886472562142,0.0,1.324563136194362,1194644631337.08,584667646000.0,102738734000.0,48305215200.0
2025-03-20,002594.SZ,132.00533333333334,13.84,20.31886472562142,0.0,1.324563136194362,1203518703633.6802,584667646000.0,102738734000.0,48305215200.0
2025-03-21,002594.SZ,122.67533333333334,13.84,20.31886472562142,0.0,1.324563136194362,1118455250352.23,584667646000.0,102738734000.0,48305215200.0
2025-03-24,002594.SZ,123.79533333333335,13.84,20.31886472562142,0.0,1.324563136194362,1128666511625.03,584667646000.0,102738734000.0,48305215200.0
2025-03-25,002594.SZ,121.87200000000001,13.84,20.31886472562142,0.0,1.324563136194362,1111131101641.6802,584667646000.0,102738734000.0,48305215200.0
2025-03-26,002594.SZ,124.012,13.84,20.31886472562142,0.0,1.324563136194362,1130641904430.78,584667646000.0,102738734000.0,48305215200.0
2025-03-27,002594.SZ,127.50866666666668,13.84,20.31886472562142,0.0,1.324563136194362,1162521705249.7302,584667646000.0,102738734000.0,48305215200.0
2025-03-28,002594.SZ,126.17533333333334,13.84,20.31886472562142,0.0,1.324563136194362,1150365441829.73,584667646000.0,102738734000.0,48305215200.0
2025-03-31,002594.SZ,123.642,1.0391,25.595729426315224,0.0,0.3012433898047267,1127268541331.73,594365580000.0,117406726000.0,10985982000.0
2025-04-01,002594.SZ,120.50866666666667,1.0391,25.595729426315224,0.0,0.3012433898047267,1098701322294.73,594365580000.0,117406726000.0,10985982000.0
2025-04-02,002594.SZ,118.842,1.0391,25.595729426315224,0.0,0.3012433898047267,1083505993019.73,594365580000.0,117406726000.0,10985982000.0
2025-04-03,002594.SZ,117.84533333333333,1.0391,25.595729426315224,0.0,0.3012433898047267,1074419186113.2799,594365580000.0,117406726000.0,10985982000.0
2025-04-07,002594.SZ,105.92866666666667,1.0391,25.595729426315224,0.0,0.3012433898047267,965772581797.03,594365580000.0,117406726000.0,10985982000.0
2025-04-08,002594.SZ,107.84533333333333,1.0391,25.595729426315224,0.0,0.3012433898047267,983247210463.2799,594365580000.0,117406726000.0,10985982000.0
2025-04-09,002594.SZ,106.87533333333334,1.0391,25.595729426315224,0.0,0.3012433898047267,974403528825.2301,594365580000.0,117406726000.0,10985982000.0
2025-04-10,002594.SZ,110.80866666666667,1.0391,25.595729426315224,0.0,0.3012433898047267,1010264505914.23,594365580000.0,117406726000.0,10985982000.0
2025-04-11,002594.SZ,117.00200000000001,1.0391,25.595729426315224,0.0,0.3012433898047267,1066730349500.1301,594365580000.0,117406726000.0,10985982000.0
2025-04-14,002594.SZ,118.342,1.0391,25.595729426315224,0.0,0.3012433898047267,1078947394237.23,594365580000.0,117406726000.0,10985982000.0
2025-04-15,002594.SZ,118.66533333333332,1.0391,25.595729426315224,0.0,0.3012433898047267,1081895288116.58,594365580000.0,117406726000.0,10985982000.0
2025-04-16,002594.SZ,116.05866666666668,1.0391,25.595729426315224,0.0,0.3012433898047267,1058129793130.4801,594365580000.0,117406726000.0,10985982000.0
2025-04-17,002594.SZ,115.23533333333334,1.0391,25.595729426315224,0.0,0.3012433898047267,1050623300468.6301,594365580000.0,117406726000.0,10985982000.0
2025-04-18,002594.SZ,114.00866666666667,1.0391,25.595729426315224,0.0,0.3012433898047267,1039439538122.23,594365580000.0,117406726000.0,10985982000.0
2025-04-21,002594.SZ,114.92866666666667,1.0391,25.595729426315224,0.0,0.3012433898047267,1047827359882.03,594365580000.0,117406726000.0,10985982000.0
2025-04-22,002594.SZ,116.95533333333334,1.0391,25.595729426315224,0.0,0.3012433898047267,1066304880280.43,594365580000.0,117406726000.0,10985982000.0
2025-04-23,002594.SZ,122.67200000000001,1.0391,25.595729426315224,0.0,0.3012433898047267,1118424859693.6802,594365580000.0,117406726000.0,10985982000.0
2025-04-24,002594.SZ,120.67533333333334,1.0391,25.595729426315224,0.0,0.3012433898047267,1100220855222.23,594365580000.0,117406726000.0,10985982000.0
2025-04-25,002594.SZ,122.28533333333336,1.0391,25.595729426315224,0.0,0.3012433898047267,1114899543301.8801,594365580000.0,117406726000.0,10985982000.0
2025-04-28,002594.SZ,118.67533333333334,1.0391,25.595729426315224,0.0,0.3012433898047267,1081986460092.2301,594365580000.0,117406726000.0,10985982000.0
2025-04-29,002594.SZ,117.00866666666667,1.0391,25.595729426315224,0.0,0.3012433898047267,1066791130817.23,594365580000.0,117406726000.0,10985982000.0
2025-04-30,002594.SZ,116.37200000000001,1.0391,25.595729426315224,0.0,0.3012433898047267,1060986515034.1802,594365580000.0,117406726000.0,10985982000.0
2025-05-06,002594.SZ,118.66200000000002,1.0391,25.595729426315224,0.0,0.3012433898047267,1081864897458.0302,594365580000.0,117406726000.0,10985982000.0
2025-05-07,002594.SZ,118.40866666666666,1.0391,25.595729426315224,0.0,0.3012433898047267,1079555207408.23,594365580000.0,117406726000.0,10985982000.0
2025-05-08,002594.SZ,118.43533333333333,1.0391,25.595729426315224,0.0,0.3012433898047267,1079798332676.63,594365580000.0,117406726000.0,10985982000.0
2025-05-09,002594.SZ,119.74866666666668,1.0391,25.595729426315224,0.0,0.3012433898047267,1091772252145.3301,594365580000.0,117406726000.0,10985982000.0
2025-05-12,002594.SZ,122.10199999999999,1.0391,25.595729426315224,0.0,0.3012433898047267,1113228057081.63,594365580000.0,117406726000.0,10985982000.0
2025-05-13,002594.SZ,120.84200000000003,1.0391,25.595729426315224,0.0,0.3012433898047267,1101740388149.7302,594365580000.0,117406726000.0,10985982000.0
2025-05-14,002594.SZ,123.04200000000002,1.0391,25.595729426315224,0.0,0.3012433898047267,1121798222792.7302,594365580000.0,117406726000.0,10985982000.0
2025-05-15,002594.SZ,124.27533333333334,1.0391,25.595729426315224,0.0,0.3012433898047267,1133042766456.23,594365580000.0,117406726000.0,10985982000.0
2025-05-16,002594.SZ,128.39866666666666,1.0391,25.595729426315224,0.0,0.3012433898047267,1170636011082.5798,594365580000.0,117406726000.0,10985982000.0
2025-05-19,002594.SZ,126.27866666666667,1.0391,25.595729426315224,0.0,0.3012433898047267,1151307552244.78,594365580000.0,117406726000.0,10985982000.0
2025-05-20,002594.SZ,130.27533333333335,1.0391,25.595729426315224,0.0,0.3012433898047267,1187745951846.2302,594365580000.0,117406726000.0,10985982000.0
2025-05-21,002594.SZ,132.00866666666667,1.0391,25.595729426315224,0.0,0.3012433898047267,1203549094292.23,594365580000.0,117406726000.0,10985982000.0
2025-05-22,002594.SZ,131.60866666666666,1.0391,25.595729426315224,0.0,0.3012433898047267,1199902215266.23,594365580000.0,117406726000.0,10985982000.0
2025-05-23,002594.SZ,133.67533333333333,1.0391,25.595729426315224,0.0,0.3012433898047267,1218744423567.23,594365580000.0,117406726000.0,10985982000.0
2025-05-26,002594.SZ,125.67533333333334,1.0391,25.595729426315224,0.0,0.3012433898047267,1145806843047.23,594365580000.0,117406726000.0,10985982000.0
2025-05-27,002594.SZ,122.812,1.0391,25.595729426315224,0.0,0.3012433898047267,1119701267352.78,594365580000.0,117406726000.0,10985982000.0
2025-05-28,002594.SZ,119.63533333333334,1.0391,25.595729426315224,0.0,0.3012433898047267,1090738969754.63,594365580000.0,117406726000.0,10985982000.0
2025-05-29,002594.SZ,119.052,1.0391,25.595729426315224,0.0,0.3012433898047267,1085420604508.38,594365580000.0,117406726000.0,10985982000.0
2025-05-30,002594.SZ,116.10866666666668,1.0391,25.595729426315224,0.0,0.3012433898047267,1058585653008.7301,594365580000.0,117406726000.0,10985982000.0
2025-06-03,002594.SZ,117.342,1.0391,25.595729426315224,0.0,0.3012433898047267,1069830196672.23,594365580000.0,117406726000.0,10985982000.0
2025-06-04,002594.SZ,118.84866666666669,1.0391,25.595729426315224,0.0,0.3012433898047267,1083566774336.8302,594365580000.0,117406726000.0,10985982000.0
2025-06-05,002594.SZ,118.92533333333336,1.0391,25.595729426315224,0.0,0.3012433898047267,1084265759483.4802,594365580000.0,117406726000.0,10985982000.0
2025-06-06,002594.SZ,118.66199999999999,1.0391,25.595729426315224,0.0,0.3012433898047267,1081864897458.0299,594365580000.0,117406726000.0,10985982000.0
2025-06-09,002594.SZ,114.722,1.0391,25.595729426315224,0.0,0.3012433898047267,1045943139051.9299,594365580000.0,117406726000.0,10985982000.0
2025-06-10,002594.SZ,116.38533333333334,1.0391,25.595729426315224,0.0,0.3012433898047267,1061108077668.38,594365580000.0,117406726000.0,10985982000.0
2025-06-11,002594.SZ,119.33866666666667,1.0391,25.595729426315224,0.0,0.3012433898047267,1088034201143.68,594365580000.0,117406726000.0,10985982000.0
2025-06-12,002594.SZ,116.42200000000001,1.0391,25.595729426315224,0.0,0.3012433898047267,1061442374912.43,594365580000.0,117406726000.0,10985982000.0
2025-06-13,002594.SZ,114.00866666666667,1.0391,25.595729426315224,0.0,0.3012433898047267,1039439538122.23,594365580000.0,117406726000.0,10985982000.0
2025-06-16,002594.SZ,113.48533333333334,1.0391,25.595729426315224,0.0,0.3012433898047267,1034668204729.8801,594365580000.0,117406726000.0,10985982000.0
2025-06-17,002594.SZ,113.25533333333334,1.0391,25.595729426315224,0.0,0.3012433898047267,1032571249289.93,594365580000.0,117406726000.0,10985982000.0
2025-06-18,002594.SZ,114.32533333333335,1.0391,25.595729426315224,0.0,0.3012433898047267,1042326650684.4801,594365580000.0,117406726000.0,10985982000.0
2025-06-19,002594.SZ,112.17533333333334,1.0391,25.595729426315224,0.0,0.3012433898047267,1022724675919.7301,594365580000.0,117406726000.0,10985982000.0
2025-06-20,002594.SZ,112.092,1.0391,25.595729426315224,0.0,0.3012433898047267,1021964909455.98,594365580000.0,117406726000.0,10985982000.0
2025-06-23,002594.SZ,111.40866666666669,1.0391,25.595729426315224,0.0,0.3012433898047267,1015734824453.2302,594365580000.0,117406726000.0,10985982000.0
2025-06-24,002594.SZ,113.13533333333334,1.0391,25.595729426315224,0.0,0.3012433898047267,1031477185582.13,594365580000.0,117406726000.0,10985982000.0
2025-06-25,002594.SZ,115.09866666666666,1.0391,25.595729426315224,0.0,0.3012433898047267,1049377283468.08,594365580000.0,117406726000.0,10985982000.0
2025-06-26,002594.SZ,111.15533333333333,1.0391,25.595729426315224,0.0,0.3012433898047267,1013425134403.4299,594365580000.0,117406726000.0,10985982000.0
2025-06-27,002594.SZ,110.08866666666667,1.0391,25.595729426315224,0.0,0.3012433898047267,1003700123667.43,594365580000.0,117406726000.0,10985982000.0
2025-06-30,002594.SZ,109.31200000000001,1.71,25.464662945471666,0.0,0.5103717306580051,996619100225.2802,601592451000.0,111734283000.0,18612639600.0
2025-07-01,002594.SZ,109.12200000000001,1.71,25.464662945471666,0.0,0.5103717306580051,994886832687.9302,601592451000.0,111734283000.0,18612639600.0
2025-07-02,002594.SZ,108.89533333333334,1.71,25.464662945471666,0.0,0.5103717306580051,992820267906.53,601592451000.0,111734283000.0,18612639600.0
2025-07-03,002594.SZ,110.19533333333334,1.71,25.464662945471666,0.0,0.5103717306580051,1004672624741.03,601592451000.0,111734283000.0,18612639600.0
2025-07-04,002594.SZ,109.00866666666667,1.71,25.464662945471666,0.0,0.5103717306580051,993853550297.23,601592451000.0,111734283000.0,18612639600.0
2025-07-07,002594.SZ,108.20533333333333,1.71,25.464662945471666,0.0,0.5103717306580051,986529401586.6799,601592451000.0,111734283000.0,18612639600.0
2025-07-08,002594.SZ,107.63533333333335,1.71,25.464662945471666,0.0,0.5103717306580051,981332598974.6301,601592451000.0,111734283000.0,18612639600.0
2025-07-09,002594.SZ,107.27533333333334,1.71,25.464662945471666,0.0,0.5103717306580051,978050407851.23,601592451000.0,111734283000.0,18612639600.0
2025-07-10,002594.SZ,105.75200000000001,1.71,25.464662945471666,0.0,0.5103717306580051,964161876893.8801,601592451000.0,111734283000.0,18612639600.0
2025-07-11,002594.SZ,106.64533333333333,1.71,25.464662945471666,0.0,0.5103717306580051,972306573385.2799,601592451000.0,111734283000.0,18612639600.0
2025-07-14,002594.SZ,104.83866666666667,1.71,25.464662945471666,0.0,0.5103717306580051,955834836451.18,601592451000.0,111734283000.0,18612639600.0
2025-07-15,002594.SZ,106.35866666666668,1.71,25.464662945471666,0.0,0.5103717306580051,969692976749.9801,601592451000.0,111734283000.0,18612639600.0
2025-07-16,002594.SZ,106.58200000000001,1.71,25.464662945471666,0.0,0.5103717306580051,971729150872.8301,601592451000.0,111734283000.0,18612639600.0
2025-07-17,002594.SZ,108.01533333333334,1.71,25.464662945471666,0.0,0.5103717306580051,984797134049.3301,601592451000.0,111734283000.0,18612639600.0
2025-07-18,002594.SZ,108.37866666666667,1.71,25.464662945471666,0.0,0.5103717306580051,988109715831.28,601592451000.0,111734283000.0,18612639600.0
2025-07-21,002594.SZ,110.04866666666668,1.71,25.464662945471666,0.0,0.5103717306580051,1003335435764.8301,601592451000.0,111734283000.0,18612639600.0
2025-07-22,002594.SZ,112.572,1.71,25.464662945471666,0.0,0.5103717306580051,1026341164287.18,601592451000.0,111734283000.0,18612639600.0
2025-07-23,002594.SZ,111.36533333333334,1.71,25.464662945471666,0.0,0.5103717306580051,1015339745892.0801,601592451000.0,111734283000.0,18612639600.0
2025-07-24,002594.SZ,112.91533333333332,1.71,25.464662945471666,0.0,0.5103717306580051,1029471402117.83,601592451000.0,111734283000.0,18612639600.0
2025-07-25,002594.SZ,111.31866666666667,1.71,25.464662945471666,0.0,0.5103717306580051,1014914276672.38,601592451000.0,111734283000.0,18612639600.0
2025-07-28,002594.SZ,111.00866666666668,1.71,25.464662945471666,0.0,0.5103717306580051,1012087945427.2301,601592451000.0,111734283000.0,18612639600.0
2025-07-29,002594.SZ,111.42,1.71,25.464662945471666,0.0,0.5103717306580051,1015838152692.3,601592451000.0,111734283000.0,18612639600.0
2025-07-30,002594.SZ,108.7,1.71,25.464662945471666,0.0,0.5103717306580051,991039375315.5,601592451000.0,111734283000.0,18612639600.0
2025-07-31,002594.SZ,105.24,1.71,25.464662945471666,0.0,0.5103717306580051,959493871740.6,601592451000.0,111734283000.0,18612639600.0
2025-08-01,002594.SZ,105.8,1.71,25.464662945471666,0.0,0.5103717306580051,964599502377.0,601592451000.0,111734283000.0,18612639600.0
2025-08-04,002594.SZ,104.88000000000001,1.71,25.464662945471666,0.0,0.5103717306580051,956211680617.2001,601592451000.0,111734283000.0,18612639600.0
2025-08-05,002594.SZ,104.86,1.71,25.464662945471666,0.0,0.5103717306580051,956029336665.9,601592451000.0,111734283000.0,18612639600.0
2025-08-06,002594.SZ,104.35000000000001,1.71,25.464662945471666,0.0,0.5103717306580051,951379565907.7501,601592451000.0,111734283000.0,18612639600.0
2025-08-07,002594.SZ,105.33,1.71,25.464662945471666,0.0,0.5103717306580051,960314419521.45,601592451000.0,111734283000.0,18612639600.0
2025-08-08,002594.SZ,103.92999999999999,1.71,25.464662945471666,0.0,0.5103717306580051,947550342930.45,601592451000.0,111734283000.0,18612639600.0
2025-08-11,002594.SZ,105.52000000000001,1.71,25.464662945471666,0.0,0.5103717306580051,962046687058.8,601592451000.0,111734283000.0,18612639600.0
2025-08-12,002594.SZ,105.67,1.71,25.464662945471666,0.0,0.5103717306580051,963414266693.55,601592451000.0,111734283000.0,18612639600.0
2025-08-13,002594.SZ,106.83,1.71,25.464662945471666,0.0,0.5103717306580051,973990215868.95,601592451000.0,111734283000.0,18612639600.0
2025-08-14,002594.SZ,106.37,1.71,25.464662945471666,0.0,0.5103717306580051,969796304989.05,601592451000.0,111734283000.0,18612639600.0
2025-08-15,002594.SZ,106.07000000000001,1.71,25.464662945471666,0.0,0.5103717306580051,967061145719.55,601592451000.0,111734283000.0,18612639600.0
2025-08-18,002594.SZ,108.36999999999999,1.71,25.464662945471666,0.0,0.5103717306580051,988030700119.0499,601592451000.0,111734283000.0,18612639600.0
2025-08-19,002594.SZ,107.63000000000001,1.71,25.464662945471666,0.0,0.5103717306580051,981283973920.9501,601592451000.0,111734283000.0,18612639600.0
2025-08-20,002594.SZ,108.25,1.71,25.464662945471666,0.0,0.5103717306580051,986936636411.25,601592451000.0,111734283000.0,18612639600.0
2025-08-21,002594.SZ,107.1,1.71,25.464662945471666,0.0,0.5103717306580051,976451859211.5,601592451000.0,111734283000.0,18612639600.0
2025-08-22,002594.SZ,110.66,1.71,25.464662945471666,0.0,0.5103717306580051,1008909082542.9,601592451000.0,111734283000.0,18612639600.0
2025-08-25,002594.SZ,111.61,1.71,25.464662945471666,0.0,0.5103717306580051,1017570420229.65,601592451000.0,111734283000.0,18612639600.0
2025-08-26,002594.SZ,113.75000000000001,1.71,25.464662945471666,0.0,0.5103717306580051,1037081223018.7501,601592451000.0,111734283000.0,18612639600.0
2025-08-27,002594.SZ,110.67999999999999,1.71,25.464662945471666,0.0,0.5103717306580051,1009091426494.2,601592451000.0,111734283000.0,18612639600.0
2025-08-28,002594.SZ,109.32,1.71,25.464662945471666,0.0,0.5103717306580051,996692037805.7999,601592451000.0,111734283000.0,18612639600.0
2025-08-29,002594.SZ,114.06,1.71,25.464662945471666,0.0,0.5103717306580051,1039907554263.9,601592451000.0,111734283000.0,18612639600.0
2025-09-01,002594.SZ,109.7,1.71,25.464662945471666,0.0,0.5103717306580051,1000156572880.5,601592451000.0,111734283000.0,18612639600.0
2025-09-02,002594.SZ,110.02000000000001,1.71,25.464662945471666,0.0,0.5103717306580051,1003074076101.3,601592451000.0,111734283000.0,18612639600.0
2025-09-03,002594.SZ,107.21000000000001,1.71,25.464662945471666,0.0,0.5103717306580051,977454750943.65,601592451000.0,111734283000.0,18612639600.0
2025-09-04,002594.SZ,104.00000000000001,1.71,25.464662945471666,0.0,0.5103717306580051,948188546760.0001,601592451000.0,111734283000.0,18612639600.0
2025-09-05,002594.SZ,107.26,1.71,25.464662945471666,0.0,0.5103717306580051,977910610821.9,601592451000.0,111734283000.0,18612639600.0
2025-09-08,002594.SZ,106.25,1.71,25.464662945471666,0.0,0.5103717306580051,968702241281.25,601592451000.0,111734283000.0,18612639600.0
2025-09-09,002594.SZ,105.49,1.71,25.464662945471666,0.0,0.5103717306580051,961773171131.85,601592451000.0,111734283000.0,18612639600.0
2025-09-10,002594.SZ,105.2,1.71,25.464662945471666,0.0,0.5103717306580051,959129183838.0,601592451000.0,111734283000.0,18612639600.0
2025-09-11,002594.SZ,106.59,1.71,25.464662945471666,0.0,0.5103717306580051,971802088453.35,601592451000.0,111734283000.0,18612639600.0
2025-09-12,002594.SZ,105.91000000000001,1.71,25.464662945471666,0.0,0.5103717306580051,965602394109.1501,601592451000.0,111734283000.0,18612639600.0
2025-09-15,002594.SZ,108.7,1.71,25.464662945471666,0.0,0.5103717306580051,991039375315.5,601592451000.0,111734283000.0,18612639600.0
2025-09-16,002594.SZ,107.8,1.71,25.464662945471666,0.0,0.5103717306580051,982833897507.0,601592451000.0,111734283000.0,18612639600.0
2025-09-17,002594.SZ,110.99000000000001,1.71,25.464662945471666,0.0,0.5103717306580051,1011917757739.3501,601592451000.0,111734283000.0,18612639600.0
2025-09-18,002594.SZ,109.71000000000001,1.71,25.464662945471666,0.0,0.5103717306580051,1000247744856.15,601592451000.0,111734283000.0,18612639600.0
2025-09-19,002594.SZ,109.09,1.71,25.464662945471666,0.0,0.5103717306580051,994595082365.85,601592451000.0,111734283000.0,18612639600.0
2025-09-22,002594.SZ,107.99000000000001,1.71,25.464662945471666,0.0,0.5103717306580051,984566165044.3501,601592451000.0,111734283000.0,18612639600.0
2025-09-23,002594.SZ,105.6,1.71,25.464662945471666,0.0,0.5103717306580051,962776062864.0,601592451000.0,111734283000.0,18612639600.0
2025-09-24,002594.SZ,105.71,1.71,25.464662945471666,0.0,0.5103717306580051,963778954596.1499,601592451000.0,111734283000.0,18612639600.0
2025-09-25,002594.SZ,107.5,1.71,25.464662945471666,0.0,0.5103717306580051,980098738237.5,601592451000.0,111734283000.0,18612639600.0
2025-09-26,002594.SZ,107.29,1.71,25.464662945471666,0.0,0.5103717306580051,978184126748.8501,601592451000.0,111734283000.0,18612639600.0
2025-09-29,002594.SZ,108.61,1.71,25.464662945471666,0.0,0.5103717306580051,990218827534.65,601592451000.0,111734283000.0,18612639600.0
2025-09-30,002594.SZ,109.21000000000001,2.56,26.928829089161017,0.0,0.7677745107632753,995689146073.65,643526696000.0,119725097000.0,27999807600.0
2025-10-09,002594.SZ,110.60000000000001,2.56,26.928829089161017,0.0,0.7677745107632753,1008362050689.0001,643526696000.0,119725097000.0,27999807600.0
2025-10-10,002594.SZ,107.78999999999999,2.56,26.928829089161017,0.0,0.7677745107632753,982742725531.35,643526696000.0,119725097000.0,27999807600.0
2025-10-13,002594.SZ,105.69000000000001,2.56,26.928829089161017,0.0,0.7677745107632753,963596610644.8501,643526696000.0,119725097000.0,27999807600.0
2025-10-14,002594.SZ,105.99000000000001,2.56,26.928829089161017,0.0,0.7677745107632753,966331769914.3501,643526696000.0,119725097000.0,27999807600.0
2025-10-15,002594.SZ,107.1,2.56,26.928829089161017,0.0,0.7677745107632753,976451859211.5,643526696000.0,119725097000.0,27999807600.0
2025-10-16,002594.SZ,106.96000000000001,2.56,26.928829089161017,0.0,0.7677745107632753,975175451552.4,643526696000.0,119725097000.0,27999807600.0
2025-10-17,002594.SZ,104.43,2.56,26.928829089161017,0.0,0.7677745107632753,952108941712.9501,643526696000.0,119725097000.0,27999807600.0
2025-10-20,002594.SZ,104.52,2.56,26.928829089161017,0.0,0.7677745107632753,952929489493.7999,643526696000.0,119725097000.0,27999807600.0
2025-10-21,002594.SZ,104.76,2.56,26.928829089161017,0.0,0.7677745107632753,955117616909.4,643526696000.0,119725097000.0,27999807600.0
2025-10-22,002594.SZ,103.78,2.56,26.928829089161017,0.0,0.7677745107632753,946182763295.7,643526696000.0,119725097000.0,27999807600.0
2025-10-23,002594.SZ,103.69,2.56,26.928829089161017,0.0,0.7677745107632753,945362215514.85,643526696000.0,119725097000.0,27999807600.0
2025-10-24,002594.SZ,103.76,2.56,26.928829089161017,0.0,0.7677745107632753,946000419344.4,643526696000.0,119725097000.0,27999807600.0
2025-10-27,002594.SZ,104.00999999999999,2.56,26.928829089161017,0.0,0.7677745107632753,948279718735.6499,643526696000.0,119725097000.0,27999807600.0
2025-10-28,002594.SZ,103.72,2.56,26.928829089161017,0.0,0.7677745107632753,945635731441.8,643526696000.0,119725097000.0,27999807600.0
2025-10-29,002594.SZ,104.52,2.56,26.928829089161017,0.0,0.7677745107632753,952929489493.7999,643526696000.0,119725097000.0,27999807600.0
2025-10-30,002594.SZ,103.61,2.56,26.928829089161017,0.0,0.7677745107632753,944632839709.65,643526696000.0,119725097000.0,27999807600.0
2025-10-31,002594.SZ,100.79,2.56,26.928829089161017,0.0,0.7677745107632753,918922342576.3501,643526696000.0,119725097000.0,27999807600.0
2025-11-03,002594.SZ,99.6,2.56,26.928829089161017,0.0,0.7677745107632753,908072877474.0,643526696000.0,119725097000.0,27999807600.0
2025-11-04,002594.SZ,97.80000000000001,2.56,26.928829089161017,0.0,0.7677745107632753,891661921857.0001,643526696000.0,119725097000.0,27999807600.0
2025-11-05,002594.SZ,95.8,2.56,26.928829089161017,0.0,0.7677745107632753,873427526727.0,643526696000.0,119725097000.0,27999807600.0
2025-11-06,002594.SZ,97.52000000000001,2.56,26.928829089161017,0.0,0.7677745107632753,889109106538.8,643526696000.0,119725097000.0,27999807600.0
2025-11-07,002594.SZ,97.2,2.56,26.928829089161017,0.0,0.7677745107632753,886191603318.0,643526696000.0,119725097000.0,27999807600.0
2025-11-10,002594.SZ,99.39000000000001,2.56,26.928829089161017,0.0,0.7677745107632753,906158265985.3501,643526696000.0,119725097000.0,27999807600.0
2025-11-11,002594.SZ,98.71,2.56,26.928829089161017,0.0,0.7677745107632753,899958571641.1499,643526696000.0,119725097000.0,27999807600.0
2025-11-12,002594.SZ,97.77000000000001,2.56,26.928829089161017,0.0,0.7677745107632753,891388405930.05,643526696000.0,119725097000.0,27999807600.0
2025-11-13,002594.SZ,99.83,2.56,26.928829089161017,0.0,0.7677745107632753,910169832913.95,643526696000.0,119725097000.0,27999807600.0
2025-11-14,002594.SZ,98.37,2.56,26.928829089161017,0.0,0.7677745107632753,896858724469.05,643526696000.0,119725097000.0,27999807600.0
2025-11-17,002594.SZ,98.08,2.56,26.928829089161017,0.0,0.7677745107632753,894214737175.2,643526696000.0,119725097000.0,27999807600.0
2025-11-18,002594.SZ,96.49,2.56,26.928829089161017,0.0,0.7677745107632753,879718393046.85,643526696000.0,119725097000.0,27999807600.0
2025-11-19,002594.SZ,95.17,2.56,26.928829089161017,0.0,0.7677745107632753,867683692261.05,643526696000.0,119725097000.0,27999807600.0
2025-11-20,002594.SZ,93.61,2.56,26.928829089161017,0.0,0.7677745107632753,853460864059.65,643526696000.0,119725097000.0,27999807600.0
2025-11-21,002594.SZ,92.7,2.56,26.928829089161017,0.0,0.7677745107632753,845164214275.5,643526696000.0,119725097000.0,27999807600.0
2025-11-24,002594.SZ,93.93,2.56,26.928829089161017,0.0,0.7677745107632753,856378367280.4501,643526696000.0,119725097000.0,27999807600.0
2025-11-25,002594.SZ,93.91,2.56,26.928829089161017,0.0,0.7677745107632753,856196023329.15,643526696000.0,119725097000.0,27999807600.0
2025-11-26,002594.SZ,95.09,2.56,26.928829089161017,0.0,0.7677745107632753,866954316455.85,643526696000.0,119725097000.0,27999807600.0
2025-11-27,002594.SZ,94.28999999999999,2.56,26.928829089161017,0.0,0.7677745107632753,859660558403.85,643526696000.0,119725097000.0,27999807600.0
2025-11-28,002594.SZ,95.17,2.56,26.928829089161017,0.0,0.7677745107632753,867683692261.05,643526696000.0,119725097000.0,27999807600.0
2025-12-01,002594.SZ,95.77,2.56,26.928829089161017,0.0,0.7677745107632753,873154010800.0499,643526696000.0,119725097000.0,27999807600.0
2025-12-02,002594.SZ,96.62,2.56,26.928829089161017,0.0,0.7677745107632753,880903628730.3,643526696000.0,119725097000.0,27999807600.0
2025-12-03,002594.SZ,95.05,2.56,26.928829089161017,0.0,0.7677745107632753,866589628553.25,643526696000.0,119725097000.0,27999807600.0
2025-12-04,002594.SZ,95.24000000000001,2.56,26.928829089161017,0.0,0.7677745107632753,868321896090.6001,643526696000.0,119725097000.0,27999807600.0
2025-12-05,002594.SZ,95.98,2.56,26.928829089161017,0.0,0.7677745107632753,875068622288.7001,643526696000.0,119725097000.0,27999807600.0
2025-12-08,002594.SZ,96.53,2.56,26.928829089161017,0.0,0.7677745107632753,880083080949.45,643526696000.0,119725097000.0,27999807600.0
2025-12-09,002594.SZ,96.03,2.56,26.928829089161017,0.0,0.7677745107632753,875524482166.95,643526696000.0,119725097000.0,27999807600.0
2025-12-10,002594.SZ,96.47,2.56,26.928829089161017,0.0,0.7677745107632753,879536049095.55,643526696000.0,119725097000.0,27999807600.0
2025-12-11,002594.SZ,96.23,2.56,26.928829089161017,0.0,0.7677745107632753,877347921679.9501,643526696000.0,119725097000.0,27999807600.0
2025-12-12,002594.SZ,97.0,2.56,26.928829089161017,0.0,0.7677745107632753,884368163805.0,643526696000.0,119725097000.0,27999807600.0
2025-12-15,002594.SZ,95.53,2.56,26.928829089161017,0.0,0.7677745107632753,870965883384.45,643526696000.0,119725097000.0,27999807600.0
2025-12-16,002594.SZ,94.25,2.56,26.928829089161017,0.0,0.7677745107632753,859295870501.25,643526696000.0,119725097000.0,27999807600.0
2025-12-17,002594.SZ,95.21000000000001,2.56,26.928829089161017,0.0,0.7677745107632753,868048380163.65,643526696000.0,119725097000.0,27999807600.0
2025-12-18,002594.SZ,93.53,2.56,26.928829089161017,0.0,0.7677745107632753,852731488254.45,643526696000.0,119725097000.0,27999807600.0
2025-12-19,002594.SZ,94.23,2.56,26.928829089161017,0.0,0.7677745107632753,859113526549.9501,643526696000.0,119725097000.0,27999807600.0
2025-12-22,002594.SZ,94.37,2.56,26.928829089161017,0.0,0.7677745107632753,860389934209.05,643526696000.0,119725097000.0,27999807600.0
2025-12-23,002594.SZ,94.81,2.56,26.928829089161017,0.0,0.7677745107632753,864401501137.65,643526696000.0,119725097000.0,27999807600.0
2025-12-24,002594.SZ,94.42,2.56,26.928829089161017,0.0,0.7677745107632753,860845794087.3,643526696000.0,119725097000.0,27999807600.0
2025-12-25,002594.SZ,94.84,2.56,26.928829089161017,0.0,0.7677745107632753,864675017064.6,643526696000.0,119725097000.0,27999807600.0
2025-12-26,002594.SZ,100.01,2.56,26.928829089161017,0.0,0.7677745107632753,911810928475.65,643526696000.0,119725097000.0,27999807600.0
2025-12-29,002594.SZ,100.21000000000001,2.56,26.928829089161017,0.0,0.7677745107632753,913634367988.65,643526696000.0,119725097000.0,27999807600.0
2025-12-30,002594.SZ,99.75000000000001,2.56,26.928829089161017,0.0,0.7677745107632753,909440457108.7501,643526696000.0,119725097000.0,27999807600.0
2025-12-31,002594.SZ,97.72,3.58,27.012094916690554,0.0,1.0733239605957798,890932546051.8,625190698000.0,75424747000.0,39142826400.0
2026-01-05,002594.SZ,98.11,3.58,27.012094916690554,0.0,1.0733239605957798,894488253102.15,625190698000.0,75424747000.0,39142826400.0
2026-01-06,002594.SZ,99.99000000000001,3.58,27.012094916690554,0.0,1.0733239605957798,911628584524.3501,625190698000.0,75424747000.0,39142826400.0
2026-01-07,002594.SZ,97.60000000000001,3.58,27.012094916690554,0.0,1.0733239605957798,889838482344.0001,625190698000.0,75424747000.0,39142826400.0
2026-01-08,002594.SZ,96.88,3.58,27.012094916690554,0.0,1.0733239605957798,883274100097.2,625190698000.0,75424747000.0,39142826400.0
2026-01-09,002594.SZ,97.01,3.58,27.012094916690554,0.0,1.0733239605957798,884459335780.65,625190698000.0,75424747000.0,39142826400.0
2026-01-12,002594.SZ,97.47,3.58,27.012094916690554,0.0,1.0733239605957798,888653246660.55,625190698000.0,75424747000.0,39142826400.0
2026-01-13,002594.SZ,97.19,3.58,27.012094916690554,0.0,1.0733239605957798,886100431342.35,625190698000.0,75424747000.0,39142826400.0
2026-01-14,002594.SZ,96.10000000000001,3.58,27.012094916690554,0.0,1.0733239605957798,876162685996.5001,625190698000.0,75424747000.0,39142826400.0
2026-01-15,002594.SZ,95.67,3.58,27.012094916690554,0.0,1.0733239605957798,872242291043.55,625190698000.0,75424747000.0,39142826400.0
2026-01-16,002594.SZ,95.86000000000001,3.58,27.012094916690554,0.0,1.0733239605957798,873974558580.9001,625190698000.0,75424747000.0,39142826400.0
2026-01-19,002594.SZ,96.19,3.58,27.012094916690554,0.0,1.0733239605957798,876983233777.35,625190698000.0,75424747000.0,39142826400.0
2026-01-20,002594.SZ,94.74000000000001,3.58,27.012094916690554,0.0,1.0733239605957798,863763297308.1001,625190698000.0,75424747000.0,39142826400.0
2026-01-21,002594.SZ,94.1,3.58,27.012094916690554,0.0,1.0733239605957798,857928290866.5,625190698000.0,75424747000.0,39142826400.0
2026-01-22,002594.SZ,94.12,3.58,27.012094916690554,0.0,1.0733239605957798,858110634817.8,625190698000.0,75424747000.0,39142826400.0
2026-01-23,002594.SZ,93.65,3.58,27.012094916690554,0.0,1.0733239605957798,853825551962.25,625190698000.0,75424747000.0,39142826400.0
2026-01-26,002594.SZ,92.63,3.58,27.012094916690554,0.0,1.0733239605957798,844526010445.95,625190698000.0,75424747000.0,39142826400.0
2026-01-27,002594.SZ,91.81,3.58,27.012094916690554,0.0,1.0733239605957798,837049908442.65,625190698000.0,75424747000.0,39142826400.0
2026-01-28,002594.SZ,93.34,3.58,27.012094916690554,0.0,1.0733239605957798,850999220717.1,625190698000.0,75424747000.0,39142826400.0
2026-01-29,002594.SZ,92.31,3.58,27.012094916690554,0.0,1.0733239605957798,841608507225.15,625190698000.0,75424747000.0,39142826400.0
2026-01-30,002594.SZ,90.89,3.58,27.012094916690554,0.0,1.0733239605957798,828662086682.85,625190698000.0,75424747000.0,39142826400.0
2026-02-02,002594.SZ,87.05,3.58,27.012094916690554,0.0,1.0733239605957798,793652048033.25,625190698000.0,75424747000.0,39142826400.0
2026-02-03,002594.SZ,87.36999999999999,3.58,27.012094916690554,0.0,1.0733239605957798,796569551254.0499,625190698000.0,75424747000.0,39142826400.0
2026-02-04,002594.SZ,89.14,3.58,27.012094916690554,0.0,1.0733239605957798,812706990944.1,625190698000.0,75424747000.0,39142826400.0
2026-02-05,002594.SZ,90.11,3.58,27.012094916690554,0.0,1.0733239605957798,821550672582.15,625190698000.0,75424747000.0,39142826400.0
2026-02-06,002594.SZ,89.82,3.58,27.012094916690554,0.0,1.0733239605957798,818906685288.2999,625190698000.0,75424747000.0,39142826400.0
2026-02-09,002594.SZ,90.06,3.58,27.012094916690554,0.0,1.0733239605957798,821094812703.9,625190698000.0,75424747000.0,39142826400.0
2026-02-10,002594.SZ,90.81,3.58,27.012094916690554,0.0,1.0733239605957798,827932710877.65,625190698000.0,75424747000.0,39142826400.0
2026-02-11,002594.SZ,92.28,3.58,27.012094916690554,0.0,1.0733239605957798,841334991298.2,625190698000.0,75424747000.0,39142826400.0
2026-02-12,002594.SZ,91.16,3.58,27.012094916690554,0.0,1.0733239605957798,831123730025.4,625190698000.0,75424747000.0,39142826400.0
2026-02-13,002594.SZ,90.27,3.58,27.012094916690554,0.0,1.0733239605957798,823009424192.5499,625190698000.0,75424747000.0,39142826400.0
2026-02-24,002594.SZ,90.87,3.58,27.012094916690554,0.0,1.0733239605957798,828479742731.55,625190698000.0,75424747000.0,39142826400.0
2026-02-25,002594.SZ,91.45,3.58,27.012094916690554,0.0,1.0733239605957798,833767717319.25,625190698000.0,75424747000.0,39142826400.0
2026-02-26,002594.SZ,89.85,3.58,27.012094916690554,0.0,1.0733239605957798,819180201215.25,625190698000.0,75424747000.0,39142826400.0
2026-02-27,002594.SZ,89.32000000000001,3.58,27.012094916690554,0.0,1.0733239605957798,814348086505.8,625190698000.0,75424747000.0,39142826400.0
2026-03-02,002594.SZ,96.78999999999999,3.58,27.012094916690554,0.0,1.0733239605957798,882453552316.35,625190698000.0,75424747000.0,39142826400.0
2026-03-03,002594.SZ,95.21,3.58,27.012094916690554,0.0,1.0733239605957798,868048380163.6499,625190698000.0,75424747000.0,39142826400.0
2026-03-04,002594.SZ,95.99000000000001,3.58,27.012094916690554,0.0,1.0733239605957798,875159794264.3501,625190698000.0,75424747000.0,39142826400.0
2026-03-05,002594.SZ,94.47,3.58,27.012094916690554,0.0,1.0733239605957798,861301653965.55,625190698000.0,75424747000.0,39142826400.0
2026-03-06,002594.SZ,93.62,3.58,27.012094916690554,0.0,1.0733239605957798,853552036035.3,625190698000.0,75424747000.0,39142826400.0
2026-03-09,002594.SZ,97.52,3.58,27.012094916690554,0.0,1.0733239605957798,889109106538.7999,625190698000.0,75424747000.0,39142826400.0
2026-03-10,002594.SZ,96.6,3.58,27.012094916690554,0.0,1.0733239605957798,880721284779.0,625190698000.0,75424747000.0,39142826400.0
2026-03-11,002594.SZ,99.22,3.58,27.012094916690554,0.0,1.0733239605957798,904608342399.3,625190698000.0,75424747000.0,39142826400.0
2026-03-12,002594.SZ,99.10000000000001,3.58,27.012094916690554,0.0,1.0733239605957798,903514278691.5001,625190698000.0,75424747000.0,39142826400.0
2026-03-13,002594.SZ,99.67,3.58,27.012094916690554,0.0,1.0733239605957798,908711081303.55,625190698000.0,75424747000.0,39142826400.0
2026-03-16,002594.SZ,104.62,3.58,27.012094916690554,0.0,1.0733239605957798,953841209250.3,625190698000.0,75424747000.0,39142826400.0
2026-03-17,002594.SZ,102.87,3.58,27.012094916690554,0.0,1.0733239605957798,937886113511.55,625190698000.0,75424747000.0,39142826400.0
2026-03-18,002594.SZ,101.69,3.58,27.012094916690554,0.0,1.0733239605957798,927127820384.85,625190698000.0,75424747000.0,39142826400.0
2026-03-19,002594.SZ,102.31,3.58,27.012094916690554,0.0,1.0733239605957798,932780482875.15,625190698000.0,75424747000.0,39142826400.0
2026-03-20,002594.SZ,103.03,3.58,27.012094916690554,0.0,1.0733239605957798,939344865121.95,625190698000.0,75424747000.0,39142826400.0
2026-03-23,002594.SZ,107.63000000000001,3.58,27.012094916690554,0.0,1.0733239605957798,981283973920.9501,625190698000.0,75424747000.0,39142826400.0
2026-03-24,002594.SZ,106.64,3.58,27.012094916690554,0.0,1.0733239605957798,972257948331.6,625190698000.0,75424747000.0,39142826400.0
2026-03-25,002594.SZ,106.6,3.58,27.012094916690554,0.0,1.0733239605957798,971893260429.0,625190698000.0,75424747000.0,39142826400.0
2026-03-26,002594.SZ,103.14,3.58,27.012094916690554,0.0,1.0733239605957798,940347756854.1,625190698000.0,75424747000.0,39142826400.0
2026-03-27,002594.SZ,105.3,3.58,27.012094916690554,0.0,1.0733239605957798,960040903594.5,625190698000.0,75424747000.0,39142826400.0
2026-03-30,002594.SZ,106.05,3.58,27.012094916690554,0.0,1.0733239605957798,966878801768.25,625190698000.0,75424747000.0,39142826400.0
2026-03-31,002594.SZ,105.25000000000001,0.448,27.411573262315283,0.0,0.13440152977533948,959585043716.2501,639956542000.0,75786508000.0,4901461200.0
2026-04-01,002594.SZ,102.65,0.448,27.411573262315283,0.0,0.13440152977533948,935880330047.25,639956542000.0,75786508000.0,4901461200.0
2026-04-02,002594.SZ,101.65,0.448,27.411573262315283,0.0,0.13440152977533948,926763132482.25,639956542000.0,75786508000.0,4901461200.0
2026-04-03,002594.SZ,99.01,0.448,27.411573262315283,0.0,0.13440152977533948,902693730910.65,639956542000.0,75786508000.0,4901461200.0
2026-04-07,002594.SZ,97.98,0.448,27.411573262315283,0.0,0.13440152977533948,893303017418.7001,639956542000.0,75786508000.0,4901461200.0
2026-04-08,002594.SZ,101.22,0.448,27.411573262315283,0.0,0.13440152977533948,922842737529.3,639956542000.0,75786508000.0,4901461200.0
2026-04-09,002594.SZ,99.03,0.448,27.411573262315283,0.0,0.13440152977533948,902876074861.95,639956542000.0,75786508000.0,4901461200.0
2026-04-10,002594.SZ,101.67,0.448,27.411573262315283,0.0,0.13440152977533948,926945476433.55,639956542000.0,75786508000.0,4901461200.0
2026-04-13,002594.SZ,104.25,0.448,27.411573262315283,0.0,0.13440152977533948,950467846151.25,639956542000.0,75786508000.0,4901461200.0
2026-04-14,002594.SZ,103.82,0.448,27.411573262315283,0.0,0.13440152977533948,946547451198.2999,639956542000.0,75786508000.0,4901461200.0
2026-04-15,002594.SZ,103.03,0.448,27.411573262315283,0.0,0.13440152977533948,939344865121.95,639956542000.0,75786508000.0,4901461200.0
2026-04-16,002594.SZ,105.54,0.448,27.411573262315283,0.0,0.13440152977533948,962229031010.1001,639956542000.0,75786508000.0,4901461200.0
2026-04-17,002594.SZ,103.78,0.448,27.411573262315283,0.0,0.13440152977533948,946182763295.7,639956542000.0,75786508000.0,4901461200.0
2026-04-20,002594.SZ,102.91000000000001,0.448,27.411573262315283,0.0,0.13440152977533948,938250801414.1501,639956542000.0,75786508000.0,4901461200.0
2026-04-21,002594.SZ,101.53,0.448,27.411573262315283,0.0,0.13440152977533948,925669068774.45,639956542000.0,75786508000.0,4901461200.0
2026-04-22,002594.SZ,101.62,0.448,27.411573262315283,0.0,0.13440152977533948,926489616555.3,639956542000.0,75786508000.0,4901461200.0
2026-04-23,002594.SZ,99.98,0.448,27.411573262315283,0.0,0.13440152977533948,911537412548.7001,639956542000.0,75786508000.0,4901461200.0
2026-04-24,002594.SZ,99.46000000000001,0.448,27.411573262315283,0.0,0.13440152977533948,906796469814.9,639956542000.0,75786508000.0,4901461200.0
2026-04-27,002594.SZ,102.33999999999999,0.448,27.411573262315283,0.0,0.13440152977533948,933053998802.0999,639956542000.0,75786508000.0,4901461200.0
2026-04-28,002594.SZ,101.48,0.448,27.411573262315283,0.0,0.13440152977533948,925213208896.2001,639956542000.0,75786508000.0,4901461200.0
2026-04-29,002594.SZ,105.4,0.448,27.411573262315283,0.0,0.13440152977533948,960952623351.0,639956542000.0,75786508000.0,4901461200.0
2026-04-30,002594.SZ,102.98,0.448,27.411573262315283,0.0,0.13440152977533948,938889005243.7001,639956542000.0,75786508000.0,4901461200.0
2026-05-06,002594.SZ,100.75,0.448,27.411573262315283,0.0,0.13440152977533948,918557654673.75,639956542000.0,75786508000.0,4901461200.0
2026-05-07,002594.SZ,100.46000000000001,0.448,27.411573262315283,0.0,0.13440152977533948,915913667379.9,639956542000.0,75786508000.0,4901461200.0
2026-05-08,002594.SZ,100.02,0.448,27.411573262315283,0.0,0.13440152977533948,911902100451.2999,639956542000.0,75786508000.0,4901461200.0
2026-05-11,002594.SZ,100.44,0.448,27.411573262315283,0.0,0.13440152977533948,915731323428.6,639956542000.0,75786508000.0,4901461200.0
2026-05-12,002594.SZ,99.23,0.448,27.411573262315283,0.0,0.13440152977533948,904699514374.9501,639956542000.0,75786508000.0,4901461200.0
2026-05-13,002594.SZ,98.60000000000001,0.448,27.411573262315283,0.0,0.13440152977533948,898955679909.0001,639956542000.0,75786508000.0,4901461200.0
2026-05-14,002594.SZ,98.73,0.448,27.411573262315283,0.0,0.13440152977533948,900140915592.4501,639956542000.0,75786508000.0,4901461200.0
2026-05-15,002594.SZ,96.30000000000001,0.448,27.411573262315283,0.0,0.13440152977533948,877986125509.5001,639956542000.0,75786508000.0,4901461200.0
2026-05-18,002594.SZ,94.50999999999999,0.448,27.411573262315283,0.0,0.13440152977533948,861666341868.1499,639956542000.0,75786508000.0,4901461200.0
2026-05-19,002594.SZ,96.0,0.448,27.411573262315283,0.0,0.13440152977533948,875250966240.0,639956542000.0,75786508000.0,4901461200.0
2026-05-20,002594.SZ,93.36,0.448,27.411573262315283,0.0,0.13440152977533948,851181564668.4,639956542000.0,75786508000.0,4901461200.0
2026-05-21,002594.SZ,93.50999999999999,0.448,27.411573262315283,0.0,0.13440152977533948,852549144303.1499,639956542000.0,75786508000.0,4901461200.0
2026-05-22,002594.SZ,93.75,0.448,27.411573262315283,0.0,0.13440152977533948,854737271718.75,639956542000.0,75786508000.0,4901461200.0
2026-05-25,002594.SZ,95.96,0.448,27.411573262315283,0.0,0.13440152977533948,874886278337.3999,639956542000.0,75786508000.0,4901461200.0
2026-05-26,002594.SZ,96.55000000000001,0.448,27.411573262315283,0.0,0.13440152977533948,880265424900.7501,639956542000.0,75786508000.0,4901461200.0
2026-05-27,002594.SZ,95.22,0.448,27.411573262315283,0.0,0.13440152977533948,868139552139.3,639956542000.0,75786508000.0,4901461200.0
2026-05-28,002594.SZ,95.88,0.448,27.411573262315283,0.0,0.13440152977533948,874156902532.2,639956542000.0,75786508000.0,4901461200.0
2026-05-29,002594.SZ,96.17999999999999,0.448,27.411573262315283,0.0,0.13440152977533948,876892061801.7,639956542000.0,75786508000.0,4901461200.0
2024-04-01,601318.SH,34.5,2.07,49.977241666799365,0.0,0.608179684745308,624713648827.5,10740156000000.0,640221000000.0,44050800000.0
2024-04-02,601318.SH,34.25000000000001,2.07,49.977241666799365,0.0,0.608179684745308,620186738328.7501,10740156000000.0,640221000000.0,44050800000.0
2024-04-03,601318.SH,33.75,2.07,49.977241666799365,0.0,0.608179684745308,611132917331.25,10740156000000.0,640221000000.0,44050800000.0
2024-04-08,601318.SH,33.470000000000006,2.07,49.977241666799365,0.0,0.608179684745308,606062777572.6501,10740156000000.0,640221000000.0,44050800000.0
2024-04-09,601318.SH,33.36,2.07,49.977241666799365,0.0,0.608179684745308,604070936953.2,10740156000000.0,640221000000.0,44050800000.0
2024-04-10,601318.SH,32.45,2.07,49.977241666799365,0.0,0.608179684745308,587592982737.75,10740156000000.0,640221000000.0,44050800000.0
2024-04-11,601318.SH,32.2,2.07,49.977241666799365,0.0,0.608179684745308,583066072239.0,10740156000000.0,640221000000.0,44050800000.0
2024-04-12,601318.SH,31.03,2.07,49.977241666799365,0.0,0.608179684745308,561880131104.85,10740156000000.0,640221000000.0,44050800000.0
2024-04-15,601318.SH,31.61,2.07,49.977241666799365,0.0,0.608179684745308,572382563461.95,10740156000000.0,640221000000.0,44050800000.0
2024-04-16,601318.SH,31.53,2.07,49.977241666799365,0.0,0.608179684745308,570933952102.35,10740156000000.0,640221000000.0,44050800000.0
2024-04-17,601318.SH,32.199999999999996,2.07,49.977241666799365,0.0,0.608179684745308,583066072238.9999,10740156000000.0,640221000000.0,44050800000.0
2024-04-18,601318.SH,32.95,2.07,49.977241666799365,0.0,0.608179684745308,596646803735.25,10740156000000.0,640221000000.0,44050800000.0
2024-04-19,601318.SH,32.67,2.07,49.977241666799365,0.0,0.608179684745308,591576663976.65,10740156000000.0,640221000000.0,44050800000.0
2024-04-22,601318.SH,33.080000000000005,2.07,49.977241666799365,0.0,0.608179684745308,599000797194.6001,10740156000000.0,640221000000.0,44050800000.0
2024-04-23,601318.SH,33.14,2.07,49.977241666799365,0.0,0.608179684745308,600087255714.3,10740156000000.0,640221000000.0,44050800000.0
2024-04-24,601318.SH,33.85,2.07,49.977241666799365,0.0,0.608179684745308,612943681530.75,10740156000000.0,640221000000.0,44050800000.0
2024-04-25,601318.SH,34.31,2.07,49.977241666799365,0.0,0.608179684745308,621273196848.4501,10740156000000.0,640221000000.0,44050800000.0
2024-04-26,601318.SH,34.78,2.07,49.977241666799365,0.0,0.608179684745308,629783788586.1,10740156000000.0,640221000000.0,44050800000.0
2024-04-29,601318.SH,35.330000000000005,2.07,49.977241666799365,0.0,0.608179684745308,639742991683.3501,10740156000000.0,640221000000.0,44050800000.0
2024-04-30,601318.SH,34.61,2.07,49.977241666799365,0.0,0.608179684745308,626705489446.95,10740156000000.0,640221000000.0,44050800000.0
2024-05-06,601318.SH,35.739999999999995,2.07,49.977241666799365,0.0,0.608179684745308,647167124901.2999,10740156000000.0,640221000000.0,44050800000.0
2024-05-07,601318.SH,35.839999999999996,2.07,49.977241666799365,0.0,0.608179684745308,648977889100.7999,10740156000000.0,640221000000.0,44050800000.0
2024-05-08,601318.SH,35.2,2.07,49.977241666799365,0.0,0.608179684745308,637388998224.0,10740156000000.0,640221000000.0,44050800000.0
2024-05-09,601318.SH,35.589999999999996,2.07,49.977241666799365,0.0,0.608179684745308,644450978602.0499,10740156000000.0,640221000000.0,44050800000.0
2024-05-10,601318.SH,36.18,2.07,49.977241666799365,0.0,0.608179684745308,655134487379.1,10740156000000.0,640221000000.0,44050800000.0
2024-05-13,601318.SH,35.9,2.07,49.977241666799365,0.0,0.608179684745308,650064347620.5,10740156000000.0,640221000000.0,44050800000.0
2024-05-14,601318.SH,35.559999999999995,2.07,49.977241666799365,0.0,0.608179684745308,643907749342.2,10740156000000.0,640221000000.0,44050800000.0
2024-05-15,601318.SH,35.09,2.07,49.977241666799365,0.0,0.608179684745308,635397157604.55,10740156000000.0,640221000000.0,44050800000.0
2024-05-16,601318.SH,36.300000000000004,2.07,49.977241666799365,0.0,0.608179684745308,657307404418.5001,10740156000000.0,640221000000.0,44050800000.0
2024-05-17,601318.SH,38.45,2.07,49.977241666799365,0.0,0.608179684745308,696238834707.75,10740156000000.0,640221000000.0,44050800000.0
2024-05-20,601318.SH,38.71,2.07,49.977241666799365,0.0,0.608179684745308,700946821626.4501,10740156000000.0,640221000000.0,44050800000.0
2024-05-21,601318.SH,38.650000000000006,2.07,49.977241666799365,0.0,0.608179684745308,699860363106.7501,10740156000000.0,640221000000.0,44050800000.0
2024-05-22,601318.SH,38.65,2.07,49.977241666799365,0.0,0.608179684745308,699860363106.75,10740156000000.0,640221000000.0,44050800000.0
2024-05-23,601318.SH,38.03,2.07,49.977241666799365,0.0,0.608179684745308,688633625069.85,10740156000000.0,640221000000.0,44050800000.0
2024-05-24,601318.SH,37.14,2.07,49.977241666799365,0.0,0.608179684745308,672517823694.3,10740156000000.0,640221000000.0,44050800000.0
2024-05-27,601318.SH,37.35,2.07,49.977241666799365,0.0,0.608179684745308,676320428513.25,10740156000000.0,640221000000.0,44050800000.0
2024-05-28,601318.SH,37.01,2.07,49.977241666799365,0.0,0.608179684745308,670163830234.95,10740156000000.0,640221000000.0,44050800000.0
2024-05-29,601318.SH,36.72,2.07,49.977241666799365,0.0,0.608179684745308,664912614056.4,10740156000000.0,640221000000.0,44050800000.0
2024-05-30,601318.SH,36.4,2.07,49.977241666799365,0.0,0.608179684745308,659118168618.0,10740156000000.0,640221000000.0,44050800000.0
2024-05-31,601318.SH,36.32,2.07,49.977241666799365,0.0,0.608179684745308,657669557258.4,10740156000000.0,640221000000.0,44050800000.0
2024-06-03,601318.SH,36.38,2.07,49.977241666799365,0.0,0.608179684745308,658756015778.1001,10740156000000.0,640221000000.0,44050800000.0
2024-06-04,601318.SH,36.519999999999996,2.07,49.977241666799365,0.0,0.608179684745308,661291085657.3999,10740156000000.0,640221000000.0,44050800000.0
2024-06-05,601318.SH,36.33,2.07,49.977241666799365,0.0,0.608179684745308,657850633678.35,10740156000000.0,640221000000.0,44050800000.0
2024-06-06,601318.SH,35.699999999999996,2.07,49.977241666799365,0.0,0.608179684745308,646442819221.4999,10740156000000.0,640221000000.0,44050800000.0
2024-06-07,601318.SH,35.37,2.07,49.977241666799365,0.0,0.608179684745308,640467297363.1499,10740156000000.0,640221000000.0,44050800000.0
2024-06-11,601318.SH,35.08,2.07,49.977241666799365,0.0,0.608179684745308,635216081184.6,10740156000000.0,640221000000.0,44050800000.0
2024-06-12,601318.SH,34.65,2.07,49.977241666799365,0.0,0.608179684745308,627429795126.75,10740156000000.0,640221000000.0,44050800000.0
2024-06-13,601318.SH,34.55,2.07,49.977241666799365,0.0,0.608179684745308,625619030927.25,10740156000000.0,640221000000.0,44050800000.0
2024-06-14,601318.SH,35.120000000000005,2.07,49.977241666799365,0.0,0.608179684745308,635940386864.4,10740156000000.0,640221000000.0,44050800000.0
2024-06-17,601318.SH,34.830000000000005,2.07,49.977241666799365,0.0,0.608179684745308,630689170685.8501,10740156000000.0,640221000000.0,44050800000.0
2024-06-18,601318.SH,34.98,2.07,49.977241666799365,0.0,0.608179684745308,633405316985.1,10740156000000.0,640221000000.0,44050800000.0
2024-06-19,601318.SH,35.25,2.07,49.977241666799365,0.0,0.608179684745308,638294380323.75,10740156000000.0,640221000000.0,44050800000.0
2024-06-20,601318.SH,34.76,2.07,49.977241666799365,0.0,0.608179684745308,629421635746.2,10740156000000.0,640221000000.0,44050800000.0
2024-06-21,601318.SH,34.92,2.07,49.977241666799365,0.0,0.608179684745308,632318858465.4,10740156000000.0,640221000000.0,44050800000.0
2024-06-24,601318.SH,35.05,2.07,49.977241666799365,0.0,0.608179684745308,634672851924.75,10740156000000.0,640221000000.0,44050800000.0
2024-06-25,601318.SH,34.8,2.07,49.977241666799365,0.0,0.608179684745308,630145941426.0,10740156000000.0,640221000000.0,44050800000.0
2024-06-26,601318.SH,34.9,2.07,49.977241666799365,0.0,0.608179684745308,631956705625.5,10740156000000.0,640221000000.0,44050800000.0
2024-06-27,601318.SH,34.67,2.07,49.977241666799365,0.0,0.608179684745308,627791947966.65,10740156000000.0,640221000000.0,44050800000.0
2024-06-28,601318.SH,34.61,2.07,49.977241666799365,0.0,0.608179684745308,626705489446.95,10740156000000.0,640221000000.0,44050800000.0
2024-07-01,601318.SH,34.87,4.21,51.4262431440345,0.0,1.2362570458473436,631413476365.6499,10961716000000.0,592584000000.0,89542800000.0
2024-07-02,601318.SH,35.42,4.21,51.4262431440345,0.0,1.2362570458473436,641372679462.9,10961716000000.0,592584000000.0,89542800000.0
2024-07-03,601318.SH,35.52,4.21,51.4262431440345,0.0,1.2362570458473436,643183443662.4,10961716000000.0,592584000000.0,89542800000.0
2024-07-04,601318.SH,35.230000000000004,4.21,51.4262431440345,0.0,1.2362570458473436,637932227483.8501,10961716000000.0,592584000000.0,89542800000.0
2024-07-05,601318.SH,34.370000000000005,4.21,51.4262431440345,0.0,1.2362570458473436,622359655368.15,10961716000000.0,592584000000.0,89542800000.0
2024-07-08,601318.SH,34.089999999999996,4.21,51.4262431440345,0.0,1.2362570458473436,617289515609.5499,10961716000000.0,592584000000.0,89542800000.0
2024-07-09,601318.SH,34.77,4.21,51.4262431440345,0.0,1.2362570458473436,629602712166.15,10961716000000.0,592584000000.0,89542800000.0
2024-07-10,601318.SH,35.11,4.21,51.4262431440345,0.0,1.2362570458473436,635759310444.45,10961716000000.0,592584000000.0,89542800000.0
2024-07-11,601318.SH,35.190000000000005,4.21,51.4262431440345,0.0,1.2362570458473436,637207921804.05,10961716000000.0,592584000000.0,89542800000.0
2024-07-12,601318.SH,35.93,4.21,51.4262431440345,0.0,1.2362570458473436,650607576880.35,10961716000000.0,592584000000.0,89542800000.0
2024-07-15,601318.SH,35.78,4.21,51.4262431440345,0.0,1.2362570458473436,647891430581.1,10961716000000.0,592584000000.0,89542800000.0
2024-07-16,601318.SH,34.44,4.21,51.4262431440345,0.0,1.2362570458473436,623627190307.7999,10961716000000.0,592584000000.0,89542800000.0
2024-07-17,601318.SH,35.54,4.21,51.4262431440345,0.0,1.2362570458473436,643545596502.2999,10961716000000.0,592584000000.0,89542800000.0
2024-07-18,601318.SH,35.62,4.21,51.4262431440345,0.0,1.2362570458473436,644994207861.8999,10961716000000.0,592584000000.0,89542800000.0
2024-07-19,601318.SH,36.28,4.21,51.4262431440345,0.0,1.2362570458473436,656945251578.6,10961716000000.0,592584000000.0,89542800000.0
2024-07-22,601318.SH,36.25,4.21,51.4262431440345,0.0,1.2362570458473436,656402022318.75,10961716000000.0,592584000000.0,89542800000.0
2024-07-23,601318.SH,36.04,4.21,51.4262431440345,0.0,1.2362570458473436,652599417499.7999,10961716000000.0,592584000000.0,89542800000.0
2024-07-24,601318.SH,35.81,4.21,51.4262431440345,0.0,1.2362570458473436,648434659840.9501,10961716000000.0,592584000000.0,89542800000.0
2024-07-25,601318.SH,35.82000000000001,4.21,51.4262431440345,0.0,1.2362570458473436,648615736260.9001,10961716000000.0,592584000000.0,89542800000.0
2024-07-26,601318.SH,35.84,4.21,51.4262431440345,0.0,1.2362570458473436,648977889100.8,10961716000000.0,592584000000.0,89542800000.0
2024-07-29,601318.SH,36.07,4.21,51.4262431440345,0.0,1.2362570458473436,653142646759.65,10961716000000.0,592584000000.0,89542800000.0
2024-07-30,601318.SH,36.080000000000005,4.21,51.4262431440345,0.0,1.2362570458473436,653323723179.6001,10961716000000.0,592584000000.0,89542800000.0
2024-07-31,601318.SH,37.31,4.21,51.4262431440345,0.0,1.2362570458473436,675596122833.4501,10961716000000.0,592584000000.0,89542800000.0
2024-08-01,601318.SH,37.26,4.21,51.4262431440345,0.0,1.2362570458473436,674690740733.7,10961716000000.0,592584000000.0,89542800000.0
2024-08-02,601318.SH,36.57,4.21,51.4262431440345,0.0,1.2362570458473436,662196467757.15,10961716000000.0,592584000000.0,89542800000.0
2024-08-05,601318.SH,36.75,4.21,51.4262431440345,0.0,1.2362570458473436,665455843316.25,10961716000000.0,592584000000.0,89542800000.0
2024-08-06,601318.SH,35.65,4.21,51.4262431440345,0.0,1.2362570458473436,645537437121.75,10961716000000.0,592584000000.0,89542800000.0
2024-08-07,601318.SH,35.45,4.21,51.4262431440345,0.0,1.2362570458473436,641915908722.75,10961716000000.0,592584000000.0,89542800000.0
2024-08-08,601318.SH,35.57,4.21,51.4262431440345,0.0,1.2362570458473436,644088825762.15,10961716000000.0,592584000000.0,89542800000.0
2024-08-09,601318.SH,35.36,4.21,51.4262431440345,0.0,1.2362570458473436,640286220943.2,10961716000000.0,592584000000.0,89542800000.0
2024-08-12,601318.SH,35.370000000000005,4.21,51.4262431440345,0.0,1.2362570458473436,640467297363.15,10961716000000.0,592584000000.0,89542800000.0
2024-08-13,601318.SH,35.53,4.21,51.4262431440345,0.0,1.2362570458473436,643364520082.35,10961716000000.0,592584000000.0,89542800000.0
2024-08-14,601318.SH,35.24,4.21,51.4262431440345,0.0,1.2362570458473436,638113303903.8,10961716000000.0,592584000000.0,89542800000.0
2024-08-15,601318.SH,36.07,4.21,51.4262431440345,0.0,1.2362570458473436,653142646759.65,10961716000000.0,592584000000.0,89542800000.0
2024-08-16,601318.SH,36.36,4.21,51.4262431440345,0.0,1.2362570458473436,658393862938.2,10961716000000.0,592584000000.0,89542800000.0
2024-08-19,601318.SH,36.82,4.21,51.4262431440345,0.0,1.2362570458473436,666723378255.9,10961716000000.0,592584000000.0,89542800000.0
2024-08-20,601318.SH,36.67,4.21,51.4262431440345,0.0,1.2362570458473436,664007231956.65,10961716000000.0,592584000000.0,89542800000.0
2024-08-21,601318.SH,36.720000000000006,4.21,51.4262431440345,0.0,1.2362570458473436,664912614056.4001,10961716000000.0,592584000000.0,89542800000.0
2024-08-22,601318.SH,36.46,4.21,51.4262431440345,0.0,1.2362570458473436,660204627137.7001,10961716000000.0,592584000000.0,89542800000.0
2024-08-23,601318.SH,38.1,4.21,51.4262431440345,0.0,1.2362570458473436,689901160009.5,10961716000000.0,592584000000.0,89542800000.0
2024-08-26,601318.SH,38.1,4.21,51.4262431440345,0.0,1.2362570458473436,689901160009.5,10961716000000.0,592584000000.0,89542800000.0
2024-08-27,601318.SH,37.9,4.21,51.4262431440345,0.0,1.2362570458473436,686279631610.5,10961716000000.0,592584000000.0,89542800000.0
2024-08-28,601318.SH,37.94,4.21,51.4262431440345,0.0,1.2362570458473436,687003937290.2999,10961716000000.0,592584000000.0,89542800000.0
2024-08-29,601318.SH,37.37,4.21,51.4262431440345,0.0,1.2362570458473436,676682581353.1499,10961716000000.0,592584000000.0,89542800000.0
2024-08-30,601318.SH,38.78,4.21,51.4262431440345,0.0,1.2362570458473436,702214356566.1,10961716000000.0,592584000000.0,89542800000.0
2024-09-02,601318.SH,38.2,4.21,51.4262431440345,0.0,1.2362570458473436,691711924209.0,10961716000000.0,592584000000.0,89542800000.0
2024-09-03,601318.SH,37.96,4.21,51.4262431440345,0.0,1.2362570458473436,687366090130.2001,10961716000000.0,592584000000.0,89542800000.0
2024-09-04,601318.SH,37.39,4.21,51.4262431440345,0.0,1.2362570458473436,677044734193.05,10961716000000.0,592584000000.0,89542800000.0
2024-09-05,601318.SH,38.17,4.21,51.4262431440345,0.0,1.2362570458473436,691168694949.15,10961716000000.0,592584000000.0,89542800000.0
2024-09-06,601318.SH,38.00000000000001,4.21,51.4262431440345,0.0,1.2362570458473436,688090395810.0001,10961716000000.0,592584000000.0,89542800000.0
2024-09-09,601318.SH,37.43000000000001,4.21,51.4262431440345,0.0,1.2362570458473436,677769039872.8501,10961716000000.0,592584000000.0,89542800000.0
2024-09-10,601318.SH,37.41,4.21,51.4262431440345,0.0,1.2362570458473436,677406887032.95,10961716000000.0,592584000000.0,89542800000.0
2024-09-11,601318.SH,37.269999999999996,4.21,51.4262431440345,0.0,1.2362570458473436,674871817153.6499,10961716000000.0,592584000000.0,89542800000.0
2024-09-12,601318.SH,37.35,4.21,51.4262431440345,0.0,1.2362570458473436,676320428513.25,10961716000000.0,592584000000.0,89542800000.0
2024-09-13,601318.SH,37.64,4.21,51.4262431440345,0.0,1.2362570458473436,681571644691.8,10961716000000.0,592584000000.0,89542800000.0
2024-09-18,601318.SH,38.45,4.21,51.4262431440345,0.0,1.2362570458473436,696238834707.75,10961716000000.0,592584000000.0,89542800000.0
2024-09-19,601318.SH,38.78,4.21,51.4262431440345,0.0,1.2362570458473436,702214356566.1,10961716000000.0,592584000000.0,89542800000.0
2024-09-20,601318.SH,38.9,4.21,51.4262431440345,0.0,1.2362570458473436,704387273605.5,10961716000000.0,592584000000.0,89542800000.0
2024-09-23,601318.SH,38.839999999999996,4.21,51.4262431440345,0.0,1.2362570458473436,703300815085.7999,10961716000000.0,592584000000.0,89542800000.0
2024-09-24,601318.SH,41.25,4.21,51.4262431440345,0.0,1.2362570458473436,746940232293.75,10961716000000.0,592584000000.0,89542800000.0
2024-09-25,601318.SH,42.11,4.21,51.4262431440345,0.0,1.2362570458473436,762512804409.45,10961716000000.0,592584000000.0,89542800000.0
2024-09-26,601318.SH,45.17,4.21,51.4262431440345,0.0,1.2362570458473436,817922188914.15,10961716000000.0,592584000000.0,89542800000.0
2024-09-27,601318.SH,46.650000000000006,4.21,51.4262431440345,0.0,1.2362570458473436,844721499066.7501,10961716000000.0,592584000000.0,89542800000.0
2024-09-30,601318.SH,51.839999999999996,6.73,50.14120558881748,0.0,1.9745585874667058,938700161020.7999,11254145000000.0,695047000000.0,143018400000.0
2024-10-08,601318.SH,56.480000000000004,6.73,50.14120558881748,0.0,1.9745585874667058,1022719619877.6001,11254145000000.0,695047000000.0,143018400000.0
2024-10-09,601318.SH,50.449999999999996,6.73,50.14120558881748,0.0,1.9745585874667058,913530538647.7499,11254145000000.0,695047000000.0,143018400000.0
2024-10-10,601318.SH,53.25,6.73,50.14120558881748,0.0,1.9745585874667058,964231936233.75,11254145000000.0,695047000000.0,143018400000.0
2024-10-11,601318.SH,52.29,6.73,50.14120558881748,0.0,1.9745585874667058,946848599918.5499,11254145000000.0,695047000000.0,143018400000.0
2024-10-14,601318.SH,53.42,6.73,50.14120558881748,0.0,1.9745585874667058,967310235372.9,11254145000000.0,695047000000.0,143018400000.0
2024-10-15,601318.SH,51.940000000000005,6.73,50.14120558881748,0.0,1.9745585874667058,940510925220.3,11254145000000.0,695047000000.0,143018400000.0
2024-10-16,601318.SH,52.13,6.73,50.14120558881748,0.0,1.9745585874667058,943951377199.3501,11254145000000.0,695047000000.0,143018400000.0
2024-10-17,601318.SH,51.75,6.73,50.14120558881748,0.0,1.9745585874667058,937070473241.25,11254145000000.0,695047000000.0,143018400000.0
2024-10-18,601318.SH,52.86,6.73,50.14120558881748,0.0,1.9745585874667058,957169955855.7,11254145000000.0,695047000000.0,143018400000.0
2024-10-21,601318.SH,52.58,6.73,50.14120558881748,0.0,1.9745585874667058,952099816097.1,11254145000000.0,695047000000.0,143018400000.0
2024-10-22,601318.SH,52.739999999999995,6.73,50.14120558881748,0.0,1.9745585874667058,954997038816.2999,11254145000000.0,695047000000.0,143018400000.0
2024-10-23,601318.SH,53.989999999999995,6.73,50.14120558881748,0.0,1.9745585874667058,977631591310.0499,11254145000000.0,695047000000.0,143018400000.0
2024-10-24,601318.SH,53.78,6.73,50.14120558881748,0.0,1.9745585874667058,973828986491.1,11254145000000.0,695047000000.0,143018400000.0
2024-10-25,601318.SH,53.38,6.73,50.14120558881748,0.0,1.9745585874667058,966585929693.1001,11254145000000.0,695047000000.0,143018400000.0
2024-10-28,601318.SH,53.18,6.73,50.14120558881748,0.0,1.9745585874667058,962964401294.1,11254145000000.0,695047000000.0,143018400000.0
2024-10-29,601318.SH,53.309999999999995,6.73,50.14120558881748,0.0,1.9745585874667058,965318394753.45,11254145000000.0,695047000000.0,143018400000.0
2024-10-30,601318.SH,51.65,6.73,50.14120558881748,0.0,1.9745585874667058,935259709041.75,11254145000000.0,695047000000.0,143018400000.0
2024-10-31,601318.SH,51.6,6.73,50.14120558881748,0.0,1.9745585874667058,934354326942.0,11254145000000.0,695047000000.0,143018400000.0
2024-11-01,601318.SH,51.83,6.73,50.14120558881748,0.0,1.9745585874667058,938519084600.85,11254145000000.0,695047000000.0,143018400000.0
2024-11-04,601318.SH,52.65,6.73,50.14120558881748,0.0,1.9745585874667058,953367351036.75,11254145000000.0,695047000000.0,143018400000.0
2024-11-05,601318.SH,54.43,6.73,50.14120558881748,0.0,1.9745585874667058,985598953787.85,11254145000000.0,695047000000.0,143018400000.0
2024-11-06,601318.SH,53.17,6.73,50.14120558881748,0.0,1.9745585874667058,962783324874.15,11254145000000.0,695047000000.0,143018400000.0
2024-11-07,601318.SH,56.519999999999996,6.73,50.14120558881748,0.0,1.9745585874667058,1023443925557.3999,11254145000000.0,695047000000.0,143018400000.0
2024-11-08,601318.SH,54.8,6.73,50.14120558881748,0.0,1.9745585874667058,992298781326.0,11254145000000.0,695047000000.0,143018400000.0
2024-11-11,601318.SH,54.080000000000005,6.73,50.14120558881748,0.0,1.9745585874667058,979261279089.6001,11254145000000.0,695047000000.0,143018400000.0
2024-11-12,601318.SH,52.690000000000005,6.73,50.14120558881748,0.0,1.9745585874667058,954091656716.55,11254145000000.0,695047000000.0,143018400000.0
2024-11-13,601318.SH,52.870000000000005,6.73,50.14120558881748,0.0,1.9745585874667058,957351032275.65,11254145000000.0,695047000000.0,143018400000.0
2024-11-14,601318.SH,52.68,6.73,50.14120558881748,0.0,1.9745585874667058,953910580296.6,11254145000000.0,695047000000.0,143018400000.0
2024-11-15,601318.SH,51.480000000000004,6.73,50.14120558881748,0.0,1.9745585874667058,932181409902.6001,11254145000000.0,695047000000.0,143018400000.0
2024-11-18,601318.SH,51.440000000000005,6.73,50.14120558881748,0.0,1.9745585874667058,931457104222.8,11254145000000.0,695047000000.0,143018400000.0
2024-11-19,601318.SH,51.29,6.73,50.14120558881748,0.0,1.9745585874667058,928740957923.5499,11254145000000.0,695047000000.0,143018400000.0
2024-11-20,601318.SH,51.14,6.73,50.14120558881748,0.0,1.9745585874667058,926024811624.3,11254145000000.0,695047000000.0,143018400000.0
2024-11-21,601318.SH,51.17,6.73,50.14120558881748,0.0,1.9745585874667058,926568040884.15,11254145000000.0,695047000000.0,143018400000.0
2024-11-22,601318.SH,48.71,6.73,50.14120558881748,0.0,1.9745585874667058,882023241576.4501,11254145000000.0,695047000000.0,143018400000.0
2024-11-25,601318.SH,48.25,6.73,50.14120558881748,0.0,1.9745585874667058,873693726258.75,11254145000000.0,695047000000.0,143018400000.0
2024-11-26,601318.SH,48.730000000000004,6.73,50.14120558881748,0.0,1.9745585874667058,882385394416.3501,11254145000000.0,695047000000.0,143018400000.0
2024-11-27,601318.SH,49.23,6.73,50.14120558881748,0.0,1.9745585874667058,891439215413.85,11254145000000.0,695047000000.0,143018400000.0
2024-11-28,601318.SH,48.85,6.73,50.14120558881748,0.0,1.9745585874667058,884558311455.75,11254145000000.0,695047000000.0,143018400000.0
2024-11-29,601318.SH,48.93,6.73,50.14120558881748,0.0,1.9745585874667058,886006922815.35,11254145000000.0,695047000000.0,143018400000.0
2024-12-02,601318.SH,49.69,6.73,50.14120558881748,0.0,1.9745585874667058,899768730731.5499,11254145000000.0,695047000000.0,143018400000.0
2024-12-03,601318.SH,50.11000000000001,6.73,50.14120558881748,0.0,1.9745585874667058,907373940369.4501,11254145000000.0,695047000000.0,143018400000.0
2024-12-04,601318.SH,49.61,6.73,50.14120558881748,0.0,1.9745585874667058,898320119371.95,11254145000000.0,695047000000.0,143018400000.0
2024-12-05,601318.SH,49.36,6.73,50.14120558881748,0.0,1.9745585874667058,893793208873.2,11254145000000.0,695047000000.0,143018400000.0
2024-12-06,601318.SH,50.800000000000004,6.73,50.14120558881748,0.0,1.9745585874667058,919868213346.0001,11254145000000.0,695047000000.0,143018400000.0
2024-12-09,601318.SH,50.510000000000005,6.73,50.14120558881748,0.0,1.9745585874667058,914616997167.4501,11254145000000.0,695047000000.0,143018400000.0
2024-12-10,601318.SH,51.3,6.73,50.14120558881748,0.0,1.9745585874667058,928922034343.5,11254145000000.0,695047000000.0,143018400000.0
2024-12-11,601318.SH,50.580000000000005,6.73,50.14120558881748,0.0,1.9745585874667058,915884532107.1001,11254145000000.0,695047000000.0,143018400000.0
2024-12-12,601318.SH,51.260000000000005,6.73,50.14120558881748,0.0,1.9745585874667058,928197728663.7001,11254145000000.0,695047000000.0,143018400000.0
2024-12-13,601318.SH,49.42,6.73,50.14120558881748,0.0,1.9745585874667058,894879667392.9,11254145000000.0,695047000000.0,143018400000.0
2024-12-16,601318.SH,48.8,6.73,50.14120558881748,0.0,1.9745585874667058,883652929356.0,11254145000000.0,695047000000.0,143018400000.0
2024-12-17,601318.SH,48.690000000000005,6.73,50.14120558881748,0.0,1.9745585874667058,881661088736.55,11254145000000.0,695047000000.0,143018400000.0
2024-12-18,601318.SH,48.620000000000005,6.73,50.14120558881748,0.0,1.9745585874667058,880393553796.9,11254145000000.0,695047000000.0,143018400000.0
2024-12-19,601318.SH,48.57,6.73,50.14120558881748,0.0,1.9745585874667058,879488171697.15,11254145000000.0,695047000000.0,143018400000.0
2024-12-20,601318.SH,48.300000000000004,6.73,50.14120558881748,0.0,1.9745585874667058,874599108358.5001,11254145000000.0,695047000000.0,143018400000.0
2024-12-23,601318.SH,48.78,6.73,50.14120558881748,0.0,1.9745585874667058,883290776516.1,11254145000000.0,695047000000.0,143018400000.0
2024-12-24,601318.SH,49.46,6.73,50.14120558881748,0.0,1.9745585874667058,895603973072.7001,11254145000000.0,695047000000.0,143018400000.0
2024-12-25,601318.SH,49.58,6.73,50.14120558881748,0.0,1.9745585874667058,897776890112.1,11254145000000.0,695047000000.0,143018400000.0
2024-12-26,601318.SH,49.13,6.73,50.14120558881748,0.0,1.9745585874667058,889628451214.3501,11254145000000.0,695047000000.0,143018400000.0
2024-12-27,601318.SH,48.95,6.73,50.14120558881748,0.0,1.9745585874667058,886369075655.25,11254145000000.0,695047000000.0,143018400000.0
2024-12-30,601318.SH,49.58,6.73,50.14120558881748,0.0,1.9745585874667058,897776890112.1,11254145000000.0,695047000000.0,143018400000.0
2024-12-31,601318.SH,48.33,7.16,51.282215556084616,0.0,2.0975729479568828,875142337618.35,11653115000000.0,683433000000.0,151928400000.0
2025-01-02,601318.SH,46.39,7.16,51.282215556084616,0.0,2.0975729479568828,840013512148.05,11653115000000.0,683433000000.0,151928400000.0
2025-01-03,601318.SH,45.98,7.16,51.282215556084616,0.0,2.0975729479568828,832589378930.1,11653115000000.0,683433000000.0,151928400000.0
2025-01-06,601318.SH,46.019999999999996,7.16,51.282215556084616,0.0,2.0975729479568828,833313684609.8999,11653115000000.0,683433000000.0,151928400000.0
2025-01-07,601318.SH,45.85,7.16,51.282215556084616,0.0,2.0975729479568828,830235385470.75,11653115000000.0,683433000000.0,151928400000.0
2025-01-08,601318.SH,45.980000000000004,7.16,51.282215556084616,0.0,2.0975729479568828,832589378930.1001,11653115000000.0,683433000000.0,151928400000.0
2025-01-09,601318.SH,45.49,7.16,51.282215556084616,0.0,2.0975729479568828,823716634352.55,11653115000000.0,683433000000.0,151928400000.0
2025-01-10,601318.SH,44.629999999999995,7.16,51.282215556084616,0.0,2.0975729479568828,808144062236.85,11653115000000.0,683433000000.0,151928400000.0
2025-01-13,601318.SH,44.27,7.16,51.282215556084616,0.0,2.0975729479568828,801625311118.65,11653115000000.0,683433000000.0,151928400000.0
2025-01-14,601318.SH,45.04,7.16,51.282215556084616,0.0,2.0975729479568828,815568195454.7999,11653115000000.0,683433000000.0,151928400000.0
2025-01-15,601318.SH,44.790000000000006,7.16,51.282215556084616,0.0,2.0975729479568828,811041284956.0502,11653115000000.0,683433000000.0,151928400000.0
2025-01-16,601318.SH,44.93,7.16,51.282215556084616,0.0,2.0975729479568828,813576354835.35,11653115000000.0,683433000000.0,151928400000.0
2025-01-17,601318.SH,45.06,7.16,51.282215556084616,0.0,2.0975729479568828,815930348294.7001,11653115000000.0,683433000000.0,151928400000.0
2025-01-20,601318.SH,45.49,7.16,51.282215556084616,0.0,2.0975729479568828,823716634352.55,11653115000000.0,683433000000.0,151928400000.0
2025-01-21,601318.SH,45.580000000000005,7.16,51.282215556084616,0.0,2.0975729479568828,825346322132.1001,11653115000000.0,683433000000.0,151928400000.0
2025-01-22,601318.SH,44.63,7.16,51.282215556084616,0.0,2.0975729479568828,808144062236.8501,11653115000000.0,683433000000.0,151928400000.0
2025-01-23,601318.SH,46.050000000000004,7.16,51.282215556084616,0.0,2.0975729479568828,833856913869.7501,11653115000000.0,683433000000.0,151928400000.0
2025-01-24,601318.SH,46.54,7.16,51.282215556084616,0.0,2.0975729479568828,842729658447.2999,11653115000000.0,683433000000.0,151928400000.0
2025-01-27,601318.SH,46.53,7.16,51.282215556084616,0.0,2.0975729479568828,842548582027.35,11653115000000.0,683433000000.0,151928400000.0
2025-02-05,601318.SH,45.4,7.16,51.282215556084616,0.0,2.0975729479568828,822086946573.0,11653115000000.0,683433000000.0,151928400000.0
2025-02-06,601318.SH,45.93,7.16,51.282215556084616,0.0,2.0975729479568828,831683996830.35,11653115000000.0,683433000000.0,151928400000.0
2025-02-07,601318.SH,46.56,7.16,51.282215556084616,0.0,2.0975729479568828,843091811287.2001,11653115000000.0,683433000000.0,151928400000.0
2025-02-10,601318.SH,46.580000000000005,7.16,51.282215556084616,0.0,2.0975729479568828,843453964127.1001,11653115000000.0,683433000000.0,151928400000.0
2025-02-11,601318.SH,46.2,7.16,51.282215556084616,0.0,2.0975729479568828,836573060169.0,11653115000000.0,683433000000.0,151928400000.0
2025-02-12,601318.SH,46.76,7.16,51.282215556084616,0.0,2.0975729479568828,846713339686.2,11653115000000.0,683433000000.0,151928400000.0
2025-02-13,601318.SH,46.7,7.16,51.282215556084616,0.0,2.0975729479568828,845626881166.5,11653115000000.0,683433000000.0,151928400000.0
2025-02-14,601318.SH,47.38,7.16,51.282215556084616,0.0,2.0975729479568828,857940077723.1001,11653115000000.0,683433000000.0,151928400000.0
2025-02-17,601318.SH,47.52,7.16,51.282215556084616,0.0,2.0975729479568828,860475147602.4,11653115000000.0,683433000000.0,151928400000.0
2025-02-18,601318.SH,46.99,7.16,51.282215556084616,0.0,2.0975729479568828,850878097345.05,11653115000000.0,683433000000.0,151928400000.0
2025-02-19,601318.SH,47.13,7.16,51.282215556084616,0.0,2.0975729479568828,853413167224.3501,11653115000000.0,683433000000.0,151928400000.0
2025-02-20,601318.SH,46.46,7.16,51.282215556084616,0.0,2.0975729479568828,841281047087.7001,11653115000000.0,683433000000.0,151928400000.0
2025-02-21,601318.SH,46.88,7.16,51.282215556084616,0.0,2.0975729479568828,848886256725.6001,11653115000000.0,683433000000.0,151928400000.0
2025-02-24,601318.SH,47.68000000000001,7.16,51.282215556084616,0.0,2.0975729479568828,863372370321.6001,11653115000000.0,683433000000.0,151928400000.0
2025-02-25,601318.SH,46.660000000000004,7.16,51.282215556084616,0.0,2.0975729479568828,844902575486.7001,11653115000000.0,683433000000.0,151928400000.0
2025-02-26,601318.SH,47.300000000000004,7.16,51.282215556084616,0.0,2.0975729479568828,856491466363.5001,11653115000000.0,683433000000.0,151928400000.0
2025-02-27,601318.SH,47.300000000000004,7.16,51.282215556084616,0.0,2.0975729479568828,856491466363.5001,11653115000000.0,683433000000.0,151928400000.0
2025-02-28,601318.SH,46.06,7.16,51.282215556084616,0.0,2.0975729479568828,834037990289.7001,11653115000000.0,683433000000.0,151928400000.0
2025-03-03,601318.SH,46.010000000000005,7.16,51.282215556084616,0.0,2.0975729479568828,833132608189.9501,11653115000000.0,683433000000.0,151928400000.0
2025-03-04,601318.SH,45.76,7.16,51.282215556084616,0.0,2.0975729479568828,828605697691.2,11653115000000.0,683433000000.0,151928400000.0
2025-03-05,601318.SH,46.059999999999995,7.16,51.282215556084616,0.0,2.0975729479568828,834037990289.7,11653115000000.0,683433000000.0,151928400000.0
2025-03-06,601318.SH,47.32,7.16,51.282215556084616,0.0,2.0975729479568828,856853619203.4,11653115000000.0,683433000000.0,151928400000.0
2025-03-07,601318.SH,47.18,7.16,51.282215556084616,0.0,2.0975729479568828,854318549324.1,11653115000000.0,683433000000.0,151928400000.0
2025-03-10,601318.SH,46.93,7.16,51.282215556084616,0.0,2.0975729479568828,849791638825.35,11653115000000.0,683433000000.0,151928400000.0
2025-03-11,601318.SH,47.18,7.16,51.282215556084616,0.0,2.0975729479568828,854318549324.1,11653115000000.0,683433000000.0,151928400000.0
2025-03-12,601318.SH,46.83,7.16,51.282215556084616,0.0,2.0975729479568828,847980874625.85,11653115000000.0,683433000000.0,151928400000.0
2025-03-13,601318.SH,46.82,7.16,51.282215556084616,0.0,2.0975729479568828,847799798205.9,11653115000000.0,683433000000.0,151928400000.0
2025-03-14,601318.SH,49.15,7.16,51.282215556084616,0.0,2.0975729479568828,889990604054.25,11653115000000.0,683433000000.0,151928400000.0
2025-03-17,601318.SH,49.06,7.16,51.282215556084616,0.0,2.0975729479568828,888360916274.7001,11653115000000.0,683433000000.0,151928400000.0
2025-03-18,601318.SH,49.44,7.16,51.282215556084616,0.0,2.0975729479568828,895241820232.7999,11653115000000.0,683433000000.0,151928400000.0
2025-03-19,601318.SH,49.75,7.16,51.282215556084616,0.0,2.0975729479568828,900855189251.25,11653115000000.0,683433000000.0,151928400000.0
2025-03-20,601318.SH,48.17,7.16,51.282215556084616,0.0,2.0975729479568828,872245114899.15,11653115000000.0,683433000000.0,151928400000.0
2025-03-21,601318.SH,47.43,7.16,51.282215556084616,0.0,2.0975729479568828,858845459822.85,11653115000000.0,683433000000.0,151928400000.0
2025-03-24,601318.SH,47.81,7.16,51.282215556084616,0.0,2.0975729479568828,865726363780.9501,11653115000000.0,683433000000.0,151928400000.0
2025-03-25,601318.SH,47.64,7.16,51.282215556084616,0.0,2.0975729479568828,862648064641.8,11653115000000.0,683433000000.0,151928400000.0
2025-03-26,601318.SH,47.4,7.16,51.282215556084616,0.0,2.0975729479568828,858302230563.0,11653115000000.0,683433000000.0,151928400000.0
2025-03-27,601318.SH,47.74,7.16,51.282215556084616,0.0,2.0975729479568828,864458828841.3,11653115000000.0,683433000000.0,151928400000.0
2025-03-28,601318.SH,47.64,7.16,51.282215556084616,0.0,2.0975729479568828,862648064641.8,11653115000000.0,683433000000.0,151928400000.0
2025-03-31,601318.SH,47.31,1.54,51.89703884467592,0.0,0.44759002868722225,856672542783.4501,11844014000000.0,754730000000.0,32419200000.0
2025-04-01,601318.SH,47.300000000000004,1.54,51.89703884467592,0.0,0.44759002868722225,856491466363.5001,11844014000000.0,754730000000.0,32419200000.0
2025-04-02,601318.SH,47.54,1.54,51.89703884467592,0.0,0.44759002868722225,860837300442.2999,11844014000000.0,754730000000.0,32419200000.0
2025-04-03,601318.SH,47.160000000000004,1.54,51.89703884467592,0.0,0.44759002868722225,853956396484.2001,11844014000000.0,754730000000.0,32419200000.0
2025-04-07,601318.SH,44.24,1.54,51.89703884467592,0.0,0.44759002868722225,801082081858.8,11844014000000.0,754730000000.0,32419200000.0
2025-04-08,601318.SH,44.94,1.54,51.89703884467592,0.0,0.44759002868722225,813757431255.2999,11844014000000.0,754730000000.0,32419200000.0
2025-04-09,601318.SH,44.61,1.54,51.89703884467592,0.0,0.44759002868722225,807781909396.95,11844014000000.0,754730000000.0,32419200000.0
2025-04-10,601318.SH,45.160000000000004,1.54,51.89703884467592,0.0,0.44759002868722225,817741112494.2001,11844014000000.0,754730000000.0,32419200000.0
2025-04-11,601318.SH,45.03,1.54,51.89703884467592,0.0,0.44759002868722225,815387119034.85,11844014000000.0,754730000000.0,32419200000.0
2025-04-14,601318.SH,45.16,1.54,51.89703884467592,0.0,0.44759002868722225,817741112494.2,11844014000000.0,754730000000.0,32419200000.0
2025-04-15,601318.SH,45.51,1.54,51.89703884467592,0.0,0.44759002868722225,824078787192.45,11844014000000.0,754730000000.0,32419200000.0
2025-04-16,601318.SH,45.559999999999995,1.54,51.89703884467592,0.0,0.44759002868722225,824984169292.2,11844014000000.0,754730000000.0,32419200000.0
2025-04-17,601318.SH,45.839999999999996,1.54,51.89703884467592,0.0,0.44759002868722225,830054309050.7999,11844014000000.0,754730000000.0,32419200000.0
2025-04-18,601318.SH,46.120000000000005,1.54,51.89703884467592,0.0,0.44759002868722225,835124448809.4,11844014000000.0,754730000000.0,32419200000.0
2025-04-21,601318.SH,45.96,1.54,51.89703884467592,0.0,0.44759002868722225,832227226090.2001,11844014000000.0,754730000000.0,32419200000.0
2025-04-22,601318.SH,46.25000000000001,1.54,51.89703884467592,0.0,0.44759002868722225,837478442268.7501,11844014000000.0,754730000000.0,32419200000.0
2025-04-23,601318.SH,46.38,1.54,51.89703884467592,0.0,0.44759002868722225,839832435728.1001,11844014000000.0,754730000000.0,32419200000.0
2025-04-24,601318.SH,46.900000000000006,1.54,51.89703884467592,0.0,0.44759002868722225,849248409565.5001,11844014000000.0,754730000000.0,32419200000.0
2025-04-25,601318.SH,47.01,1.54,51.89703884467592,0.0,0.44759002868722225,851240250184.95,11844014000000.0,754730000000.0,32419200000.0
2025-04-28,601318.SH,46.89,1.54,51.89703884467592,0.0,0.44759002868722225,849067333145.55,11844014000000.0,754730000000.0,32419200000.0
2025-04-29,601318.SH,46.68,1.54,51.89703884467592,0.0,0.44759002868722225,845264728326.6,11844014000000.0,754730000000.0,32419200000.0
2025-04-30,601318.SH,46.39,1.54,51.89703884467592,0.0,0.44759002868722225,840013512148.05,11844014000000.0,754730000000.0,32419200000.0
2025-05-06,601318.SH,46.480000000000004,1.54,51.89703884467592,0.0,0.44759002868722225,841643199927.6001,11844014000000.0,754730000000.0,32419200000.0
2025-05-07,601318.SH,46.86,1.54,51.89703884467592,0.0,0.44759002868722225,848524103885.7,11844014000000.0,754730000000.0,32419200000.0
2025-05-08,601318.SH,47.64,1.54,51.89703884467592,0.0,0.44759002868722225,862648064641.8,11844014000000.0,754730000000.0,32419200000.0
2025-05-09,601318.SH,47.43,1.54,51.89703884467592,0.0,0.44759002868722225,858845459822.85,11844014000000.0,754730000000.0,32419200000.0
2025-05-12,601318.SH,48.28,1.54,51.89703884467592,0.0,0.44759002868722225,874236955518.6,11844014000000.0,754730000000.0,32419200000.0
2025-05-13,601318.SH,48.14,1.54,51.89703884467592,0.0,0.44759002868722225,871701885639.3,11844014000000.0,754730000000.0,32419200000.0
2025-05-14,601318.SH,50.370000000000005,1.54,51.89703884467592,0.0,0.44759002868722225,912081927288.15,11844014000000.0,754730000000.0,32419200000.0
2025-05-15,601318.SH,49.93,1.54,51.89703884467592,0.0,0.44759002868722225,904114564810.35,11844014000000.0,754730000000.0,32419200000.0
2025-05-16,601318.SH,49.07,1.54,51.89703884467592,0.0,0.44759002868722225,888541992694.65,11844014000000.0,754730000000.0,32419200000.0
2025-05-19,601318.SH,48.980000000000004,1.54,51.89703884467592,0.0,0.44759002868722225,886912304915.1001,11844014000000.0,754730000000.0,32419200000.0
2025-05-20,601318.SH,49.36,1.54,51.89703884467592,0.0,0.44759002868722225,893793208873.2,11844014000000.0,754730000000.0,32419200000.0
2025-05-21,601318.SH,49.53,1.54,51.89703884467592,0.0,0.44759002868722225,896871508012.35,11844014000000.0,754730000000.0,32419200000.0
2025-05-22,601318.SH,49.52,1.54,51.89703884467592,0.0,0.44759002868722225,896690431592.4,11844014000000.0,754730000000.0,32419200000.0
2025-05-23,601318.SH,48.910000000000004,1.54,51.89703884467592,0.0,0.44759002868722225,885644769975.4501,11844014000000.0,754730000000.0,32419200000.0
2025-05-26,601318.SH,49.08,1.54,51.89703884467592,0.0,0.44759002868722225,888723069114.6,11844014000000.0,754730000000.0,32419200000.0
2025-05-27,601318.SH,49.080000000000005,1.54,51.89703884467592,0.0,0.44759002868722225,888723069114.6001,11844014000000.0,754730000000.0,32419200000.0
2025-05-28,601318.SH,48.970000000000006,1.54,51.89703884467592,0.0,0.44759002868722225,886731228495.1501,11844014000000.0,754730000000.0,32419200000.0
2025-05-29,601318.SH,49.2,1.54,51.89703884467592,0.0,0.44759002868722225,890895986154.0,11844014000000.0,754730000000.0,32419200000.0
2025-05-30,601318.SH,48.96,1.54,51.89703884467592,0.0,0.44759002868722225,886550152075.2001,11844014000000.0,754730000000.0,32419200000.0
2025-06-03,601318.SH,49.53,1.54,51.89703884467592,0.0,0.44759002868722225,896871508012.35,11844014000000.0,754730000000.0,32419200000.0
2025-06-04,601318.SH,49.44,1.54,51.89703884467592,0.0,0.44759002868722225,895241820232.7999,11844014000000.0,754730000000.0,32419200000.0
2025-06-05,601318.SH,49.67,1.54,51.89703884467592,0.0,0.44759002868722225,899406577891.65,11844014000000.0,754730000000.0,32419200000.0
2025-06-06,601318.SH,49.09,1.54,51.89703884467592,0.0,0.44759002868722225,888904145534.55,11844014000000.0,754730000000.0,32419200000.0
2025-06-09,601318.SH,49.4,1.54,51.89703884467592,0.0,0.44759002868722225,894517514553.0,11844014000000.0,754730000000.0,32419200000.0
2025-06-10,601318.SH,49.11,1.54,51.89703884467592,0.0,0.44759002868722225,889266298374.45,11844014000000.0,754730000000.0,32419200000.0
2025-06-11,601318.SH,50.14,1.54,51.89703884467592,0.0,0.44759002868722225,907917169629.3,11844014000000.0,754730000000.0,32419200000.0
2025-06-12,601318.SH,50.49,1.54,51.89703884467592,0.0,0.44759002868722225,914254844327.55,11844014000000.0,754730000000.0,32419200000.0
2025-06-13,601318.SH,50.160000000000004,1.54,51.89703884467592,0.0,0.44759002868722225,908279322469.2001,11844014000000.0,754730000000.0,32419200000.0
2025-06-16,601318.SH,50.0,1.54,51.89703884467592,0.0,0.44759002868722225,905382099750.0,11844014000000.0,754730000000.0,32419200000.0
2025-06-17,601318.SH,49.91,1.54,51.89703884467592,0.0,0.44759002868722225,903752411970.45,11844014000000.0,754730000000.0,32419200000.0
2025-06-18,601318.SH,49.49,1.54,51.89703884467592,0.0,0.44759002868722225,896147202332.55,11844014000000.0,754730000000.0,32419200000.0
2025-06-19,601318.SH,48.88,1.54,51.89703884467592,0.0,0.44759002868722225,885101540715.6001,11844014000000.0,754730000000.0,32419200000.0
2025-06-20,601318.SH,50.419999999999995,1.54,51.89703884467592,0.0,0.44759002868722225,912987309387.8999,11844014000000.0,754730000000.0,32419200000.0
2025-06-23,601318.SH,50.78,1.54,51.89703884467592,0.0,0.44759002868722225,919506060506.1,11844014000000.0,754730000000.0,32419200000.0
2025-06-24,601318.SH,52.470000000000006,1.54,51.89703884467592,0.0,0.44759002868722225,950107975477.6501,11844014000000.0,754730000000.0,32419200000.0
2025-06-25,601318.SH,53.559999999999995,1.54,51.89703884467592,0.0,0.44759002868722225,969845305252.2,11844014000000.0,754730000000.0,32419200000.0
2025-06-26,601318.SH,53.26,1.54,51.89703884467592,0.0,0.44759002868722225,964413012653.7,11844014000000.0,754730000000.0,32419200000.0
2025-06-27,601318.SH,52.64,1.54,51.89703884467592,0.0,0.44759002868722225,953186274616.8,11844014000000.0,754730000000.0,32419200000.0
2025-06-30,601318.SH,52.78,3.87,52.13003439435406,0.0,1.1273748401717283,955721344496.1,12166459000000.0,698260000000.0,81656400000.0
2025-07-01,601318.SH,53.0,3.87,52.13003439435406,0.0,1.1273748401717283,959705025735.0,12166459000000.0,698260000000.0,81656400000.0
2025-07-02,601318.SH,53.11,3.87,52.13003439435406,0.0,1.1273748401717283,961696866354.45,12166459000000.0,698260000000.0,81656400000.0
2025-07-03,601318.SH,53.1,3.87,52.13003439435406,0.0,1.1273748401717283,961515789934.5,12166459000000.0,698260000000.0,81656400000.0
2025-07-04,601318.SH,53.87,3.87,52.13003439435406,0.0,1.1273748401717283,975458674270.6499,12166459000000.0,698260000000.0,81656400000.0
2025-07-07,601318.SH,53.73,3.87,52.13003439435406,0.0,1.1273748401717283,972923604391.35,12166459000000.0,698260000000.0,81656400000.0
2025-07-08,601318.SH,53.75,3.87,52.13003439435406,0.0,1.1273748401717283,973285757231.25,12166459000000.0,698260000000.0,81656400000.0
2025-07-09,601318.SH,53.2,3.87,52.13003439435406,0.0,1.1273748401717283,963326554134.0,12166459000000.0,698260000000.0,81656400000.0
2025-07-10,601318.SH,54.43,3.87,52.13003439435406,0.0,1.1273748401717283,985598953787.85,12166459000000.0,698260000000.0,81656400000.0
2025-07-11,601318.SH,55.01,3.87,52.13003439435406,0.0,1.1273748401717283,996101386144.95,12166459000000.0,698260000000.0,81656400000.0
2025-07-14,601318.SH,54.87,3.87,52.13003439435406,0.0,1.1273748401717283,993566316265.6499,12166459000000.0,698260000000.0,81656400000.0
2025-07-15,601318.SH,54.4,3.87,52.13003439435406,0.0,1.1273748401717283,985055724528.0,12166459000000.0,698260000000.0,81656400000.0
2025-07-16,601318.SH,54.129999999999995,3.87,52.13003439435406,0.0,1.1273748401717283,980166661189.35,12166459000000.0,698260000000.0,81656400000.0
2025-07-17,601318.SH,54.11,3.87,52.13003439435406,0.0,1.1273748401717283,979804508349.45,12166459000000.0,698260000000.0,81656400000.0
2025-07-18,601318.SH,54.37,3.87,52.13003439435406,0.0,1.1273748401717283,984512495268.1499,12166459000000.0,698260000000.0,81656400000.0
2025-07-21,601318.SH,54.489999999999995,3.87,52.13003439435406,0.0,1.1273748401717283,986685412307.5499,12166459000000.0,698260000000.0,81656400000.0
2025-07-22,601318.SH,54.0,3.87,52.13003439435406,0.0,1.1273748401717283,977812667730.0,12166459000000.0,698260000000.0,81656400000.0
2025-07-23,601318.SH,55.3,3.87,52.13003439435406,0.0,1.1273748401717283,1001352602323.5,12166459000000.0,698260000000.0,81656400000.0
2025-07-24,601318.SH,55.94,3.87,52.13003439435406,0.0,1.1273748401717283,1012941493200.2999,12166459000000.0,698260000000.0,81656400000.0
2025-07-25,601318.SH,55.379999999999995,3.87,52.13003439435406,0.0,1.1273748401717283,1002801213683.1,12166459000000.0,698260000000.0,81656400000.0
2025-07-28,601318.SH,57.39,3.87,52.13003439435406,0.0,1.1273748401717283,1039197574093.05,12166459000000.0,698260000000.0,81656400000.0
2025-07-29,601318.SH,56.79,3.87,52.13003439435406,0.0,1.1273748401717283,1028332988896.0499,12166459000000.0,698260000000.0,81656400000.0
2025-07-30,601318.SH,58.01,3.87,52.13003439435406,0.0,1.1273748401717283,1050424312129.95,12166459000000.0,698260000000.0,81656400000.0
2025-07-31,601318.SH,55.99,3.87,52.13003439435406,0.0,1.1273748401717283,1013846875300.05,12166459000000.0,698260000000.0,81656400000.0
2025-08-01,601318.SH,55.49999999999999,3.87,52.13003439435406,0.0,1.1273748401717283,1004974130722.4999,12166459000000.0,698260000000.0,81656400000.0
2025-08-04,601318.SH,55.51,3.87,52.13003439435406,0.0,1.1273748401717283,1005155207142.45,12166459000000.0,698260000000.0,81656400000.0
2025-08-05,601318.SH,56.44,3.87,52.13003439435406,0.0,1.1273748401717283,1021995314197.7999,12166459000000.0,698260000000.0,81656400000.0
2025-08-06,601318.SH,56.36,3.87,52.13003439435406,0.0,1.1273748401717283,1020546702838.2,12166459000000.0,698260000000.0,81656400000.0
2025-08-07,601318.SH,56.18,3.87,52.13003439435406,0.0,1.1273748401717283,1017287327279.1,12166459000000.0,698260000000.0,81656400000.0
2025-08-08,601318.SH,55.839999999999996,3.87,52.13003439435406,0.0,1.1273748401717283,1011130729000.7999,12166459000000.0,698260000000.0,81656400000.0
2025-08-11,601318.SH,55.769999999999996,3.87,52.13003439435406,0.0,1.1273748401717283,1009863194061.1499,12166459000000.0,698260000000.0,81656400000.0
2025-08-12,601318.SH,56.05,3.87,52.13003439435406,0.0,1.1273748401717283,1014933333819.75,12166459000000.0,698260000000.0,81656400000.0
2025-08-13,601318.SH,55.91,3.87,52.13003439435406,0.0,1.1273748401717283,1012398263940.45,12166459000000.0,698260000000.0,81656400000.0
2025-08-14,601318.SH,56.92,3.87,52.13003439435406,0.0,1.1273748401717283,1030686982355.4,12166459000000.0,698260000000.0,81656400000.0
2025-08-15,601318.SH,57.099999999999994,3.87,52.13003439435406,0.0,1.1273748401717283,1033946357914.4999,12166459000000.0,698260000000.0,81656400000.0
2025-08-18,601318.SH,56.64,3.87,52.13003439435406,0.0,1.1273748401717283,1025616842596.8,12166459000000.0,698260000000.0,81656400000.0
2025-08-19,601318.SH,55.49999999999999,3.87,52.13003439435406,0.0,1.1273748401717283,1004974130722.4999,12166459000000.0,698260000000.0,81656400000.0
2025-08-20,601318.SH,56.49999999999999,3.87,52.13003439435406,0.0,1.1273748401717283,1023081772717.4999,12166459000000.0,698260000000.0,81656400000.0
2025-08-21,601318.SH,56.92,3.87,52.13003439435406,0.0,1.1273748401717283,1030686982355.4,12166459000000.0,698260000000.0,81656400000.0
2025-08-22,601318.SH,57.8,3.87,52.13003439435406,0.0,1.1273748401717283,1046621707311.0,12166459000000.0,698260000000.0,81656400000.0
2025-08-25,601318.SH,58.3,3.87,52.13003439435406,0.0,1.1273748401717283,1055675528308.5,12166459000000.0,698260000000.0,81656400000.0
2025-08-26,601318.SH,57.82,3.87,52.13003439435406,0.0,1.1273748401717283,1046983860150.9,12166459000000.0,698260000000.0,81656400000.0
2025-08-27,601318.SH,55.989999999999995,3.87,52.13003439435406,0.0,1.1273748401717283,1013846875300.0499,12166459000000.0,698260000000.0,81656400000.0
2025-08-28,601318.SH,56.14,3.87,52.13003439435406,0.0,1.1273748401717283,1016563021599.3,12166459000000.0,698260000000.0,81656400000.0
2025-08-29,601318.SH,57.17999999999999,3.87,52.13003439435406,0.0,1.1273748401717283,1035394969274.0999,12166459000000.0,698260000000.0,81656400000.0
2025-09-01,601318.SH,55.809999999999995,3.87,52.13003439435406,0.0,1.1273748401717283,1010587499740.95,12166459000000.0,698260000000.0,81656400000.0
2025-09-02,601318.SH,55.959999999999994,3.87,52.13003439435406,0.0,1.1273748401717283,1013303646040.1998,12166459000000.0,698260000000.0,81656400000.0
2025-09-03,601318.SH,55.08,3.87,52.13003439435406,0.0,1.1273748401717283,997368921084.6,12166459000000.0,698260000000.0,81656400000.0
2025-09-04,601318.SH,54.8,3.87,52.13003439435406,0.0,1.1273748401717283,992298781326.0,12166459000000.0,698260000000.0,81656400000.0
2025-09-05,601318.SH,55.199999999999996,3.87,52.13003439435406,0.0,1.1273748401717283,999541838123.9999,12166459000000.0,698260000000.0,81656400000.0
2025-09-08,601318.SH,55.0,3.87,52.13003439435406,0.0,1.1273748401717283,995920309725.0,12166459000000.0,698260000000.0,81656400000.0
2025-09-09,601318.SH,55.300000000000004,3.87,52.13003439435406,0.0,1.1273748401717283,1001352602323.5001,12166459000000.0,698260000000.0,81656400000.0
2025-09-10,601318.SH,55.17,3.87,52.13003439435406,0.0,1.1273748401717283,998998608864.15,12166459000000.0,698260000000.0,81656400000.0
2025-09-11,601318.SH,55.99,3.87,52.13003439435406,0.0,1.1273748401717283,1013846875300.05,12166459000000.0,698260000000.0,81656400000.0
2025-09-12,601318.SH,54.98,3.87,52.13003439435406,0.0,1.1273748401717283,995558156885.1,12166459000000.0,698260000000.0,81656400000.0
2025-09-15,601318.SH,54.63,3.87,52.13003439435406,0.0,1.1273748401717283,989220482186.8501,12166459000000.0,698260000000.0,81656400000.0
2025-09-16,601318.SH,53.919999999999995,3.87,52.13003439435406,0.0,1.1273748401717283,976364056370.3999,12166459000000.0,698260000000.0,81656400000.0
2025-09-17,601318.SH,53.87,3.87,52.13003439435406,0.0,1.1273748401717283,975458674270.6499,12166459000000.0,698260000000.0,81656400000.0
2025-09-18,601318.SH,52.58,3.87,52.13003439435406,0.0,1.1273748401717283,952099816097.1,12166459000000.0,698260000000.0,81656400000.0
2025-09-19,601318.SH,52.4,3.87,52.13003439435406,0.0,1.1273748401717283,948840440538.0,12166459000000.0,698260000000.0,81656400000.0
2025-09-22,601318.SH,52.449999999999996,3.87,52.13003439435406,0.0,1.1273748401717283,949745822637.7499,12166459000000.0,698260000000.0,81656400000.0
2025-09-23,601318.SH,52.32,3.87,52.13003439435406,0.0,1.1273748401717283,947391829178.4,12166459000000.0,698260000000.0,81656400000.0
2025-09-24,601318.SH,52.59,3.87,52.13003439435406,0.0,1.1273748401717283,952280892517.05,12166459000000.0,698260000000.0,81656400000.0
2025-09-25,601318.SH,52.39,3.87,52.13003439435406,0.0,1.1273748401717283,948659364118.05,12166459000000.0,698260000000.0,81656400000.0
2025-09-26,601318.SH,52.52,3.87,52.13003439435406,0.0,1.1273748401717283,951013357577.4,12166459000000.0,698260000000.0,81656400000.0
2025-09-29,601318.SH,53.309999999999995,3.87,52.13003439435406,0.0,1.1273748401717283,965318394753.45,12166459000000.0,698260000000.0,81656400000.0
2025-09-30,601318.SH,52.41,7.56,54.474569370897264,0.0,2.2011038218562926,949021516957.95,12276535000000.0,702025000000.0,159427200000.0
2025-10-09,601318.SH,52.339999999999996,7.56,54.474569370897264,0.0,2.2011038218562926,947753982018.2999,12276535000000.0,702025000000.0,159427200000.0
2025-10-10,601318.SH,52.84,7.56,54.474569370897264,0.0,2.2011038218562926,956807803015.8,12276535000000.0,702025000000.0,159427200000.0
2025-10-13,601318.SH,52.4,7.56,54.474569370897264,0.0,2.2011038218562926,948840440538.0,12276535000000.0,702025000000.0,159427200000.0
2025-10-14,601318.SH,53.78,7.56,54.474569370897264,0.0,2.2011038218562926,973828986491.1,12276535000000.0,702025000000.0,159427200000.0
2025-10-15,601318.SH,55.11,7.56,54.474569370897264,0.0,2.2011038218562926,997912150344.45,12276535000000.0,702025000000.0,159427200000.0
2025-10-16,601318.SH,55.31999999999999,7.56,54.474569370897264,0.0,2.2011038218562926,1001714755163.3999,12276535000000.0,702025000000.0,159427200000.0
2025-10-17,601318.SH,54.58,7.56,54.474569370897264,0.0,2.2011038218562926,988315100087.1,12276535000000.0,702025000000.0,159427200000.0
2025-10-20,601318.SH,55.2,7.56,54.474569370897264,0.0,2.2011038218562926,999541838124.0,12276535000000.0,702025000000.0,159427200000.0
2025-10-21,601318.SH,55.379999999999995,7.56,54.474569370897264,0.0,2.2011038218562926,1002801213683.1,12276535000000.0,702025000000.0,159427200000.0
2025-10-22,601318.SH,55.51,7.56,54.474569370897264,0.0,2.2011038218562926,1005155207142.45,12276535000000.0,702025000000.0,159427200000.0
2025-10-23,601318.SH,56.05,7.56,54.474569370897264,0.0,2.2011038218562926,1014933333819.75,12276535000000.0,702025000000.0,159427200000.0
2025-10-24,601318.SH,56.13,7.56,54.474569370897264,0.0,2.2011038218562926,1016381945179.3501,12276535000000.0,702025000000.0,159427200000.0
2025-10-27,601318.SH,56.0,7.56,54.474569370897264,0.0,2.2011038218562926,1014027951720.0,12276535000000.0,702025000000.0,159427200000.0
2025-10-28,601318.SH,56.010000000000005,7.56,54.474569370897264,0.0,2.2011038218562926,1014209028139.9501,12276535000000.0,702025000000.0,159427200000.0
2025-10-29,601318.SH,57.2,7.56,54.474569370897264,0.0,2.2011038218562926,1035757122114.0,12276535000000.0,702025000000.0,159427200000.0
2025-10-30,601318.SH,56.9,7.56,54.474569370897264,0.0,2.2011038218562926,1030324829515.5,12276535000000.0,702025000000.0,159427200000.0
2025-10-31,601318.SH,56.080000000000005,7.56,54.474569370897264,0.0,2.2011038218562926,1015476563079.6001,12276535000000.0,702025000000.0,159427200000.0
2025-11-03,601318.SH,56.56,7.56,54.474569370897264,0.0,2.2011038218562926,1024168231237.2001,12276535000000.0,702025000000.0,159427200000.0
2025-11-04,601318.SH,57.190000000000005,7.56,54.474569370897264,0.0,2.2011038218562926,1035576045694.05,12276535000000.0,702025000000.0,159427200000.0
2025-11-05,601318.SH,56.57,7.56,54.474569370897264,0.0,2.2011038218562926,1024349307657.15,12276535000000.0,702025000000.0,159427200000.0
2025-11-06,601318.SH,57.150000000000006,7.56,54.474569370897264,0.0,2.2011038218562926,1034851740014.2501,12276535000000.0,702025000000.0,159427200000.0
2025-11-07,601318.SH,57.14,7.56,54.474569370897264,0.0,2.2011038218562926,1034670663594.3,12276535000000.0,702025000000.0,159427200000.0
2025-11-10,601318.SH,57.55,7.56,54.474569370897264,0.0,2.2011038218562926,1042094796812.25,12276535000000.0,702025000000.0,159427200000.0
2025-11-11,601318.SH,57.45,7.56,54.474569370897264,0.0,2.2011038218562926,1040284032612.75,12276535000000.0,702025000000.0,159427200000.0
2025-11-12,601318.SH,58.28,7.56,54.474569370897264,0.0,2.2011038218562926,1055313375468.6,12276535000000.0,702025000000.0,159427200000.0
2025-11-13,601318.SH,59.13,7.56,54.474569370897264,0.0,2.2011038218562926,1070704871164.3501,12276535000000.0,702025000000.0,159427200000.0
2025-11-14,601318.SH,58.9,7.56,54.474569370897264,0.0,2.2011038218562926,1066540113505.5,12276535000000.0,702025000000.0,159427200000.0
2025-11-17,601318.SH,58.08,7.56,54.474569370897264,0.0,2.2011038218562926,1051691847069.6,12276535000000.0,702025000000.0,159427200000.0
2025-11-18,601318.SH,57.870000000000005,7.56,54.474569370897264,0.0,2.2011038218562926,1047889242250.65,12276535000000.0,702025000000.0,159427200000.0
2025-11-19,601318.SH,58.62,7.56,54.474569370897264,0.0,2.2011038218562926,1061469973746.8999,12276535000000.0,702025000000.0,159427200000.0
2025-11-20,601318.SH,58.45,7.56,54.474569370897264,0.0,2.2011038218562926,1058391674607.75,12276535000000.0,702025000000.0,159427200000.0
2025-11-21,601318.SH,57.160000000000004,7.56,54.474569370897264,0.0,2.2011038218562926,1035032816434.2001,12276535000000.0,702025000000.0,159427200000.0
2025-11-24,601318.SH,56.65,7.56,54.474569370897264,0.0,2.2011038218562926,1025797919016.75,12276535000000.0,702025000000.0,159427200000.0
2025-11-25,601318.SH,57.720000000000006,7.56,54.474569370897264,0.0,2.2011038218562926,1045173095951.4001,12276535000000.0,702025000000.0,159427200000.0
2025-11-26,601318.SH,58.03,7.56,54.474569370897264,0.0,2.2011038218562926,1050786464969.85,12276535000000.0,702025000000.0,159427200000.0
2025-11-27,601318.SH,57.59,7.56,54.474569370897264,0.0,2.2011038218562926,1042819102492.05,12276535000000.0,702025000000.0,159427200000.0
2025-11-28,601318.SH,57.239999999999995,7.56,54.474569370897264,0.0,2.2011038218562926,1036481427793.7999,12276535000000.0,702025000000.0,159427200000.0
2025-12-01,601318.SH,56.88,7.56,54.474569370897264,0.0,2.2011038218562926,1029962676675.6001,12276535000000.0,702025000000.0,159427200000.0
2025-12-02,601318.SH,57.050000000000004,7.56,54.474569370897264,0.0,2.2011038218562926,1033040975814.7501,12276535000000.0,702025000000.0,159427200000.0
2025-12-03,601318.SH,56.6,7.56,54.474569370897264,0.0,2.2011038218562926,1024892536917.0,12276535000000.0,702025000000.0,159427200000.0
2025-12-04,601318.SH,56.800000000000004,7.56,54.474569370897264,0.0,2.2011038218562926,1028514065316.0001,12276535000000.0,702025000000.0,159427200000.0
2025-12-05,601318.SH,60.24,7.56,54.474569370897264,0.0,2.2011038218562926,1090804353778.8,12276535000000.0,702025000000.0,159427200000.0
2025-12-08,601318.SH,61.65,7.56,54.474569370897264,0.0,2.2011038218562926,1116336128991.75,12276535000000.0,702025000000.0,159427200000.0
2025-12-09,601318.SH,60.7,7.56,54.474569370897264,0.0,2.2011038218562926,1099133869096.5,12276535000000.0,702025000000.0,159427200000.0
2025-12-10,601318.SH,60.800000000000004,7.56,54.474569370897264,0.0,2.2011038218562926,1100944633296.0,12276535000000.0,702025000000.0,159427200000.0
2025-12-11,601318.SH,60.78,7.56,54.474569370897264,0.0,2.2011038218562926,1100582480456.1,12276535000000.0,702025000000.0,159427200000.0
2025-12-12,601318.SH,62.160000000000004,7.56,54.474569370897264,0.0,2.2011038218562926,1125571026409.2,12276535000000.0,702025000000.0,159427200000.0
2025-12-15,601318.SH,65.33,7.56,54.474569370897264,0.0,2.2011038218562926,1182972251533.3499,12276535000000.0,702025000000.0,159427200000.0
2025-12-16,601318.SH,65.25,7.56,54.474569370897264,0.0,2.2011038218562926,1181523640173.75,12276535000000.0,702025000000.0,159427200000.0
2025-12-17,601318.SH,66.30000000000001,7.56,54.474569370897264,0.0,2.2011038218562926,1200536664268.5002,12276535000000.0,702025000000.0,159427200000.0
2025-12-18,601318.SH,66.75,7.56,54.474569370897264,0.0,2.2011038218562926,1208685103166.25,12276535000000.0,702025000000.0,159427200000.0
2025-12-19,601318.SH,67.0,7.56,54.474569370897264,0.0,2.2011038218562926,1213212013665.0,12276535000000.0,702025000000.0,159427200000.0
2025-12-22,601318.SH,66.79,7.56,54.474569370897264,0.0,2.2011038218562926,1209409408846.05,12276535000000.0,702025000000.0,159427200000.0
2025-12-23,601318.SH,67.74000000000001,7.56,54.474569370897264,0.0,2.2011038218562926,1226611668741.3,12276535000000.0,702025000000.0,159427200000.0
2025-12-24,601318.SH,67.28000000000002,7.56,54.474569370897264,0.0,2.2011038218562926,1218282153423.6003,12276535000000.0,702025000000.0,159427200000.0
2025-12-25,601318.SH,69.05,7.56,54.474569370897264,0.0,2.2011038218562926,1250332679754.75,12276535000000.0,702025000000.0,159427200000.0
2025-12-26,601318.SH,69.41000000000001,7.56,54.474569370897264,0.0,2.2011038218562926,1256851430872.9502,12276535000000.0,702025000000.0,159427200000.0
2025-12-29,601318.SH,68.13000000000001,7.56,54.474569370897264,0.0,2.2011038218562926,1233673649119.35,12276535000000.0,702025000000.0,159427200000.0
2025-12-30,601318.SH,67.05,7.56,54.474569370897264,0.0,2.2011038218562926,1214117395764.75,12276535000000.0,702025000000.0,159427200000.0
2025-12-31,601318.SH,66.65,7.68,55.24844152961729,0.0,2.232946731063312,1206874338966.75,12482483000000.0,745679000000.0,161733600000.0
2026-01-05,601318.SH,70.61,7.68,55.24844152961729,0.0,2.232946731063312,1278580601266.95,12482483000000.0,745679000000.0,161733600000.0
2026-01-06,601318.SH,72.57000000000001,7.68,55.24844152961729,0.0,2.232946731063312,1314071579577.1501,12482483000000.0,745679000000.0,161733600000.0
2026-01-07,601318.SH,71.7,7.68,55.24844152961729,0.0,2.232946731063312,1298317931041.5,12482483000000.0,745679000000.0,161733600000.0
2026-01-08,601318.SH,68.63,7.68,55.24844152961729,0.0,2.232946731063312,1242727470116.8499,12482483000000.0,745679000000.0,161733600000.0
2026-01-09,601318.SH,67.25,7.68,55.24844152961729,0.0,2.232946731063312,1217738924163.75,12482483000000.0,745679000000.0,161733600000.0
2026-01-12,601318.SH,65.8,7.68,55.24844152961729,0.0,2.232946731063312,1191482843271.0,12482483000000.0,745679000000.0,161733600000.0
2026-01-13,601318.SH,66.45,7.68,55.24844152961729,0.0,2.232946731063312,1203252810567.75,12482483000000.0,745679000000.0,161733600000.0
2026-01-14,601318.SH,65.25000000000001,7.68,55.24844152961729,0.0,2.232946731063312,1181523640173.7502,12482483000000.0,745679000000.0,161733600000.0
2026-01-15,601318.SH,65.66,7.68,55.24844152961729,0.0,2.232946731063312,1188947773391.7,12482483000000.0,745679000000.0,161733600000.0
2026-01-16,601318.SH,64.58,7.68,55.24844152961729,0.0,2.232946731063312,1169391520037.0999,12482483000000.0,745679000000.0,161733600000.0
2026-01-19,601318.SH,64.55,7.68,55.24844152961729,0.0,2.232946731063312,1168848290777.25,12482483000000.0,745679000000.0,161733600000.0
2026-01-20,601318.SH,64.85,7.68,55.24844152961729,0.0,2.232946731063312,1174280583375.75,12482483000000.0,745679000000.0,161733600000.0
2026-01-21,601318.SH,64.10000000000001,7.68,55.24844152961729,0.0,2.232946731063312,1160699851879.5002,12482483000000.0,745679000000.0,161733600000.0
2026-01-22,601318.SH,63.05,7.68,55.24844152961729,0.0,2.232946731063312,1141686827784.75,12482483000000.0,745679000000.0,161733600000.0
2026-01-23,601318.SH,62.150000000000006,7.68,55.24844152961729,0.0,2.232946731063312,1125389949989.25,12482483000000.0,745679000000.0,161733600000.0
2026-01-26,601318.SH,62.39,7.68,55.24844152961729,0.0,2.232946731063312,1129735784068.05,12482483000000.0,745679000000.0,161733600000.0
2026-01-27,601318.SH,63.56,7.68,55.24844152961729,0.0,2.232946731063312,1150921725202.2,12482483000000.0,745679000000.0,161733600000.0
2026-01-28,601318.SH,63.0,7.68,55.24844152961729,0.0,2.232946731063312,1140781445685.0,12482483000000.0,745679000000.0,161733600000.0
2026-01-29,601318.SH,66.25,7.68,55.24844152961729,0.0,2.232946731063312,1199631282168.75,12482483000000.0,745679000000.0,161733600000.0
2026-01-30,601318.SH,65.0,7.68,55.24844152961729,0.0,2.232946731063312,1176996729675.0,12482483000000.0,745679000000.0,161733600000.0
2026-02-02,601318.SH,64.27000000000001,7.68,55.24844152961729,0.0,2.232946731063312,1163778151018.6501,12482483000000.0,745679000000.0,161733600000.0
2026-02-03,601318.SH,64.83,7.68,55.24844152961729,0.0,2.232946731063312,1173918430535.8499,12482483000000.0,745679000000.0,161733600000.0
2026-02-04,601318.SH,65.65,7.68,55.24844152961729,0.0,2.232946731063312,1188766696971.75,12482483000000.0,745679000000.0,161733600000.0
2026-02-05,601318.SH,65.6,7.68,55.24844152961729,0.0,2.232946731063312,1187861314872.0,12482483000000.0,745679000000.0,161733600000.0
2026-02-06,601318.SH,65.15,7.68,55.24844152961729,0.0,2.232946731063312,1179712875974.25,12482483000000.0,745679000000.0,161733600000.0
2026-02-09,601318.SH,66.95,7.68,55.24844152961729,0.0,2.232946731063312,1212306631565.25,12482483000000.0,745679000000.0,161733600000.0
2026-02-10,601318.SH,66.44,7.68,55.24844152961729,0.0,2.232946731063312,1203071734147.8,12482483000000.0,745679000000.0,161733600000.0
2026-02-11,601318.SH,65.75,7.68,55.24844152961729,0.0,2.232946731063312,1190577461171.25,12482483000000.0,745679000000.0,161733600000.0
2026-02-12,601318.SH,64.78999999999999,7.68,55.24844152961729,0.0,2.232946731063312,1173194124856.0498,12482483000000.0,745679000000.0,161733600000.0
2026-02-13,601318.SH,63.540000000000006,7.68,55.24844152961729,0.0,2.232946731063312,1150559572362.3,12482483000000.0,745679000000.0,161733600000.0
2026-02-24,601318.SH,62.75,7.68,55.24844152961729,0.0,2.232946731063312,1136254535186.25,12482483000000.0,745679000000.0,161733600000.0
2026-02-25,601318.SH,63.3,7.68,55.24844152961729,0.0,2.232946731063312,1146213738283.5,12482483000000.0,745679000000.0,161733600000.0
2026-02-26,601318.SH,61.75,7.68,55.24844152961729,0.0,2.232946731063312,1118146893191.25,12482483000000.0,745679000000.0,161733600000.0
2026-02-27,601318.SH,61.34,7.68,55.24844152961729,0.0,2.232946731063312,1110722759973.3,12482483000000.0,745679000000.0,161733600000.0
2026-03-02,601318.SH,60.6,7.68,55.24844152961729,0.0,2.232946731063312,1097323104897.0,12482483000000.0,745679000000.0,161733600000.0
2026-03-03,601318.SH,60.82,7.68,55.24844152961729,0.0,2.232946731063312,1101306786135.9,12482483000000.0,745679000000.0,161733600000.0
2026-03-04,601318.SH,60.04,7.68,55.24844152961729,0.0,2.232946731063312,1087182825379.7999,12482483000000.0,745679000000.0,161733600000.0
2026-03-05,601318.SH,60.330000000000005,7.68,55.24844152961729,0.0,2.232946731063312,1092434041558.3501,12482483000000.0,745679000000.0,161733600000.0
2026-03-06,601318.SH,60.92,7.68,55.24844152961729,0.0,2.232946731063312,1103117550335.4001,12482483000000.0,745679000000.0,161733600000.0
2026-03-09,601318.SH,59.65,7.68,55.24844152961729,0.0,2.232946731063312,1080120845001.75,12482483000000.0,745679000000.0,161733600000.0
2026-03-10,601318.SH,60.339999999999996,7.68,55.24844152961729,0.0,2.232946731063312,1092615117978.2999,12482483000000.0,745679000000.0,161733600000.0
2026-03-11,601318.SH,60.800000000000004,7.68,55.24844152961729,0.0,2.232946731063312,1100944633296.0,12482483000000.0,745679000000.0,161733600000.0
2026-03-12,601318.SH,59.85,7.68,55.24844152961729,0.0,2.232946731063312,1083742373400.75,12482483000000.0,745679000000.0,161733600000.0
2026-03-13,601318.SH,59.449999999999996,7.68,55.24844152961729,0.0,2.232946731063312,1076499316602.7499,12482483000000.0,745679000000.0,161733600000.0
2026-03-16,601318.SH,58.730000000000004,7.68,55.24844152961729,0.0,2.232946731063312,1063461814366.3501,12482483000000.0,745679000000.0,161733600000.0
2026-03-17,601318.SH,60.089999999999996,7.68,55.24844152961729,0.0,2.232946731063312,1088088207479.5499,12482483000000.0,745679000000.0,161733600000.0
2026-03-18,601318.SH,60.14,7.68,55.24844152961729,0.0,2.232946731063312,1088993589579.3,12482483000000.0,745679000000.0,161733600000.0
2026-03-19,601318.SH,58.87,7.68,55.24844152961729,0.0,2.232946731063312,1065996884245.6499,12482483000000.0,745679000000.0,161733600000.0
2026-03-20,601318.SH,57.99,7.68,55.24844152961729,0.0,2.232946731063312,1050062159290.05,12482483000000.0,745679000000.0,161733600000.0
2026-03-23,601318.SH,55.72,7.68,55.24844152961729,0.0,2.232946731063312,1008957811961.4,12482483000000.0,745679000000.0,161733600000.0
2026-03-24,601318.SH,56.37,7.68,55.24844152961729,0.0,2.232946731063312,1020727779258.1499,12482483000000.0,745679000000.0,161733600000.0
2026-03-25,601318.SH,57.04,7.68,55.24844152961729,0.0,2.232946731063312,1032859899394.7999,12482483000000.0,745679000000.0,161733600000.0
2026-03-26,601318.SH,55.050000000000004,7.68,55.24844152961729,0.0,2.232946731063312,996825691824.7501,12482483000000.0,745679000000.0,161733600000.0
2026-03-27,601318.SH,55.2,7.68,55.24844152961729,0.0,2.232946731063312,999541838124.0,12482483000000.0,745679000000.0,161733600000.0
2026-03-30,601318.SH,54.580000000000005,7.68,55.24844152961729,0.0,2.232946731063312,988315100087.1001,12482483000000.0,745679000000.0,161733600000.0
2026-03-31,601318.SH,55.03,1.43,56.236477409989796,0.0,0.4145542529542373,996463538984.85,12735657000000.0,725711000000.0,30026400000.0
2026-04-01,601318.SH,56.43,1.43,56.236477409989796,0.0,0.4145542529542373,1021814237777.85,12735657000000.0,725711000000.0,30026400000.0
2026-04-02,601318.SH,55.510000000000005,1.43,56.236477409989796,0.0,0.4145542529542373,1005155207142.4501,12735657000000.0,725711000000.0,30026400000.0
2026-04-03,601318.SH,55.5,1.43,56.236477409989796,0.0,0.4145542529542373,1004974130722.5,12735657000000.0,725711000000.0,30026400000.0
2026-04-07,601318.SH,54.940000000000005,1.43,56.236477409989796,0.0,0.4145542529542373,994833851205.3,12735657000000.0,725711000000.0,30026400000.0
2026-04-08,601318.SH,57.7,1.43,56.236477409989796,0.0,0.4145542529542373,1044810943111.5,12735657000000.0,725711000000.0,30026400000.0
2026-04-09,601318.SH,56.99,1.43,56.236477409989796,0.0,0.4145542529542373,1031954517295.05,12735657000000.0,725711000000.0,30026400000.0
2026-04-10,601318.SH,57.07,1.43,56.236477409989796,0.0,0.4145542529542373,1033403128654.65,12735657000000.0,725711000000.0,30026400000.0
2026-04-13,601318.SH,56.0,1.43,56.236477409989796,0.0,0.4145542529542373,1014027951720.0,12735657000000.0,725711000000.0,30026400000.0
2026-04-14,601318.SH,57.220000000000006,1.43,56.236477409989796,0.0,0.4145542529542373,1036119274953.9001,12735657000000.0,725711000000.0,30026400000.0
2026-04-15,601318.SH,56.95,1.43,56.236477409989796,0.0,0.4145542529542373,1031230211615.25,12735657000000.0,725711000000.0,30026400000.0
2026-04-16,601318.SH,56.77,1.43,56.236477409989796,0.0,0.4145542529542373,1027970836056.15,12735657000000.0,725711000000.0,30026400000.0
2026-04-17,601318.SH,56.17,1.43,56.236477409989796,0.0,0.4145542529542373,1017106250859.15,12735657000000.0,725711000000.0,30026400000.0
2026-04-20,601318.SH,56.79,1.43,56.236477409989796,0.0,0.4145542529542373,1028332988896.0499,12735657000000.0,725711000000.0,30026400000.0
2026-04-21,601318.SH,56.28,1.43,56.236477409989796,0.0,0.4145542529542373,1019098091478.6,12735657000000.0,725711000000.0,30026400000.0
2026-04-22,601318.SH,56.28,1.43,56.236477409989796,0.0,0.4145542529542373,1019098091478.6,12735657000000.0,725711000000.0,30026400000.0
2026-04-23,601318.SH,56.13,1.43,56.236477409989796,0.0,0.4145542529542373,1016381945179.3501,12735657000000.0,725711000000.0,30026400000.0
2026-04-24,601318.SH,56.03,1.43,56.236477409989796,0.0,0.4145542529542373,1014571180979.85,12735657000000.0,725711000000.0,30026400000.0
2026-04-27,601318.SH,55.800000000000004,1.43,56.236477409989796,0.0,0.4145542529542373,1010406423321.0001,12735657000000.0,725711000000.0,30026400000.0
2026-04-28,601318.SH,55.88,1.43,56.236477409989796,0.0,0.4145542529542373,1011855034680.6001,12735657000000.0,725711000000.0,30026400000.0
2026-04-29,601318.SH,57.68000000000001,1.43,56.236477409989796,0.0,0.4145542529542373,1044448790271.6001,12735657000000.0,725711000000.0,30026400000.0
2026-04-30,601318.SH,57.620000000000005,1.43,56.236477409989796,0.0,0.4145542529542373,1043362331751.9,12735657000000.0,725711000000.0,30026400000.0
2026-05-06,601318.SH,57.61000000000001,1.43,56.236477409989796,0.0,0.4145542529542373,1043181255331.9501,12735657000000.0,725711000000.0,30026400000.0
2026-05-07,601318.SH,58.29,1.43,56.236477409989796,0.0,0.4145542529542373,1055494451888.5499,12735657000000.0,725711000000.0,30026400000.0
2026-05-08,601318.SH,58.31,1.43,56.236477409989796,0.0,0.4145542529542373,1055856604728.4501,12735657000000.0,725711000000.0,30026400000.0
2026-05-11,601318.SH,58.35,1.43,56.236477409989796,0.0,0.4145542529542373,1056580910408.25,12735657000000.0,725711000000.0,30026400000.0
2026-05-12,601318.SH,57.65,1.43,56.236477409989796,0.0,0.4145542529542373,1043905561011.75,12735657000000.0,725711000000.0,30026400000.0
2026-05-13,601318.SH,56.29,1.43,56.236477409989796,0.0,0.4145542529542373,1019279167898.5499,12735657000000.0,725711000000.0,30026400000.0
2026-05-14,601318.SH,55.15,1.43,56.236477409989796,0.0,0.4145542529542373,998636456024.25,12735657000000.0,725711000000.0,30026400000.0
2026-05-15,601318.SH,53.75,1.43,56.236477409989796,0.0,0.4145542529542373,973285757231.25,12735657000000.0,725711000000.0,30026400000.0
2026-05-18,601318.SH,53.14,1.43,56.236477409989796,0.0,0.4145542529542373,962240095614.3,12735657000000.0,725711000000.0,30026400000.0
2026-05-19,601318.SH,52.730000000000004,1.43,56.236477409989796,0.0,0.4145542529542373,954815962396.3501,12735657000000.0,725711000000.0,30026400000.0
2026-05-20,601318.SH,52.36,1.43,56.236477409989796,0.0,0.4145542529542373,948116134858.2,12735657000000.0,725711000000.0,30026400000.0
2026-05-21,601318.SH,52.01,1.43,56.236477409989796,0.0,0.4145542529542373,941778460159.95,12735657000000.0,725711000000.0,30026400000.0
2026-05-22,601318.SH,51.93,1.43,56.236477409989796,0.0,0.4145542529542373,940329848800.35,12735657000000.0,725711000000.0,30026400000.0
2026-05-25,601318.SH,52.47,1.43,56.236477409989796,0.0,0.4145542529542373,950107975477.65,12735657000000.0,725711000000.0,30026400000.0
2026-05-26,601318.SH,52.52,1.43,56.236477409989796,0.0,0.4145542529542373,951013357577.4,12735657000000.0,725711000000.0,30026400000.0
2026-05-27,601318.SH,51.52,1.43,56.236477409989796,0.0,0.4145542529542373,932905715582.4,12735657000000.0,725711000000.0,30026400000.0
2026-05-28,601318.SH,50.72,1.43,56.236477409989796,0.0,0.4145542529542373,918419601986.4,12735657000000.0,725711000000.0,30026400000.0
2026-05-29,601318.SH,51.75,1.43,56.236477409989796,0.0,0.4145542529542373,937070473241.25,12735657000000.0,725711000000.0,30026400000.0
2024-04-01,300750.SZ,179.06500100000002,2.39,44.89877104145394,0.0,0.6814849747229579,828466998822.6772,500818089800.0,288572136900.0,12611907600.0
2024-04-02,300750.SZ,180.925001,2.39,44.89877104145394,0.0,0.6814849747229579,837072525358.8772,500818089800.0,288572136900.0,12611907600.0
2024-04-03,300750.SZ,178.87500100000003,2.39,44.89877104145394,0.0,0.6814849747229579,827587939660.3773,500818089800.0,288572136900.0,12611907600.0
2024-04-08,300750.SZ,175.82500100000001,2.39,44.89877104145394,0.0,0.6814849747229579,813476726791.8772,500818089800.0,288572136900.0,12611907600.0
2024-04-09,300750.SZ,177.22500100000002,2.39,44.89877104145394,0.0,0.6814849747229579,819954004829.8773,500818089800.0,288572136900.0,12611907600.0
2024-04-10,300750.SZ,173.96500100000003,2.39,44.89877104145394,0.0,0.6814849747229579,804871200255.6772,500818089800.0,288572136900.0,12611907600.0
2024-04-11,300750.SZ,173.82500100000001,2.39,44.89877104145394,0.0,0.6814849747229579,804223472451.8772,500818089800.0,288572136900.0,12611907600.0
2024-04-12,300750.SZ,169.615001,2.39,44.89877104145394,0.0,0.6814849747229579,784745372066.1772,500818089800.0,288572136900.0,12611907600.0
2024-04-15,300750.SZ,178.36500100000003,2.39,44.89877104145394,0.0,0.6814849747229579,825228359803.6774,500818089800.0,288572136900.0,12611907600.0
2024-04-16,300750.SZ,178.37500100000003,2.39,44.89877104145394,0.0,0.6814849747229579,825274626075.3773,500818089800.0,288572136900.0,12611907600.0
2024-04-17,300750.SZ,177.21500100000003,2.39,44.89877104145394,0.0,0.6814849747229579,819907738558.1772,500818089800.0,288572136900.0,12611907600.0
2024-04-18,300750.SZ,176.78500100000002,2.39,44.89877104145394,0.0,0.6814849747229579,817918288875.0773,500818089800.0,288572136900.0,12611907600.0
2024-04-19,300750.SZ,172.025001,2.39,44.89877104145394,0.0,0.6814849747229579,795895543545.8772,500818089800.0,288572136900.0,12611907600.0
2024-04-22,300750.SZ,171.82500100000001,2.39,44.89877104145394,0.0,0.6814849747229579,794970218111.8772,500818089800.0,288572136900.0,12611907600.0
2024-04-23,300750.SZ,171.15500100000003,2.39,44.89877104145394,0.0,0.6814849747229579,791870377907.9773,500818089800.0,288572136900.0,12611907600.0
2024-04-24,300750.SZ,170.82500100000001,2.39,44.89877104145394,0.0,0.6814849747229579,790343590941.8772,500818089800.0,288572136900.0,12611907600.0
2024-04-25,300750.SZ,174.42500100000004,2.39,44.89877104145394,0.0,0.6814849747229579,806999448753.8773,500818089800.0,288572136900.0,12611907600.0
2024-04-26,300750.SZ,179.705001,2.39,44.89877104145394,0.0,0.6814849747229579,831428040211.4772,500818089800.0,288572136900.0,12611907600.0
2024-04-29,300750.SZ,190.85500100000002,2.39,44.89877104145394,0.0,0.6814849747229579,883014933156.9773,500818089800.0,288572136900.0,12611907600.0
2024-04-30,300750.SZ,188.853001,2.39,44.89877104145394,0.0,0.6814849747229579,873752425562.6372,500818089800.0,288572136900.0,12611907600.0
2024-05-06,300750.SZ,193.233001,2.39,44.89877104145394,0.0,0.6814849747229579,894017052567.2372,500818089800.0,288572136900.0,12611907600.0
2024-05-07,300750.SZ,193.133001,2.39,44.89877104145394,0.0,0.6814849747229579,893554389850.2372,500818089800.0,288572136900.0,12611907600.0
2024-05-08,300750.SZ,189.48300100000003,2.39,44.89877104145394,0.0,0.6814849747229579,876667200679.7373,500818089800.0,288572136900.0,12611907600.0
2024-05-09,300750.SZ,195.65300100000002,2.39,44.89877104145394,0.0,0.6814849747229579,905213490318.6372,500818089800.0,288572136900.0,12611907600.0
2024-05-10,300750.SZ,189.753001,2.39,44.89877104145394,0.0,0.6814849747229579,877916390015.6372,500818089800.0,288572136900.0,12611907600.0
2024-05-13,300750.SZ,185.603001,2.39,44.89877104145394,0.0,0.6814849747229579,858715887260.1372,500818089800.0,288572136900.0,12611907600.0
2024-05-14,300750.SZ,185.263001,2.39,44.89877104145394,0.0,0.6814849747229579,857142834022.3372,500818089800.0,288572136900.0,12611907600.0
2024-05-15,300750.SZ,184.143001,2.39,44.89877104145394,0.0,0.6814849747229579,851961011591.9371,500818089800.0,288572136900.0,12611907600.0
2024-05-16,300750.SZ,185.92300100000003,2.39,44.89877104145394,0.0,0.6814849747229579,860196407954.5374,500818089800.0,288572136900.0,12611907600.0
2024-05-17,300750.SZ,189.253001,2.39,44.89877104145394,0.0,0.6814849747229579,875603076430.6372,500818089800.0,288572136900.0,12611907600.0
2024-05-20,300750.SZ,189.703001,2.39,44.89877104145394,0.0,0.6814849747229579,877685058657.1372,500818089800.0,288572136900.0,12611907600.0
2024-05-21,300750.SZ,187.813001,2.39,44.89877104145394,0.0,0.6814849747229579,868940733305.8373,500818089800.0,288572136900.0,12611907600.0
2024-05-22,300750.SZ,191.143001,2.39,44.89877104145394,0.0,0.6814849747229579,884347401781.9371,500818089800.0,288572136900.0,12611907600.0
2024-05-23,300750.SZ,190.59300100000002,2.39,44.89877104145394,0.0,0.6814849747229579,881802756838.4373,500818089800.0,288572136900.0,12611907600.0
2024-05-24,300750.SZ,187.233001,2.39,44.89877104145394,0.0,0.6814849747229579,866257289547.2372,500818089800.0,288572136900.0,12611907600.0
2024-05-27,300750.SZ,186.263001,2.39,44.89877104145394,0.0,0.6814849747229579,861769461192.3372,500818089800.0,288572136900.0,12611907600.0
2024-05-28,300750.SZ,184.053001,2.39,44.89877104145394,0.0,0.6814849747229579,851544615146.6371,500818089800.0,288572136900.0,12611907600.0
2024-05-29,300750.SZ,185.04300100000003,2.39,44.89877104145394,0.0,0.6814849747229579,856124976044.9374,500818089800.0,288572136900.0,12611907600.0
2024-05-30,300750.SZ,185.603001,2.39,44.89877104145394,0.0,0.6814849747229579,858715887260.1372,500818089800.0,288572136900.0,12611907600.0
2024-05-31,300750.SZ,184.013001,2.39,44.89877104145394,0.0,0.6814849747229579,851359550059.8372,500818089800.0,288572136900.0,12611907600.0
2024-06-03,300750.SZ,188.753001,2.39,44.89877104145394,0.0,0.6814849747229579,873289762845.6372,500818089800.0,288572136900.0,12611907600.0
2024-06-04,300750.SZ,192.223001,2.39,44.89877104145394,0.0,0.6814849747229579,889344159125.5372,500818089800.0,288572136900.0,12611907600.0
2024-06-05,300750.SZ,190.37300100000002,2.39,44.89877104145394,0.0,0.6814849747229579,880784898861.0372,500818089800.0,288572136900.0,12611907600.0
2024-06-06,300750.SZ,191.04300100000003,2.39,44.89877104145394,0.0,0.6814849747229579,883884739064.9374,500818089800.0,288572136900.0,12611907600.0
2024-06-07,300750.SZ,179.45300100000003,2.39,44.89877104145394,0.0,0.6814849747229579,830262130164.6373,500818089800.0,288572136900.0,12611907600.0
2024-06-11,300750.SZ,175.02300100000002,2.39,44.89877104145394,0.0,0.6814849747229579,809766171801.5372,500818089800.0,288572136900.0,12611907600.0
2024-06-12,300750.SZ,171.853001,2.39,44.89877104145394,0.0,0.6814849747229579,795099763672.6372,500818089800.0,288572136900.0,12611907600.0
2024-06-13,300750.SZ,171.43300100000002,2.39,44.89877104145394,0.0,0.6814849747229579,793156580261.2373,500818089800.0,288572136900.0,12611907600.0
2024-06-14,300750.SZ,171.14300100000003,2.39,44.89877104145394,0.0,0.6814849747229579,791814858381.9373,500818089800.0,288572136900.0,12611907600.0
2024-06-17,300750.SZ,174.453001,2.39,44.89877104145394,0.0,0.6814849747229579,807128994314.6372,500818089800.0,288572136900.0,12611907600.0
2024-06-18,300750.SZ,176.58300100000002,2.39,44.89877104145394,0.0,0.6814849747229579,816983710186.7373,500818089800.0,288572136900.0,12611907600.0
2024-06-19,300750.SZ,175.26300100000003,2.39,44.89877104145394,0.0,0.6814849747229579,810876562322.3373,500818089800.0,288572136900.0,12611907600.0
2024-06-20,300750.SZ,174.243001,2.39,44.89877104145394,0.0,0.6814849747229579,806157402608.9371,500818089800.0,288572136900.0,12611907600.0
2024-06-21,300750.SZ,171.413001,2.39,44.89877104145394,0.0,0.6814849747229579,793064047717.8372,500818089800.0,288572136900.0,12611907600.0
2024-06-24,300750.SZ,173.233001,2.39,44.89877104145394,0.0,0.6814849747229579,801484509167.2372,500818089800.0,288572136900.0,12611907600.0
2024-06-25,300750.SZ,172.573001,2.39,44.89877104145394,0.0,0.6814849747229579,798430935235.0372,500818089800.0,288572136900.0,12611907600.0
2024-06-26,300750.SZ,171.76300100000003,2.39,44.89877104145394,0.0,0.6814849747229579,794683367227.3373,500818089800.0,288572136900.0,12611907600.0
2024-06-27,300750.SZ,171.253001,2.39,44.89877104145394,0.0,0.6814849747229579,792323787370.6372,500818089800.0,288572136900.0,12611907600.0
2024-06-28,300750.SZ,166.283001,2.39,44.89877104145394,0.0,0.6814849747229579,769329450335.7372,500818089800.0,288572136900.0,12611907600.0
2024-07-01,300750.SZ,162.32300100000003,5.2,42.41343341266031,0.0,1.482612678298001,751008006742.5374,495412262100.0,255002207100.0,27437984400.0
2024-07-02,300750.SZ,162.33300100000002,5.2,42.41343341266031,0.0,1.482612678298001,751054273014.2373,495412262100.0,255002207100.0,27437984400.0
2024-07-03,300750.SZ,165.753001,5.2,42.41343341266031,0.0,1.482612678298001,766877337935.6372,495412262100.0,255002207100.0,27437984400.0
2024-07-04,300750.SZ,165.85300100000003,5.2,42.41343341266031,0.0,1.482612678298001,767340000652.6373,495412262100.0,255002207100.0,27437984400.0
2024-07-05,300750.SZ,163.87300100000002,5.2,42.41343341266031,0.0,1.482612678298001,758179278856.0372,495412262100.0,255002207100.0,27437984400.0
2024-07-08,300750.SZ,162.163001,5.2,42.41343341266031,0.0,1.482612678298001,750267746395.3372,495412262100.0,255002207100.0,27437984400.0
2024-07-09,300750.SZ,162.02300100000002,5.2,42.41343341266031,0.0,1.482612678298001,749620018591.5372,495412262100.0,255002207100.0,27437984400.0
2024-07-10,300750.SZ,159.30300100000002,5.2,42.41343341266031,0.0,1.482612678298001,737035592689.1373,495412262100.0,255002207100.0,27437984400.0
2024-07-11,300750.SZ,163.26300100000003,5.2,42.41343341266031,0.0,1.482612678298001,755357036282.3373,495412262100.0,255002207100.0,27437984400.0
2024-07-12,300750.SZ,166.05300100000002,5.2,42.41343341266031,0.0,1.482612678298001,768265326086.6373,495412262100.0,255002207100.0,27437984400.0
2024-07-15,300750.SZ,164.37300100000002,5.2,42.41343341266031,0.0,1.482612678298001,760492592441.0372,495412262100.0,255002207100.0,27437984400.0
2024-07-16,300750.SZ,165.55300100000002,5.2,42.41343341266031,0.0,1.482612678298001,765952012501.6373,495412262100.0,255002207100.0,27437984400.0
2024-07-17,300750.SZ,167.143001,5.2,42.41343341266031,0.0,1.482612678298001,773308349701.9371,495412262100.0,255002207100.0,27437984400.0
2024-07-18,300750.SZ,174.603001,5.2,42.41343341266031,0.0,1.482612678298001,807822988390.1372,495412262100.0,255002207100.0,27437984400.0
2024-07-19,300750.SZ,175.69300100000004,5.2,42.41343341266031,0.0,1.482612678298001,812866012005.4374,495412262100.0,255002207100.0,27437984400.0
2024-07-22,300750.SZ,175.77300100000002,5.2,42.41343341266031,0.0,1.482612678298001,813236142179.0372,495412262100.0,255002207100.0,27437984400.0
2024-07-23,300750.SZ,172.45300100000003,5.2,42.41343341266031,0.0,1.482612678298001,797875739974.6373,495412262100.0,255002207100.0,27437984400.0
2024-07-24,300750.SZ,172.57300100000003,5.2,42.41343341266031,0.0,1.482612678298001,798430935235.0374,495412262100.0,255002207100.0,27437984400.0
2024-07-25,300750.SZ,173.983001,5.2,42.41343341266031,0.0,1.482612678298001,804954479544.7372,495412262100.0,255002207100.0,27437984400.0
2024-07-26,300750.SZ,175.60300100000003,5.2,42.41343341266031,0.0,1.482612678298001,812449615560.1373,495412262100.0,255002207100.0,27437984400.0
2024-07-29,300750.SZ,170.783001,5.2,42.41343341266031,0.0,1.482612678298001,790149272600.7372,495412262100.0,255002207100.0,27437984400.0
2024-07-30,300750.SZ,171.143001,5.2,42.41343341266031,0.0,1.482612678298001,791814858381.9371,495412262100.0,255002207100.0,27437984400.0
2024-07-31,300750.SZ,172.563001,5.2,42.41343341266031,0.0,1.482612678298001,798384668963.3373,495412262100.0,255002207100.0,27437984400.0
2024-08-01,300750.SZ,166.553001,5.2,42.41343341266031,0.0,1.482612678298001,770578639671.6371,495412262100.0,255002207100.0,27437984400.0
2024-08-02,300750.SZ,163.34300100000002,5.2,42.41343341266031,0.0,1.482612678298001,755727166455.9373,495412262100.0,255002207100.0,27437984400.0
2024-08-05,300750.SZ,163.253001,5.2,42.41343341266031,0.0,1.482612678298001,755310770010.6372,495412262100.0,255002207100.0,27437984400.0
2024-08-06,300750.SZ,161.20300100000003,5.2,42.41343341266031,0.0,1.482612678298001,745826184312.1373,495412262100.0,255002207100.0,27437984400.0
2024-08-07,300750.SZ,159.92300100000003,5.2,42.41343341266031,0.0,1.482612678298001,739904101534.5374,495412262100.0,255002207100.0,27437984400.0
2024-08-08,300750.SZ,158.65300100000002,5.2,42.41343341266031,0.0,1.482612678298001,734028285028.6372,495412262100.0,255002207100.0,27437984400.0
2024-08-09,300750.SZ,156.253001,5.2,42.41343341266031,0.0,1.482612678298001,722924379820.6372,495412262100.0,255002207100.0,27437984400.0
2024-08-12,300750.SZ,155.253001,5.2,42.41343341266031,0.0,1.482612678298001,718297752650.6372,495412262100.0,255002207100.0,27437984400.0
2024-08-13,300750.SZ,160.033001,5.2,42.41343341266031,0.0,1.482612678298001,740413030523.2372,495412262100.0,255002207100.0,27437984400.0
2024-08-14,300750.SZ,158.46300100000002,5.2,42.41343341266031,0.0,1.482612678298001,733149225866.3373,495412262100.0,255002207100.0,27437984400.0
2024-08-15,300750.SZ,159.65300100000002,5.2,42.41343341266031,0.0,1.482612678298001,738654912198.6372,495412262100.0,255002207100.0,27437984400.0
2024-08-16,300750.SZ,159.87300100000002,5.2,42.41343341266031,0.0,1.482612678298001,739672770176.0372,495412262100.0,255002207100.0,27437984400.0
2024-08-19,300750.SZ,161.853001,5.2,42.41343341266031,0.0,1.482612678298001,748833491972.6372,495412262100.0,255002207100.0,27437984400.0
2024-08-20,300750.SZ,161.12300100000002,5.2,42.41343341266031,0.0,1.482612678298001,745456054138.5372,495412262100.0,255002207100.0,27437984400.0
2024-08-21,300750.SZ,160.263001,5.2,42.41343341266031,0.0,1.482612678298001,741477154772.3372,495412262100.0,255002207100.0,27437984400.0
2024-08-22,300750.SZ,165.05300100000002,5.2,42.41343341266031,0.0,1.482612678298001,763638698916.6373,495412262100.0,255002207100.0,27437984400.0
2024-08-23,300750.SZ,168.05300100000002,5.2,42.41343341266031,0.0,1.482612678298001,777518580426.6373,495412262100.0,255002207100.0,27437984400.0
2024-08-26,300750.SZ,170.173001,5.2,42.41343341266031,0.0,1.482612678298001,787327030027.0371,495412262100.0,255002207100.0,27437984400.0
2024-08-27,300750.SZ,169.753001,5.2,42.41343341266031,0.0,1.482612678298001,785383846615.6372,495412262100.0,255002207100.0,27437984400.0
2024-08-28,300750.SZ,169.073001,5.2,42.41343341266031,0.0,1.482612678298001,782237740140.0372,495412262100.0,255002207100.0,27437984400.0
2024-08-29,300750.SZ,167.05300100000002,5.2,42.41343341266031,0.0,1.482612678298001,772891953256.6373,495412262100.0,255002207100.0,27437984400.0
2024-08-30,300750.SZ,170.59300100000002,5.2,42.41343341266031,0.0,1.482612678298001,789270213438.4373,495412262100.0,255002207100.0,27437984400.0
2024-09-02,300750.SZ,167.443001,5.2,42.41343341266031,0.0,1.482612678298001,774696337852.9373,495412262100.0,255002207100.0,27437984400.0
2024-09-03,300750.SZ,171.90300100000002,5.2,42.41343341266031,0.0,1.482612678298001,795331095031.1372,495412262100.0,255002207100.0,27437984400.0
2024-09-04,300750.SZ,173.40300100000002,5.2,42.41343341266031,0.0,1.482612678298001,802271035786.1372,495412262100.0,255002207100.0,27437984400.0
2024-09-05,300750.SZ,173.05300100000002,5.2,42.41343341266031,0.0,1.482612678298001,800651716276.6373,495412262100.0,255002207100.0,27437984400.0
2024-09-06,300750.SZ,172.20300100000003,5.2,42.41343341266031,0.0,1.482612678298001,796719083182.1373,495412262100.0,255002207100.0,27437984400.0
2024-09-09,300750.SZ,171.40300100000002,5.2,42.41343341266031,0.0,1.482612678298001,793017781446.1372,495412262100.0,255002207100.0,27437984400.0
2024-09-10,300750.SZ,167.41300100000004,5.2,42.41343341266031,0.0,1.482612678298001,774557539037.8373,495412262100.0,255002207100.0,27437984400.0
2024-09-11,300750.SZ,172.813001,5.2,42.41343341266031,0.0,1.482612678298001,799541325755.8373,495412262100.0,255002207100.0,27437984400.0
2024-09-12,300750.SZ,175.603001,5.2,42.41343341266031,0.0,1.482612678298001,812449615560.1372,495412262100.0,255002207100.0,27437984400.0
2024-09-13,300750.SZ,169.753001,5.2,42.41343341266031,0.0,1.482612678298001,785383846615.6372,495412262100.0,255002207100.0,27437984400.0
2024-09-18,300750.SZ,172.65300100000002,5.2,42.41343341266031,0.0,1.482612678298001,798801065408.6372,495412262100.0,255002207100.0,27437984400.0
2024-09-19,300750.SZ,173.15300100000002,5.2,42.41343341266031,0.0,1.482612678298001,801114378993.6372,495412262100.0,255002207100.0,27437984400.0
2024-09-20,300750.SZ,171.853001,5.2,42.41343341266031,0.0,1.482612678298001,795099763672.6372,495412262100.0,255002207100.0,27437984400.0
2024-09-23,300750.SZ,174.453001,5.2,42.41343341266031,0.0,1.482612678298001,807128994314.6372,495412262100.0,255002207100.0,27437984400.0
2024-09-24,300750.SZ,183.77300100000002,5.2,42.41343341266031,0.0,1.482612678298001,850249159539.0372,495412262100.0,255002207100.0,27437984400.0
2024-09-25,300750.SZ,189.353001,5.2,42.41343341266031,0.0,1.482612678298001,876065739147.6372,495412262100.0,255002207100.0,27437984400.0
2024-09-26,300750.SZ,191.76300100000003,5.2,42.41343341266031,0.0,1.482612678298001,887215910627.3373,495412262100.0,255002207100.0,27437984400.0
2024-09-27,300750.SZ,213.063001,5.2,42.41343341266031,0.0,1.482612678298001,985763069348.3373,495412262100.0,255002207100.0,27437984400.0
2024-09-30,300750.SZ,238.143001,8.19,51.215760962213,0.0,2.3343835159295967,1101798878771.9373,474934361000.0,264675795100.0,43201288800.0
2024-10-08,300750.SZ,285.253001,8.19,51.215760962213,0.0,2.3343835159295967,1319759284750.6372,474934361000.0,264675795100.0,43201288800.0
2024-10-09,300750.SZ,241.253001,8.19,51.215760962213,0.0,2.3343835159295967,1116187689270.6372,474934361000.0,264675795100.0,43201288800.0
2024-10-10,300750.SZ,244.25300099999998,8.19,51.215760962213,0.0,2.3343835159295967,1130067570780.6372,474934361000.0,264675795100.0,43201288800.0
2024-10-11,300750.SZ,228.04300100000003,8.19,51.215760962213,0.0,2.3343835159295967,1055069944354.9374,474934361000.0,264675795100.0,43201288800.0
2024-10-14,300750.SZ,235.973001,8.19,51.215760962213,0.0,2.3343835159295967,1091759097813.0372,474934361000.0,264675795100.0,43201288800.0
2024-10-15,300750.SZ,227.473001,8.19,51.215760962213,0.0,2.3343835159295967,1052432766868.0372,474934361000.0,264675795100.0,43201288800.0
2024-10-16,300750.SZ,220.10300100000003,8.19,51.215760962213,0.0,2.3343835159295967,1018334524625.1373,474934361000.0,264675795100.0,43201288800.0
2024-10-17,300750.SZ,217.753001,8.19,51.215760962213,0.0,2.3343835159295967,1007461950775.6372,474934361000.0,264675795100.0,43201288800.0
2024-10-18,300750.SZ,236.143001,8.19,51.215760962213,0.0,2.3343835159295967,1092545624431.9371,474934361000.0,264675795100.0,43201288800.0
2024-10-21,300750.SZ,239.61300100000003,8.19,51.215760962213,0.0,2.3343835159295967,1108600020711.8374,474934361000.0,264675795100.0,43201288800.0
2024-10-22,300750.SZ,236.80300100000002,8.19,51.215760962213,0.0,2.3343835159295967,1095599198364.1373,474934361000.0,264675795100.0,43201288800.0
2024-10-23,300750.SZ,235.55300100000002,8.19,51.215760962213,0.0,2.3343835159295967,1089815914401.6373,474934361000.0,264675795100.0,43201288800.0
2024-10-24,300750.SZ,232.413001,8.19,51.215760962213,0.0,2.3343835159295967,1075288305087.8372,474934361000.0,264675795100.0,43201288800.0
2024-10-25,300750.SZ,245.13300099999998,8.19,51.215760962213,0.0,2.3343835159295967,1134139002690.237,474934361000.0,264675795100.0,43201288800.0
2024-10-28,300750.SZ,242.49300100000002,8.19,51.215760962213,0.0,2.3343835159295967,1121924706961.4373,474934361000.0,264675795100.0,43201288800.0
2024-10-29,300750.SZ,238.033001,8.19,51.215760962213,0.0,2.3343835159295967,1101289949783.2373,474934361000.0,264675795100.0,43201288800.0
2024-10-30,300750.SZ,234.283001,8.19,51.215760962213,0.0,2.3343835159295967,1083940097895.7372,474934361000.0,264675795100.0,43201288800.0
2024-10-31,300750.SZ,232.233001,8.19,51.215760962213,0.0,2.3343835159295967,1074455512197.2372,474934361000.0,264675795100.0,43201288800.0
2024-11-01,300750.SZ,232.45300100000003,8.19,51.215760962213,0.0,2.3343835159295967,1075473370174.6373,474934361000.0,264675795100.0,43201288800.0
2024-11-04,300750.SZ,237.453001,8.19,51.215760962213,0.0,2.3343835159295967,1098606506024.6372,474934361000.0,264675795100.0,43201288800.0
2024-11-05,300750.SZ,247.64300099999997,8.19,51.215760962213,0.0,2.3343835159295967,1145751836886.937,474934361000.0,264675795100.0,43201288800.0
2024-11-06,300750.SZ,242.753001,8.19,51.215760962213,0.0,2.3343835159295967,1123127630025.6372,474934361000.0,264675795100.0,43201288800.0
2024-11-07,300750.SZ,249.053001,8.19,51.215760962213,0.0,2.3343835159295967,1152275381196.6372,474934361000.0,264675795100.0,43201288800.0
2024-11-08,300750.SZ,243.75300099999998,8.19,51.215760962213,0.0,2.3343835159295967,1127754257195.6372,474934361000.0,264675795100.0,43201288800.0
2024-11-11,300750.SZ,253.75300099999998,8.19,51.215760962213,0.0,2.3343835159295967,1174020528895.6372,474934361000.0,264675795100.0,43201288800.0
2024-11-12,300750.SZ,259.273001,8.19,51.215760962213,0.0,2.3343835159295967,1199559510874.0374,474934361000.0,264675795100.0,43201288800.0
2024-11-13,300750.SZ,268.253001,8.19,51.215760962213,0.0,2.3343835159295967,1241106622860.6372,474934361000.0,264675795100.0,43201288800.0
2024-11-14,300750.SZ,261.253001,8.19,51.215760962213,0.0,2.3343835159295967,1208720232670.6372,474934361000.0,264675795100.0,43201288800.0
2024-11-15,300750.SZ,251.81300099999999,8.19,51.215760962213,0.0,2.3343835159295967,1165044872185.8372,474934361000.0,264675795100.0,43201288800.0
2024-11-18,300750.SZ,249.173001,8.19,51.215760962213,0.0,2.3343835159295967,1152830576457.037,474934361000.0,264675795100.0,43201288800.0
2024-11-19,300750.SZ,254.973001,8.19,51.215760962213,0.0,2.3343835159295967,1179665014043.037,474934361000.0,264675795100.0,43201288800.0
2024-11-20,300750.SZ,253.803001,8.19,51.215760962213,0.0,2.3343835159295967,1174251860254.1372,474934361000.0,264675795100.0,43201288800.0
2024-11-21,300750.SZ,254.51300100000003,8.19,51.215760962213,0.0,2.3343835159295967,1177536765544.8374,474934361000.0,264675795100.0,43201288800.0
2024-11-22,300750.SZ,245.353001,8.19,51.215760962213,0.0,2.3343835159295967,1135156860667.6372,474934361000.0,264675795100.0,43201288800.0
2024-11-25,300750.SZ,250.353001,8.19,51.215760962213,0.0,2.3343835159295967,1158289996517.6372,474934361000.0,264675795100.0,43201288800.0
2024-11-26,300750.SZ,242.97300099999998,8.19,51.215760962213,0.0,2.3343835159295967,1124145488003.037,474934361000.0,264675795100.0,43201288800.0
2024-11-27,300750.SZ,246.15300099999996,8.19,51.215760962213,0.0,2.3343835159295967,1138858162403.637,474934361000.0,264675795100.0,43201288800.0
2024-11-28,300750.SZ,240.953001,8.19,51.215760962213,0.0,2.3343835159295967,1114799701119.6372,474934361000.0,264675795100.0,43201288800.0
2024-11-29,300750.SZ,247.493001,8.19,51.215760962213,0.0,2.3343835159295967,1145057842811.4373,474934361000.0,264675795100.0,43201288800.0
2024-12-02,300750.SZ,248.44300099999998,8.19,51.215760962213,0.0,2.3343835159295967,1149453138622.937,474934361000.0,264675795100.0,43201288800.0
2024-12-03,300750.SZ,248.09300099999996,8.19,51.215760962213,0.0,2.3343835159295967,1147833819113.437,474934361000.0,264675795100.0,43201288800.0
2024-12-04,300750.SZ,245.223001,8.19,51.215760962213,0.0,2.3343835159295967,1134555399135.537,474934361000.0,264675795100.0,43201288800.0
2024-12-05,300750.SZ,242.253001,8.19,51.215760962213,0.0,2.3343835159295967,1120814316440.6372,474934361000.0,264675795100.0,43201288800.0
2024-12-06,300750.SZ,252.803001,8.19,51.215760962213,0.0,2.3343835159295967,1169625233084.1372,474934361000.0,264675795100.0,43201288800.0
2024-12-09,300750.SZ,254.303001,8.19,51.215760962213,0.0,2.3343835159295967,1176565173839.1372,474934361000.0,264675795100.0,43201288800.0
2024-12-10,300750.SZ,256.823001,8.19,51.215760962213,0.0,2.3343835159295967,1188224274307.537,474934361000.0,264675795100.0,43201288800.0
2024-12-11,300750.SZ,253.35300099999995,8.19,51.215760962213,0.0,2.3343835159295967,1172169878027.637,474934361000.0,264675795100.0,43201288800.0
2024-12-12,300750.SZ,259.96300099999996,8.19,51.215760962213,0.0,2.3343835159295967,1202751883621.337,474934361000.0,264675795100.0,43201288800.0
2024-12-13,300750.SZ,253.28300099999996,8.19,51.215760962213,0.0,2.3343835159295967,1171846014125.737,474934361000.0,264675795100.0,43201288800.0
2024-12-16,300750.SZ,253.45300099999997,8.19,51.215760962213,0.0,2.3343835159295967,1172632540744.637,474934361000.0,264675795100.0,43201288800.0
2024-12-17,300750.SZ,260.053001,8.19,51.215760962213,0.0,2.3343835159295967,1203168280066.6372,474934361000.0,264675795100.0,43201288800.0
2024-12-18,300750.SZ,257.663001,8.19,51.215760962213,0.0,2.3343835159295967,1192110641130.3372,474934361000.0,264675795100.0,43201288800.0
2024-12-19,300750.SZ,256.043001,8.19,51.215760962213,0.0,2.3343835159295967,1184615505114.9373,474934361000.0,264675795100.0,43201288800.0
2024-12-20,300750.SZ,248.96300099999996,8.19,51.215760962213,0.0,2.3343835159295967,1151858984751.337,474934361000.0,264675795100.0,43201288800.0
2024-12-23,300750.SZ,249.75300099999998,8.19,51.215760962213,0.0,2.3343835159295967,1155514020215.6372,474934361000.0,264675795100.0,43201288800.0
2024-12-24,300750.SZ,254.483001,8.19,51.215760962213,0.0,2.3343835159295967,1177397966729.737,474934361000.0,264675795100.0,43201288800.0
2024-12-25,300750.SZ,254.22300099999995,8.19,51.215760962213,0.0,2.3343835159295967,1176195043665.5369,474934361000.0,264675795100.0,43201288800.0
2024-12-26,300750.SZ,247.50300099999998,8.19,51.215760962213,0.0,2.3343835159295967,1145104109083.1372,474934361000.0,264675795100.0,43201288800.0
2024-12-27,300750.SZ,248.25300099999998,8.19,51.215760962213,0.0,2.3343835159295967,1148574079460.6372,474934361000.0,264675795100.0,43201288800.0
2024-12-30,300750.SZ,252.83300099999997,8.19,51.215760962213,0.0,2.3343835159295967,1169764031899.237,474934361000.0,264675795100.0,43201288800.0
2024-12-31,300750.SZ,252.25300100000004,11.58,53.37150021535018,0.0,3.2903893139935025,1167080588140.6375,513201949000.0,303511993000.0,60893618400.0
2025-01-02,300750.SZ,245.03300099999996,11.58,53.37150021535018,0.0,3.2903893139935025,1133676339973.237,513201949000.0,303511993000.0,60893618400.0
2025-01-03,300750.SZ,243.88300099999998,11.58,53.37150021535018,0.0,3.2903893139935025,1128355718727.737,513201949000.0,303511993000.0,60893618400.0
2025-01-06,300750.SZ,243.003001,11.58,53.37150021535018,0.0,3.2903893139935025,1124284286818.1372,513201949000.0,303511993000.0,60893618400.0
2025-01-07,300750.SZ,235.70300100000003,11.58,53.37150021535018,0.0,3.2903893139935025,1090509908477.1373,513201949000.0,303511993000.0,60893618400.0
2025-01-08,300750.SZ,231.59300100000002,11.58,53.37150021535018,0.0,3.2903893139935025,1071494470808.4373,513201949000.0,303511993000.0,60893618400.0
2025-01-09,300750.SZ,233.583001,11.58,53.37150021535018,0.0,3.2903893139935025,1080701458876.7372,513201949000.0,303511993000.0,60893618400.0
2025-01-10,300750.SZ,232.253001,11.58,53.37150021535018,0.0,3.2903893139935025,1074548044740.6372,513201949000.0,303511993000.0,60893618400.0
2025-01-13,300750.SZ,233.163001,11.58,53.37150021535018,0.0,3.2903893139935025,1078758275465.3372,513201949000.0,303511993000.0,60893618400.0
2025-01-14,300750.SZ,242.453001,11.58,53.37150021535018,0.0,3.2903893139935025,1121739641874.6372,513201949000.0,303511993000.0,60893618400.0
2025-01-15,300750.SZ,237.12300100000002,11.58,53.37150021535018,0.0,3.2903893139935025,1097079719058.5372,513201949000.0,303511993000.0,60893618400.0
2025-01-16,300750.SZ,236.18300100000002,11.58,53.37150021535018,0.0,3.2903893139935025,1092730689518.7373,513201949000.0,303511993000.0,60893618400.0
2025-01-17,300750.SZ,237.753001,11.58,53.37150021535018,0.0,3.2903893139935025,1099994494175.6372,513201949000.0,303511993000.0,60893618400.0
2025-01-20,300750.SZ,251.77300099999997,11.58,53.37150021535018,0.0,3.2903893139935025,1164859807099.037,513201949000.0,303511993000.0,60893618400.0
2025-01-21,300750.SZ,250.433001,11.58,53.37150021535018,0.0,3.2903893139935025,1158660126691.237,513201949000.0,303511993000.0,60893618400.0
2025-01-22,300750.SZ,244.25300099999998,11.58,53.37150021535018,0.0,3.2903893139935025,1130067570780.6372,513201949000.0,303511993000.0,60893618400.0
2025-01-23,300750.SZ,243.75300099999998,11.58,53.37150021535018,0.0,3.2903893139935025,1127754257195.6372,513201949000.0,303511993000.0,60893618400.0
2025-01-24,300750.SZ,248.103001,11.58,53.37150021535018,0.0,3.2903893139935025,1147880085385.1372,513201949000.0,303511993000.0,60893618400.0
2025-01-27,300750.SZ,244.483001,11.58,53.37150021535018,0.0,3.2903893139935025,1131131695029.737,513201949000.0,303511993000.0,60893618400.0
2025-02-05,300750.SZ,239.603001,11.58,53.37150021535018,0.0,3.2903893139935025,1108553754440.1372,513201949000.0,303511993000.0,60893618400.0
2025-02-06,300750.SZ,240.58300100000002,11.58,53.37150021535018,0.0,3.2903893139935025,1113087849066.7373,513201949000.0,303511993000.0,60893618400.0
2025-02-07,300750.SZ,248.76300100000003,11.58,53.37150021535018,0.0,3.2903893139935025,1150933659317.3374,513201949000.0,303511993000.0,60893618400.0
2025-02-10,300750.SZ,245.933001,11.58,53.37150021535018,0.0,3.2903893139935025,1137840304426.237,513201949000.0,303511993000.0,60893618400.0
2025-02-11,300750.SZ,239.283001,11.58,53.37150021535018,0.0,3.2903893139935025,1107073233745.7373,513201949000.0,303511993000.0,60893618400.0
2025-02-12,300750.SZ,242.783001,11.58,53.37150021535018,0.0,3.2903893139935025,1123266428840.7373,513201949000.0,303511993000.0,60893618400.0
2025-02-13,300750.SZ,248.873001,11.58,53.37150021535018,0.0,3.2903893139935025,1151442588306.037,513201949000.0,303511993000.0,60893618400.0
2025-02-14,300750.SZ,257.19300100000004,11.58,53.37150021535018,0.0,3.2903893139935025,1189936126360.4373,513201949000.0,303511993000.0,60893618400.0
2025-02-17,300750.SZ,256.883001,11.58,53.37150021535018,0.0,3.2903893139935025,1188501871937.737,513201949000.0,303511993000.0,60893618400.0
2025-02-18,300750.SZ,258.253001,11.58,53.37150021535018,0.0,3.2903893139935025,1194840351160.6372,513201949000.0,303511993000.0,60893618400.0
2025-02-19,300750.SZ,261.033001,11.58,53.37150021535018,0.0,3.2903893139935025,1207702374693.2373,513201949000.0,303511993000.0,60893618400.0
2025-02-20,300750.SZ,257.683001,11.58,53.37150021535018,0.0,3.2903893139935025,1192203173673.737,513201949000.0,303511993000.0,60893618400.0
2025-02-21,300750.SZ,263.033001,11.58,53.37150021535018,0.0,3.2903893139935025,1216955629033.2373,513201949000.0,303511993000.0,60893618400.0
2025-02-24,300750.SZ,258.983001,11.58,53.37150021535018,0.0,3.2903893139935025,1198217788994.737,513201949000.0,303511993000.0,60893618400.0
2025-02-25,300750.SZ,256.963001,11.58,53.37150021535018,0.0,3.2903893139935025,1188872002111.3372,513201949000.0,303511993000.0,60893618400.0
2025-02-26,300750.SZ,256.103001,11.58,53.37150021535018,0.0,3.2903893139935025,1184893102745.1372,513201949000.0,303511993000.0,60893618400.0
2025-02-27,300750.SZ,257.483001,11.58,53.37150021535018,0.0,3.2903893139935025,1191277848239.737,513201949000.0,303511993000.0,60893618400.0
2025-02-28,300750.SZ,251.783001,11.58,53.37150021535018,0.0,3.2903893139935025,1164906073370.7373,513201949000.0,303511993000.0,60893618400.0
2025-03-03,300750.SZ,261.01300100000003,11.58,53.37150021535018,0.0,3.2903893139935025,1207609842149.8374,513201949000.0,303511993000.0,60893618400.0
2025-03-04,300750.SZ,250.483001,11.58,53.37150021535018,0.0,3.2903893139935025,1158891458049.737,513201949000.0,303511993000.0,60893618400.0
2025-03-05,300750.SZ,248.473001,11.58,53.37150021535018,0.0,3.2903893139935025,1149591937438.037,513201949000.0,303511993000.0,60893618400.0
2025-03-06,300750.SZ,251.793001,11.58,53.37150021535018,0.0,3.2903893139935025,1164952339642.4373,513201949000.0,303511993000.0,60893618400.0
2025-03-07,300750.SZ,248.243001,11.58,53.37150021535018,0.0,3.2903893139935025,1148527813188.9373,513201949000.0,303511993000.0,60893618400.0
2025-03-10,300750.SZ,243.983001,11.58,53.37150021535018,0.0,3.2903893139935025,1128818381444.737,513201949000.0,303511993000.0,60893618400.0
2025-03-11,300750.SZ,242.68300100000002,11.58,53.37150021535018,0.0,3.2903893139935025,1122803766123.7373,513201949000.0,303511993000.0,60893618400.0
2025-03-12,300750.SZ,241.983001,11.58,53.37150021535018,0.0,3.2903893139935025,1119565127104.737,513201949000.0,303511993000.0,60893618400.0
2025-03-13,300750.SZ,240.703001,11.58,53.37150021535018,0.0,3.2903893139935025,1113643044327.1372,513201949000.0,303511993000.0,60893618400.0
2025-03-14,300750.SZ,249.483001,11.58,53.37150021535018,0.0,3.2903893139935025,1154264830879.737,513201949000.0,303511993000.0,60893618400.0
2025-03-17,300750.SZ,243.483001,11.58,53.37150021535018,0.0,3.2903893139935025,1126505067859.737,513201949000.0,303511993000.0,60893618400.0
2025-03-18,300750.SZ,244.483001,11.58,53.37150021535018,0.0,3.2903893139935025,1131131695029.737,513201949000.0,303511993000.0,60893618400.0
2025-03-19,300750.SZ,252.87300100000004,11.58,53.37150021535018,0.0,3.2903893139935025,1169949096986.0374,513201949000.0,303511993000.0,60893618400.0
2025-03-20,300750.SZ,249.63300099999998,11.58,53.37150021535018,0.0,3.2903893139935025,1154958824955.237,513201949000.0,303511993000.0,60893618400.0
2025-03-21,300750.SZ,243.483001,11.58,53.37150021535018,0.0,3.2903893139935025,1126505067859.737,513201949000.0,303511993000.0,60893618400.0
2025-03-24,300750.SZ,245.64300100000003,11.58,53.37150021535018,0.0,3.2903893139935025,1136498582546.9373,513201949000.0,303511993000.0,60893618400.0
2025-03-25,300750.SZ,246.96300100000002,11.58,53.37150021535018,0.0,3.2903893139935025,1142605730411.3372,513201949000.0,303511993000.0,60893618400.0
2025-03-26,300750.SZ,244.40300100000002,11.58,53.37150021535018,0.0,3.2903893139935025,1130761564856.1372,513201949000.0,303511993000.0,60893618400.0
2025-03-27,300750.SZ,246.363001,11.58,53.37150021535018,0.0,3.2903893139935025,1139829754109.3372,513201949000.0,303511993000.0,60893618400.0
2025-03-28,300750.SZ,244.283001,11.58,53.37150021535018,0.0,3.2903893139935025,1130206369595.7373,513201949000.0,303511993000.0,60893618400.0
2025-03-31,300750.SZ,240.423001,3.18,56.53311524559261,0.0,0.9053609132719462,1112347588719.537,530957915000.0,321323654000.0,16755069600.0
2025-04-01,300750.SZ,236.543001,3.18,56.53311524559261,0.0,0.9053609132719462,1094396275299.9371,530957915000.0,321323654000.0,16755069600.0
2025-04-02,300750.SZ,236.62300100000002,3.18,56.53311524559261,0.0,0.9053609132719462,1094766405473.5372,530957915000.0,321323654000.0,16755069600.0
2025-04-03,300750.SZ,230.563001,3.18,56.53311524559261,0.0,0.9053609132719462,1066729044823.3373,530957915000.0,321323654000.0,16755069600.0
2025-04-07,300750.SZ,202.70300100000003,3.18,56.53311524559261,0.0,0.9053609132719462,937831211867.1373,530957915000.0,321323654000.0,16755069600.0
2025-04-08,300750.SZ,206.533001,3.18,56.53311524559261,0.0,0.9053609132719462,955551193928.2372,530957915000.0,321323654000.0,16755069600.0
2025-04-09,300750.SZ,198.87300100000002,3.18,56.53311524559261,0.0,0.9053609132719462,920111229806.0372,530957915000.0,321323654000.0,16755069600.0
2025-04-10,300750.SZ,205.46300100000002,3.18,56.53311524559261,0.0,0.9053609132719462,950600702856.3373,530957915000.0,321323654000.0,16755069600.0
2025-04-11,300750.SZ,211.48300100000003,3.18,56.53311524559261,0.0,0.9053609132719462,978452998419.7373,530957915000.0,321323654000.0,16755069600.0
2025-04-14,300750.SZ,211.483001,3.18,56.53311524559261,0.0,0.9053609132719462,978452998419.7372,530957915000.0,321323654000.0,16755069600.0
2025-04-15,300750.SZ,215.633001,3.18,56.53311524559261,0.0,0.9053609132719462,997653501175.2372,530957915000.0,321323654000.0,16755069600.0
2025-04-16,300750.SZ,212.37300100000002,3.18,56.53311524559261,0.0,0.9053609132719462,982570696601.0372,530957915000.0,321323654000.0,16755069600.0
2025-04-17,300750.SZ,213.483001,3.18,56.53311524559261,0.0,0.9053609132719462,987706252759.7372,530957915000.0,321323654000.0,16755069600.0
2025-04-18,300750.SZ,212.943001,3.18,56.53311524559261,0.0,0.9053609132719462,985207874087.9373,530957915000.0,321323654000.0,16755069600.0
2025-04-21,300750.SZ,218.84300100000002,3.18,56.53311524559261,0.0,0.9053609132719462,1012504974390.9373,530957915000.0,321323654000.0,16755069600.0
2025-04-22,300750.SZ,222.72600100000002,3.18,56.53311524559261,0.0,0.9053609132719462,1030470167692.0472,530957915000.0,321323654000.0,16755069600.0
2025-04-23,300750.SZ,225.386001,3.18,56.53311524559261,0.0,0.9053609132719462,1042776995964.2472,530957915000.0,321323654000.0,16755069600.0
2025-04-24,300750.SZ,228.906001,3.18,56.53311524559261,0.0,0.9053609132719462,1059062723602.6472,530957915000.0,321323654000.0,16755069600.0
2025-04-25,300750.SZ,228.636001,3.18,56.53311524559261,0.0,0.9053609132719462,1057813534266.7472,530957915000.0,321323654000.0,16755069600.0
2025-04-28,300750.SZ,226.88600100000002,3.18,56.53311524559261,0.0,0.9053609132719462,1049716936719.2473,530957915000.0,321323654000.0,16755069600.0
2025-04-29,300750.SZ,224.066001,3.18,56.53311524559261,0.0,0.9053609132719462,1036669848099.8472,530957915000.0,321323654000.0,16755069600.0
2025-04-30,300750.SZ,223.536001,3.18,56.53311524559261,0.0,0.9053609132719462,1034217735699.7472,530957915000.0,321323654000.0,16755069600.0
2025-05-06,300750.SZ,223.66600100000002,3.18,56.53311524559261,0.0,0.9053609132719462,1034819197231.8473,530957915000.0,321323654000.0,16755069600.0
2025-05-07,300750.SZ,230.646001,3.18,56.53311524559261,0.0,0.9053609132719462,1067113054878.4473,530957915000.0,321323654000.0,16755069600.0
2025-05-08,300750.SZ,236.60600100000002,3.18,56.53311524559261,0.0,0.9053609132719462,1094687752811.6472,530957915000.0,321323654000.0,16755069600.0
2025-05-09,300750.SZ,240.306001,3.18,56.53311524559261,0.0,0.9053609132719462,1111806273340.6472,530957915000.0,321323654000.0,16755069600.0
2025-05-12,300750.SZ,249.036001,3.18,56.53311524559261,0.0,0.9053609132719462,1152196728534.747,530957915000.0,321323654000.0,16755069600.0
2025-05-13,300750.SZ,250.80600099999998,3.18,56.53311524559261,0.0,0.9053609132719462,1160385858625.647,530957915000.0,321323654000.0,16755069600.0
2025-05-14,300750.SZ,254.63600099999996,3.18,56.53311524559261,0.0,0.9053609132719462,1178105840686.747,530957915000.0,321323654000.0,16755069600.0
2025-05-15,300750.SZ,252.216001,3.18,56.53311524559261,0.0,0.9053609132719462,1166909402935.3472,530957915000.0,321323654000.0,16755069600.0
2025-05-16,300750.SZ,251.396001,3.18,56.53311524559261,0.0,0.9053609132719462,1163115568655.9473,530957915000.0,321323654000.0,16755069600.0
2025-05-19,300750.SZ,252.036001,3.18,56.53311524559261,0.0,0.9053609132719462,1166076610044.747,530957915000.0,321323654000.0,16755069600.0
2025-05-20,300750.SZ,255.036001,3.18,56.53311524559261,0.0,0.9053609132719462,1179956491554.747,530957915000.0,321323654000.0,16755069600.0
2025-05-21,300750.SZ,266.116001,3.18,56.53311524559261,0.0,0.9053609132719462,1231219520598.3472,530957915000.0,321323654000.0,16755069600.0
2025-05-22,300750.SZ,262.406001,3.18,56.53311524559261,0.0,0.9053609132719462,1214054733797.6472,530957915000.0,321323654000.0,16755069600.0
2025-05-23,300750.SZ,259.026001,3.18,56.53311524559261,0.0,0.9053609132719462,1198416733963.047,530957915000.0,321323654000.0,16755069600.0
2025-05-26,300750.SZ,247.936001,3.18,56.53311524559261,0.0,0.9053609132719462,1147107438647.747,530957915000.0,321323654000.0,16755069600.0
2025-05-27,300750.SZ,246.026001,3.18,56.53311524559261,0.0,0.9053609132719462,1138270580753.047,530957915000.0,321323654000.0,16755069600.0
2025-05-28,300750.SZ,245.636001,3.18,56.53311524559261,0.0,0.9053609132719462,1136466196156.747,530957915000.0,321323654000.0,16755069600.0
2025-05-29,300750.SZ,243.886001,3.18,56.53311524559261,0.0,0.9053609132719462,1128369598609.247,530957915000.0,321323654000.0,16755069600.0
2025-05-30,300750.SZ,242.036001,3.18,56.53311524559261,0.0,0.9053609132719462,1119810338344.747,530957915000.0,321323654000.0,16755069600.0
2025-06-03,300750.SZ,243.186001,3.18,56.53311524559261,0.0,0.9053609132719462,1125130959590.247,530957915000.0,321323654000.0,16755069600.0
2025-06-04,300750.SZ,243.086001,3.18,56.53311524559261,0.0,0.9053609132719462,1124668296873.2473,530957915000.0,321323654000.0,16755069600.0
2025-06-05,300750.SZ,243.536001,3.18,56.53311524559261,0.0,0.9053609132719462,1126750279099.747,530957915000.0,321323654000.0,16755069600.0
2025-06-06,300750.SZ,240.916001,3.18,56.53311524559261,0.0,0.9053609132719462,1114628515914.3472,530957915000.0,321323654000.0,16755069600.0
2025-06-09,300750.SZ,237.616001,3.18,56.53311524559261,0.0,0.9053609132719462,1099360646253.3472,530957915000.0,321323654000.0,16755069600.0
2025-06-10,300750.SZ,235.17600099999999,3.18,56.53311524559261,0.0,0.9053609132719462,1088071675958.5471,530957915000.0,321323654000.0,16755069600.0
2025-06-11,300750.SZ,242.536001,3.18,56.53311524559261,0.0,0.9053609132719462,1122123651929.747,530957915000.0,321323654000.0,16755069600.0
2025-06-12,300750.SZ,241.846001,3.18,56.53311524559261,0.0,0.9053609132719462,1118931279182.4473,530957915000.0,321323654000.0,16755069600.0
2025-06-13,300750.SZ,240.23600100000002,3.18,56.53311524559261,0.0,0.9053609132719462,1111482409438.7473,530957915000.0,321323654000.0,16755069600.0
2025-06-16,300750.SZ,238.69600100000002,3.18,56.53311524559261,0.0,0.9053609132719462,1104357403596.9473,530957915000.0,321323654000.0,16755069600.0
2025-06-17,300750.SZ,238.296001,3.18,56.53311524559261,0.0,0.9053609132719462,1102506752728.947,530957915000.0,321323654000.0,16755069600.0
2025-06-18,300750.SZ,237.606001,3.18,56.53311524559261,0.0,0.9053609132719462,1099314379981.6471,530957915000.0,321323654000.0,16755069600.0
2025-06-19,300750.SZ,234.136001,3.18,56.53311524559261,0.0,0.9053609132719462,1083259983701.7472,530957915000.0,321323654000.0,16755069600.0
2025-06-20,300750.SZ,232.296001,3.18,56.53311524559261,0.0,0.9053609132719462,1074746989708.9471,530957915000.0,321323654000.0,16755069600.0
2025-06-23,300750.SZ,231.646001,3.18,56.53311524559261,0.0,0.9053609132719462,1071739682048.4473,530957915000.0,321323654000.0,16755069600.0
2025-06-24,300750.SZ,237.95600100000001,3.18,56.53311524559261,0.0,0.9053609132719462,1100933699491.1472,530957915000.0,321323654000.0,16755069600.0
2025-06-25,300750.SZ,246.936001,3.18,56.53311524559261,0.0,0.9053609132719462,1142480811477.747,530957915000.0,321323654000.0,16755069600.0
2025-06-26,300750.SZ,244.82600100000002,3.18,56.53311524559261,0.0,0.9053609132719462,1132718628149.0474,530957915000.0,321323654000.0,16755069600.0
2025-06-27,300750.SZ,243.026001,3.18,56.53311524559261,0.0,0.9053609132719462,1124390699243.047,530957915000.0,321323654000.0,16755069600.0
2025-06-30,300750.SZ,244.25600100000003,6.92,63.74471276015958,0.0,1.9767189712846476,1130081450662.1472,542792019000.0,350577746000.0,36582166800.0
2025-07-01,300750.SZ,243.536001,6.92,63.74471276015958,0.0,1.9767189712846476,1126750279099.747,542792019000.0,350577746000.0,36582166800.0
2025-07-02,300750.SZ,242.486001,6.92,63.74471276015958,0.0,1.9767189712846476,1121892320571.247,542792019000.0,350577746000.0,36582166800.0
2025-07-03,300750.SZ,254.62600100000003,6.92,63.74471276015958,0.0,1.9767189712846476,1178059574415.0474,542792019000.0,350577746000.0,36582166800.0
2025-07-04,300750.SZ,257.836001,6.92,63.74471276015958,0.0,1.9767189712846476,1192911047630.7473,542792019000.0,350577746000.0,36582166800.0
2025-07-07,300750.SZ,252.92600099999999,6.92,63.74471276015958,0.0,1.9767189712846476,1170194308226.047,542792019000.0,350577746000.0,36582166800.0
2025-07-08,300750.SZ,255.346001,6.92,63.74471276015958,0.0,1.9767189712846476,1181390745977.4473,542792019000.0,350577746000.0,36582166800.0
2025-07-09,300750.SZ,262.836001,6.92,63.74471276015958,0.0,1.9767189712846476,1216044183480.7473,542792019000.0,350577746000.0,36582166800.0
2025-07-10,300750.SZ,264.036001,6.92,63.74471276015958,0.0,1.9767189712846476,1221596136084.747,542792019000.0,350577746000.0,36582166800.0
2025-07-11,300750.SZ,263.536001,6.92,63.74471276015958,0.0,1.9767189712846476,1219282822499.747,542792019000.0,350577746000.0,36582166800.0
2025-07-14,300750.SZ,260.536001,6.92,63.74471276015958,0.0,1.9767189712846476,1205402940989.747,542792019000.0,350577746000.0,36582166800.0
2025-07-15,300750.SZ,259.786001,6.92,63.74471276015958,0.0,1.9767189712846476,1201932970612.247,542792019000.0,350577746000.0,36582166800.0
2025-07-16,300750.SZ,256.43600100000003,6.92,63.74471276015958,0.0,1.9767189712846476,1186433769592.7473,542792019000.0,350577746000.0,36582166800.0
2025-07-17,300750.SZ,257.536001,6.92,63.74471276015958,0.0,1.9767189712846476,1191523059479.747,542792019000.0,350577746000.0,36582166800.0
2025-07-18,300750.SZ,263.236001,6.92,63.74471276015958,0.0,1.9767189712846476,1217894834348.747,542792019000.0,350577746000.0,36582166800.0
2025-07-21,300750.SZ,271.696001,6.92,63.74471276015958,0.0,1.9767189712846476,1257036100206.9473,542792019000.0,350577746000.0,36582166800.0
2025-07-22,300750.SZ,278.696001,6.92,63.74471276015958,0.0,1.9767189712846476,1289422490396.9473,542792019000.0,350577746000.0,36582166800.0
2025-07-23,300750.SZ,279.05600100000004,6.92,63.74471276015958,0.0,1.9767189712846476,1291088076178.1475,542792019000.0,350577746000.0,36582166800.0
2025-07-24,300750.SZ,277.23600100000004,6.92,63.74471276015958,0.0,1.9767189712846476,1282667614728.7473,542792019000.0,350577746000.0,36582166800.0
2025-07-25,300750.SZ,274.836001,6.92,63.74471276015958,0.0,1.9767189712846476,1271563709520.7473,542792019000.0,350577746000.0,36582166800.0
2025-07-28,300750.SZ,278.336001,6.92,63.74471276015958,0.0,1.9767189712846476,1287756904615.7473,542792019000.0,350577746000.0,36582166800.0
2025-07-29,300750.SZ,283.856001,6.92,63.74471276015958,0.0,1.9767189712846476,1313295886594.1472,542792019000.0,350577746000.0,36582166800.0
2025-07-30,300750.SZ,269.12600100000003,6.92,63.74471276015958,0.0,1.9767189712846476,1245145668380.0474,542792019000.0,350577746000.0,36582166800.0
2025-07-31,300750.SZ,256.656001,6.92,63.74471276015958,0.0,1.9767189712846476,1187451627570.1472,542792019000.0,350577746000.0,36582166800.0
2025-08-01,300750.SZ,255.106001,6.92,63.74471276015958,0.0,1.9767189712846476,1180280355456.6472,542792019000.0,350577746000.0,36582166800.0
2025-08-04,300750.SZ,258.51600099999996,6.92,63.74471276015958,0.0,1.9767189712846476,1196057154106.347,542792019000.0,350577746000.0,36582166800.0
2025-08-05,300750.SZ,257.736001,6.92,63.74471276015958,0.0,1.9767189712846476,1192448384913.747,542792019000.0,350577746000.0,36582166800.0
2025-08-06,300750.SZ,257.036001,6.92,63.74471276015958,0.0,1.9767189712846476,1189209745894.747,542792019000.0,350577746000.0,36582166800.0
2025-08-07,300750.SZ,255.086001,6.92,63.74471276015958,0.0,1.9767189712846476,1180187822913.2473,542792019000.0,350577746000.0,36582166800.0
2025-08-08,300750.SZ,255.51600100000002,6.92,63.74471276015958,0.0,1.9767189712846476,1182177272596.3472,542792019000.0,350577746000.0,36582166800.0
2025-08-11,300750.SZ,255.69600100000002,6.92,63.74471276015958,0.0,1.9767189712846476,1183010065486.9473,542792019000.0,350577746000.0,36582166800.0
2025-08-12,300750.SZ,255.286001,6.92,63.74471276015958,0.0,1.9767189712846476,1181113148347.247,542792019000.0,350577746000.0,36582166800.0
2025-08-13,300750.SZ,265.63600099999996,6.92,63.74471276015958,0.0,1.9767189712846476,1228998739556.747,542792019000.0,350577746000.0,36582166800.0
2025-08-14,300750.SZ,271.92600100000004,6.92,63.74471276015958,0.0,1.9767189712846476,1258100224456.0474,542792019000.0,350577746000.0,36582166800.0
2025-08-15,300750.SZ,272.706001,6.92,63.74471276015958,0.0,1.9767189712846476,1261708993648.6472,542792019000.0,350577746000.0,36582166800.0
2025-08-18,300750.SZ,275.036001,6.92,63.74471276015958,0.0,1.9767189712846476,1272489034954.747,542792019000.0,350577746000.0,36582166800.0
2025-08-19,300750.SZ,269.836001,6.92,63.74471276015958,0.0,1.9767189712846476,1248430573670.7473,542792019000.0,350577746000.0,36582166800.0
2025-08-20,300750.SZ,272.243,6.92,63.74471276015958,0.0,1.9767189712846476,1259566860642.31,542792019000.0,350577746000.0,36582166800.0
2025-08-21,300750.SZ,272.043,6.92,63.74471276015958,0.0,1.9767189712846476,1258641535208.31,542792019000.0,350577746000.0,36582166800.0
2025-08-22,300750.SZ,280.223,6.92,63.74471276015958,0.0,1.9767189712846476,1296487345458.9102,542792019000.0,350577746000.0,36582166800.0
2025-08-25,300750.SZ,283.32300000000004,6.92,63.74471276015958,0.0,1.9767189712846476,1310829889685.9102,542792019000.0,350577746000.0,36582166800.0
2025-08-26,300750.SZ,282.543,6.92,63.74471276015958,0.0,1.9767189712846476,1307221120493.31,542792019000.0,350577746000.0,36582166800.0
2025-08-27,300750.SZ,271.343,6.92,63.74471276015958,0.0,1.9767189712846476,1255402896189.31,542792019000.0,350577746000.0,36582166800.0
2025-08-28,300750.SZ,270.45300000000003,6.92,63.74471276015958,0.0,1.9767189712846476,1251285198008.0103,542792019000.0,350577746000.0,36582166800.0
2025-08-29,300750.SZ,299.223,6.92,63.74471276015958,0.0,1.9767189712846476,1384393261688.9102,542792019000.0,350577746000.0,36582166800.0
2025-09-01,300750.SZ,297.043,6.92,63.74471276015958,0.0,1.9767189712846476,1374307214458.31,542792019000.0,350577746000.0,36582166800.0
2025-09-02,300750.SZ,295.913,6.92,63.74471276015958,0.0,1.9767189712846476,1369079125756.21,542792019000.0,350577746000.0,36582166800.0
2025-09-03,300750.SZ,302.04300000000006,6.92,63.74471276015958,0.0,1.9767189712846476,1397440350308.3103,542792019000.0,350577746000.0,36582166800.0
2025-09-04,300750.SZ,297.073,6.92,63.74471276015958,0.0,1.9767189712846476,1374446013273.41,542792019000.0,350577746000.0,36582166800.0
2025-09-05,300750.SZ,318.153,6.92,63.74471276015958,0.0,1.9767189712846476,1471975314017.01,542792019000.0,350577746000.0,36582166800.0
2025-09-08,300750.SZ,318.413,6.92,63.74471276015958,0.0,1.9767189712846476,1473178237081.21,542792019000.0,350577746000.0,36582166800.0
2025-09-09,300750.SZ,313.043,6.92,63.74471276015958,0.0,1.9767189712846476,1448333249178.31,542792019000.0,350577746000.0,36582166800.0
2025-09-10,300750.SZ,309.083,6.92,63.74471276015958,0.0,1.9767189712846476,1430011805585.11,542792019000.0,350577746000.0,36582166800.0
2025-09-11,300750.SZ,315.593,6.92,63.74471276015958,0.0,1.9767189712846476,1460131148461.81,542792019000.0,350577746000.0,36582166800.0
2025-09-12,300750.SZ,318.043,6.92,63.74471276015958,0.0,1.9767189712846476,1471466385028.31,542792019000.0,350577746000.0,36582166800.0
2025-09-15,300750.SZ,347.743,6.92,63.74471276015958,0.0,1.9767189712846476,1608877211977.31,542792019000.0,350577746000.0,36582166800.0
2025-09-16,300750.SZ,346.463,6.92,63.74471276015958,0.0,1.9767189712846476,1602955129199.7102,542792019000.0,350577746000.0,36582166800.0
2025-09-17,300750.SZ,370.14300000000003,6.92,63.74471276015958,0.0,1.9767189712846476,1712513660585.31,542792019000.0,350577746000.0,36582166800.0
2025-09-18,300750.SZ,359.933,6.92,63.74471276015958,0.0,1.9767189712846476,1665275797179.6099,542792019000.0,350577746000.0,36582166800.0
2025-09-19,300750.SZ,361.533,6.92,63.74471276015958,0.0,1.9767189712846476,1672678400651.61,542792019000.0,350577746000.0,36582166800.0
2025-09-22,300750.SZ,363.093,6.92,63.74471276015958,0.0,1.9767189712846476,1679895939036.81,542792019000.0,350577746000.0,36582166800.0
2025-09-23,300750.SZ,361.193,6.92,63.74471276015958,0.0,1.9767189712846476,1671105347413.8098,542792019000.0,350577746000.0,36582166800.0
2025-09-24,300750.SZ,372.973,6.92,63.74471276015958,0.0,1.9767189712846476,1725607015476.4102,542792019000.0,350577746000.0,36582166800.0
2025-09-25,300750.SZ,385.89300000000003,6.92,63.74471276015958,0.0,1.9767189712846476,1785383038512.81,542792019000.0,350577746000.0,36582166800.0
2025-09-26,300750.SZ,373.443,6.92,63.74471276015958,0.0,1.9767189712846476,1727781530246.3098,542792019000.0,350577746000.0,36582166800.0
2025-09-29,300750.SZ,390.413,6.92,63.74471276015958,0.0,1.9767189712846476,1806295393321.21,542792019000.0,350577746000.0,36582166800.0
2025-09-30,300750.SZ,395.043,11.02,67.9216121060388,0.0,3.1794722504082817,1827716677118.31,549070060000.0,324241586000.0,58840930800.0
2025-10-09,300750.SZ,402.933,11.02,67.9216121060388,0.0,3.1794722504082817,1864220765489.6099,549070060000.0,324241586000.0,58840930800.0
2025-10-10,300750.SZ,374.993,11.02,67.9216121060388,0.0,3.1794722504082817,1734952802359.81,549070060000.0,324241586000.0,58840930800.0
2025-10-13,300750.SZ,367.543,11.02,67.9216121060388,0.0,3.1794722504082817,1700484429943.31,549070060000.0,324241586000.0,58840930800.0
2025-10-14,300750.SZ,351.043,11.02,67.9216121060388,0.0,3.1794722504082817,1624145081638.31,549070060000.0,324241586000.0,58840930800.0
2025-10-15,300750.SZ,362.343,11.02,67.9216121060388,0.0,3.1794722504082817,1676425968659.31,549070060000.0,324241586000.0,58840930800.0
2025-10-16,300750.SZ,361.543,11.02,67.9216121060388,0.0,3.1794722504082817,1672724666923.31,549070060000.0,324241586000.0,58840930800.0
2025-10-17,300750.SZ,351.183,11.02,67.9216121060388,0.0,3.1794722504082817,1624792809442.1099,549070060000.0,324241586000.0,58840930800.0
2025-10-20,300750.SZ,359.54300000000006,11.02,67.9216121060388,0.0,3.1794722504082817,1663471412583.3103,549070060000.0,324241586000.0,58840930800.0
2025-10-21,300750.SZ,368.94300000000004,11.02,67.9216121060388,0.0,3.1794722504082817,1706961707981.3103,549070060000.0,324241586000.0,58840930800.0
2025-10-22,300750.SZ,365.903,11.02,67.9216121060388,0.0,3.1794722504082817,1692896761384.51,549070060000.0,324241586000.0,58840930800.0
2025-10-23,300750.SZ,369.493,11.02,67.9216121060388,0.0,3.1794722504082817,1709506352924.81,549070060000.0,324241586000.0,58840930800.0
2025-10-24,300750.SZ,378.813,11.02,67.9216121060388,0.0,3.1794722504082817,1752626518149.21,549070060000.0,324241586000.0,58840930800.0
2025-10-27,300750.SZ,379.223,11.02,67.9216121060388,0.0,3.1794722504082817,1754523435288.9102,549070060000.0,324241586000.0,58840930800.0
2025-10-28,300750.SZ,379.52299999999997,11.02,67.9216121060388,0.0,3.1794722504082817,1755911423439.91,549070060000.0,324241586000.0,58840930800.0
2025-10-29,300750.SZ,393.043,11.02,67.9216121060388,0.0,3.1794722504082817,1818463422778.31,549070060000.0,324241586000.0,58840930800.0
2025-10-30,300750.SZ,391.33299999999997,11.02,67.9216121060388,0.0,3.1794722504082817,1810551890317.6099,549070060000.0,324241586000.0,58840930800.0
2025-10-31,300750.SZ,381.813,11.02,67.9216121060388,0.0,3.1794722504082817,1766506399659.21,549070060000.0,324241586000.0,58840930800.0
2025-11-03,300750.SZ,379.90299999999996,11.02,67.9216121060388,0.0,3.1794722504082817,1757669541764.5098,549070060000.0,324241586000.0,58840930800.0
2025-11-04,300750.SZ,371.993,11.02,67.9216121060388,0.0,3.1794722504082817,1721072920849.81,549070060000.0,324241586000.0,58840930800.0
2025-11-05,300750.SZ,381.743,11.02,67.9216121060388,0.0,3.1794722504082817,1766182535757.31,549070060000.0,324241586000.0,58840930800.0
2025-11-06,300750.SZ,387.723,11.02,67.9216121060388,0.0,3.1794722504082817,1793849766233.9102,549070060000.0,324241586000.0,58840930800.0
2025-11-07,300750.SZ,388.413,11.02,67.9216121060388,0.0,3.1794722504082817,1797042138981.21,549070060000.0,324241586000.0,58840930800.0
2025-11-10,300750.SZ,377.553,11.02,67.9216121060388,0.0,3.1794722504082817,1746796967915.01,549070060000.0,324241586000.0,58840930800.0
2025-11-11,300750.SZ,378.64300000000003,11.02,67.9216121060388,0.0,3.1794722504082817,1751839991530.31,549070060000.0,324241586000.0,58840930800.0
2025-11-12,300750.SZ,379.423,11.02,67.9216121060388,0.0,3.1794722504082817,1755448760722.91,549070060000.0,324241586000.0,58840930800.0
2025-11-13,300750.SZ,408.64300000000003,11.02,67.9216121060388,0.0,3.1794722504082817,1890638806630.31,549070060000.0,324241586000.0,58840930800.0
2025-11-14,300750.SZ,397.163,11.02,67.9216121060388,0.0,3.1794722504082817,1837525126718.71,549070060000.0,324241586000.0,58840930800.0
2025-11-17,300750.SZ,383.823,11.02,67.9216121060388,0.0,3.1794722504082817,1775805920270.91,549070060000.0,324241586000.0,58840930800.0
2025-11-18,300750.SZ,378.043,11.02,67.9216121060388,0.0,3.1794722504082817,1749064015228.31,549070060000.0,324241586000.0,58840930800.0
2025-11-19,300750.SZ,384.14300000000003,11.02,67.9216121060388,0.0,3.1794722504082817,1777286440965.31,549070060000.0,324241586000.0,58840930800.0
2025-11-20,300750.SZ,372.433,11.02,67.9216121060388,0.0,3.1794722504082817,1723108636804.6099,549070060000.0,324241586000.0,58840930800.0
2025-11-21,300750.SZ,363.043,11.02,67.9216121060388,0.0,3.1794722504082817,1679664607678.31,549070060000.0,324241586000.0,58840930800.0
2025-11-24,300750.SZ,363.593,11.02,67.9216121060388,0.0,3.1794722504082817,1682209252621.81,549070060000.0,324241586000.0,58840930800.0
2025-11-25,300750.SZ,365.403,11.02,67.9216121060388,0.0,3.1794722504082817,1690583447799.51,549070060000.0,324241586000.0,58840930800.0
2025-11-26,300750.SZ,365.863,11.02,67.9216121060388,0.0,3.1794722504082817,1692711696297.71,549070060000.0,324241586000.0,58840930800.0
2025-11-27,300750.SZ,364.243,11.02,67.9216121060388,0.0,3.1794722504082817,1685216560282.31,549070060000.0,324241586000.0,58840930800.0
2025-11-28,300750.SZ,366.24300000000005,11.02,67.9216121060388,0.0,3.1794722504082817,1694469814622.3103,549070060000.0,324241586000.0,58840930800.0
2025-12-01,300750.SZ,376.01300000000003,11.02,67.9216121060388,0.0,3.1794722504082817,1739671962073.2102,549070060000.0,324241586000.0,58840930800.0
2025-12-02,300750.SZ,373.12300000000005,11.02,67.9216121060388,0.0,3.1794722504082817,1726301009551.9102,549070060000.0,324241586000.0,58840930800.0
2025-12-03,300750.SZ,369.123,11.02,67.9216121060388,0.0,3.1794722504082817,1707794500871.91,549070060000.0,324241586000.0,58840930800.0
2025-12-04,300750.SZ,376.39300000000003,11.02,67.9216121060388,0.0,3.1794722504082817,1741430080397.81,549070060000.0,324241586000.0,58840930800.0
2025-12-05,300750.SZ,382.133,11.02,67.9216121060388,0.0,3.1794722504082817,1767986920353.6099,549070060000.0,324241586000.0,58840930800.0
2025-12-08,300750.SZ,385.543,11.02,67.9216121060388,0.0,3.1794722504082817,1783763719003.31,549070060000.0,324241586000.0,58840930800.0
2025-12-09,300750.SZ,380.633,11.02,67.9216121060388,0.0,3.1794722504082817,1761046979598.6099,549070060000.0,324241586000.0,58840930800.0
2025-12-10,300750.SZ,375.423,11.02,67.9216121060388,0.0,3.1794722504082817,1736942252042.91,549070060000.0,324241586000.0,58840930800.0
2025-12-11,300750.SZ,382.033,11.02,67.9216121060388,0.0,3.1794722504082817,1767524257636.61,549070060000.0,324241586000.0,58840930800.0
2025-12-12,300750.SZ,384.843,11.02,67.9216121060388,0.0,3.1794722504082817,1780525079984.31,549070060000.0,324241586000.0,58840930800.0
2025-12-15,300750.SZ,378.54300000000006,11.02,67.9216121060388,0.0,3.1794722504082817,1751377328813.3103,549070060000.0,324241586000.0,58840930800.0
2025-12-16,300750.SZ,371.45300000000003,11.02,67.9216121060388,0.0,3.1794722504082817,1718574542178.0103,549070060000.0,324241586000.0,58840930800.0
2025-12-17,300750.SZ,376.463,11.02,67.9216121060388,0.0,3.1794722504082817,1741753944299.7102,549070060000.0,324241586000.0,58840930800.0
2025-12-18,300750.SZ,365.043,11.02,67.9216121060388,0.0,3.1794722504082817,1688917862018.31,549070060000.0,324241586000.0,58840930800.0
2025-12-19,300750.SZ,367.043,11.02,67.9216121060388,0.0,3.1794722504082817,1698171116358.31,549070060000.0,324241586000.0,58840930800.0
2025-12-22,300750.SZ,364.88300000000004,11.02,67.9216121060388,0.0,3.1794722504082817,1688177601671.11,549070060000.0,324241586000.0,58840930800.0
2025-12-23,300750.SZ,371.14300000000003,11.02,67.9216121060388,0.0,3.1794722504082817,1717140287755.31,549070060000.0,324241586000.0,58840930800.0
2025-12-24,300750.SZ,368.64300000000003,11.02,67.9216121060388,0.0,3.1794722504082817,1705573719830.31,549070060000.0,324241586000.0,58840930800.0
2025-12-25,300750.SZ,366.053,11.02,67.9216121060388,0.0,3.1794722504082817,1693590755460.01,549070060000.0,324241586000.0,58840930800.0
2025-12-26,300750.SZ,367.473,11.02,67.9216121060388,0.0,3.1794722504082817,1700160566041.4102,549070060000.0,324241586000.0,58840930800.0
2025-12-29,300750.SZ,362.353,11.02,67.9216121060388,0.0,3.1794722504082817,1676472234931.01,549070060000.0,324241586000.0,58840930800.0
2025-12-30,300750.SZ,362.243,11.02,67.9216121060388,0.0,3.1794722504082817,1675963305942.31,549070060000.0,324241586000.0,58840930800.0
2025-12-31,300750.SZ,360.30300000000005,16.14,72.8625269798863,0.0,4.681679289061885,1666987649232.5103,603801220000.0,333512927000.0,86641538400.0
2026-01-05,300750.SZ,370.543,16.14,72.8625269798863,0.0,4.681679289061885,1714364311453.31,603801220000.0,333512927000.0,86641538400.0
2026-01-06,300750.SZ,367.033,16.14,72.8625269798863,0.0,4.681679289061885,1698124850086.61,603801220000.0,333512927000.0,86641538400.0
2026-01-07,300750.SZ,364.053,16.14,72.8625269798863,0.0,4.681679289061885,1684337501120.01,603801220000.0,333512927000.0,86641538400.0
2026-01-08,300750.SZ,362.253,16.14,72.8625269798863,0.0,4.681679289061885,1676009572214.01,603801220000.0,333512927000.0,86641538400.0
2026-01-09,300750.SZ,362.273,16.14,72.8625269798863,0.0,4.681679289061885,1676102104757.4102,603801220000.0,333512927000.0,86641538400.0
2026-01-12,300750.SZ,354.723,16.14,72.8625269798863,0.0,4.681679289061885,1641171069623.9102,603801220000.0,333512927000.0,86641538400.0
2026-01-13,300750.SZ,352.043,16.14,72.8625269798863,0.0,4.681679289061885,1628771708808.31,603801220000.0,333512927000.0,86641538400.0
2026-01-14,300750.SZ,347.02299999999997,16.14,72.8625269798863,0.0,4.681679289061885,1605546040414.91,603801220000.0,333512927000.0,86641538400.0
2026-01-15,300750.SZ,346.793,16.14,72.8625269798863,0.0,4.681679289061885,1604481916165.81,603801220000.0,333512927000.0,86641538400.0
2026-01-16,300750.SZ,345.363,16.14,72.8625269798863,0.0,4.681679289061885,1597865839312.71,603801220000.0,333512927000.0,86641538400.0
2026-01-19,300750.SZ,341.943,16.14,72.8625269798863,0.0,4.681679289061885,1582042774391.3098,603801220000.0,333512927000.0,86641538400.0
2026-01-20,300750.SZ,342.64300000000003,16.14,72.8625269798863,0.0,4.681679289061885,1585281413410.31,603801220000.0,333512927000.0,86641538400.0
2026-01-21,300750.SZ,342.853,16.14,72.8625269798863,0.0,4.681679289061885,1586253005116.01,603801220000.0,333512927000.0,86641538400.0
2026-01-22,300750.SZ,338.843,16.14,72.8625269798863,0.0,4.681679289061885,1567700230164.31,603801220000.0,333512927000.0,86641538400.0
2026-01-23,300750.SZ,340.043,16.14,72.8625269798863,0.0,4.681679289061885,1573252182768.31,603801220000.0,333512927000.0,86641538400.0
2026-01-26,300750.SZ,335.09299999999996,16.14,72.8625269798863,0.0,4.681679289061885,1550350378276.8098,603801220000.0,333512927000.0,86641538400.0
2026-01-27,300750.SZ,332.443,16.14,72.8625269798863,0.0,4.681679289061885,1538089816276.3098,603801220000.0,333512927000.0,86641538400.0
2026-01-28,300750.SZ,333.033,16.14,72.8625269798863,0.0,4.681679289061885,1540819526306.61,603801220000.0,333512927000.0,86641538400.0
2026-01-29,300750.SZ,334.93300000000005,16.14,72.8625269798863,0.0,4.681679289061885,1549610117929.61,603801220000.0,333512927000.0,86641538400.0
2026-01-30,300750.SZ,343.043,16.14,72.8625269798863,0.0,4.681679289061885,1587132064278.31,603801220000.0,333512927000.0,86641538400.0
2026-02-02,300750.SZ,342.023,16.14,72.8625269798863,0.0,4.681679289061885,1582412904564.9102,603801220000.0,333512927000.0,86641538400.0
2026-02-03,300750.SZ,340.95300000000003,16.14,72.8625269798863,0.0,4.681679289061885,1577462413493.0103,603801220000.0,333512927000.0,86641538400.0
2026-02-04,300750.SZ,358.073,16.14,72.8625269798863,0.0,4.681679289061885,1656670270643.41,603801220000.0,333512927000.0,86641538400.0
2026-02-05,300750.SZ,355.983,16.14,72.8625269798863,0.0,4.681679289061885,1647000619858.11,603801220000.0,333512927000.0,86641538400.0
2026-02-06,300750.SZ,362.153,16.14,72.8625269798863,0.0,4.681679289061885,1675546909497.01,603801220000.0,333512927000.0,86641538400.0
2026-02-09,300750.SZ,361.86300000000006,16.14,72.8625269798863,0.0,4.681679289061885,1674205187617.7102,603801220000.0,333512927000.0,86641538400.0
2026-02-10,300750.SZ,358.01300000000003,16.14,72.8625269798863,0.0,4.681679289061885,1656392673013.2102,603801220000.0,333512927000.0,86641538400.0
2026-02-11,300750.SZ,361.043,16.14,72.8625269798863,0.0,4.681679289061885,1670411353338.31,603801220000.0,333512927000.0,86641538400.0
2026-02-12,300750.SZ,368.913,16.14,72.8625269798863,0.0,4.681679289061885,1706822909166.21,603801220000.0,333512927000.0,86641538400.0
2026-02-13,300750.SZ,358.383,16.14,72.8625269798863,0.0,4.681679289061885,1658104525066.1099,603801220000.0,333512927000.0,86641538400.0
2026-02-24,300750.SZ,354.993,16.14,72.8625269798863,0.0,4.681679289061885,1642420258959.81,603801220000.0,333512927000.0,86641538400.0
2026-02-25,300750.SZ,355.223,16.14,72.8625269798863,0.0,4.681679289061885,1643484383208.9102,603801220000.0,333512927000.0,86641538400.0
2026-02-26,300750.SZ,339.043,16.14,72.8625269798863,0.0,4.681679289061885,1568625555598.31,603801220000.0,333512927000.0,86641538400.0
2026-02-27,300750.SZ,335.053,16.14,72.8625269798863,0.0,4.681679289061885,1550165313190.01,603801220000.0,333512927000.0,86641538400.0
2026-03-02,300750.SZ,333.26300000000003,16.14,72.8625269798863,0.0,4.681679289061885,1541883650555.7102,603801220000.0,333512927000.0,86641538400.0
2026-03-03,300750.SZ,337.11300000000006,16.14,72.8625269798863,0.0,4.681679289061885,1559696165160.2102,603801220000.0,333512927000.0,86641538400.0
2026-03-04,300750.SZ,331.943,16.14,72.8625269798863,0.0,4.681679289061885,1535776502691.3098,603801220000.0,333512927000.0,86641538400.0
2026-03-05,300750.SZ,343.293,16.14,72.8625269798863,0.0,4.681679289061885,1588288721070.81,603801220000.0,333512927000.0,86641538400.0
2026-03-06,300750.SZ,347.81300000000005,16.14,72.8625269798863,0.0,4.681679289061885,1609201075879.2102,603801220000.0,333512927000.0,86641538400.0
2026-03-09,300750.SZ,350.543,16.14,72.8625269798863,0.0,4.681679289061885,1621831768053.31,603801220000.0,333512927000.0,86641538400.0
2026-03-10,300750.SZ,369.343,16.14,72.8625269798863,0.0,4.681679289061885,1708812358849.31,603801220000.0,333512927000.0,86641538400.0
2026-03-11,300750.SZ,389.843,16.14,72.8625269798863,0.0,4.681679289061885,1803658215834.31,603801220000.0,333512927000.0,86641538400.0
2026-03-12,300750.SZ,388.543,16.14,72.8625269798863,0.0,4.681679289061885,1797643600513.31,603801220000.0,333512927000.0,86641538400.0
2026-03-13,300750.SZ,390.043,16.14,72.8625269798863,0.0,4.681679289061885,1804583541268.31,603801220000.0,333512927000.0,86641538400.0
2026-03-16,300750.SZ,401.443,16.14,72.8625269798863,0.0,4.681679289061885,1857327091006.3098,603801220000.0,333512927000.0,86641538400.0
2026-03-17,300750.SZ,398.043,16.14,72.8625269798863,0.0,4.681679289061885,1841596558628.31,603801220000.0,333512927000.0,86641538400.0
2026-03-18,300750.SZ,395.063,16.14,72.8625269798863,0.0,4.681679289061885,1827809209661.71,603801220000.0,333512927000.0,86641538400.0
2026-03-19,300750.SZ,393.543,16.14,72.8625269798863,0.0,4.681679289061885,1820776736363.31,603801220000.0,333512927000.0,86641538400.0
2026-03-20,300750.SZ,406.043,16.14,72.8625269798863,0.0,4.681679289061885,1878609575988.31,603801220000.0,333512927000.0,86641538400.0
2026-03-23,300750.SZ,395.033,16.14,72.8625269798863,0.0,4.681679289061885,1827670410846.61,603801220000.0,333512927000.0,86641538400.0
2026-03-24,300750.SZ,390.033,16.14,72.8625269798863,0.0,4.681679289061885,1804537274996.61,603801220000.0,333512927000.0,86641538400.0
2026-03-25,300750.SZ,390.853,16.14,72.8625269798863,0.0,4.681679289061885,1808331109276.01,603801220000.0,333512927000.0,86641538400.0
2026-03-26,300750.SZ,395.543,16.14,72.8625269798863,0.0,4.681679289061885,1830029990703.31,603801220000.0,333512927000.0,86641538400.0
2026-03-27,300750.SZ,409.223,16.14,72.8625269798863,0.0,4.681679289061885,1893322250388.9102,603801220000.0,333512927000.0,86641538400.0
2026-03-30,300750.SZ,406.043,16.14,72.8625269798863,0.0,4.681679289061885,1878609575988.31,603801220000.0,333512927000.0,86641538400.0
2026-03-31,300750.SZ,394.743,4.58,77.21879781378624,0.0,1.3446756722348994,1826328688967.31,652096744000.0,351997422000.0,24885252000.0
2026-04-01,300750.SZ,398.753,4.58,77.21879781378624,0.0,1.3446756722348994,1844881463919.01,652096744000.0,351997422000.0,24885252000.0
2026-04-02,300750.SZ,394.213,4.58,77.21879781378624,0.0,1.3446756722348994,1823876576567.2102,652096744000.0,351997422000.0,24885252000.0
2026-04-03,300750.SZ,379.503,4.58,77.21879781378624,0.0,1.3446756722348994,1755818890896.51,652096744000.0,351997422000.0,24885252000.0
2026-04-07,300750.SZ,377.63300000000004,4.58,77.21879781378624,0.0,1.3446756722348994,1747167098088.61,652096744000.0,351997422000.0,24885252000.0
2026-04-08,300750.SZ,384.343,4.58,77.21879781378624,0.0,1.3446756722348994,1778211766399.31,652096744000.0,351997422000.0,24885252000.0
2026-04-09,300750.SZ,383.033,4.58,77.21879781378624,0.0,1.3446756722348994,1772150884806.61,652096744000.0,351997422000.0,24885252000.0
2026-04-10,300750.SZ,409.043,4.58,77.21879781378624,0.0,1.3446756722348994,1892489457498.31,652096744000.0,351997422000.0,24885252000.0
2026-04-13,300750.SZ,420.173,4.58,77.21879781378624,0.0,1.3446756722348994,1943983817900.41,652096744000.0,351997422000.0,24885252000.0
2026-04-14,300750.SZ,423.833,4.58,77.21879781378624,0.0,1.3446756722348994,1960917273342.61,652096744000.0,351997422000.0,24885252000.0
2026-04-15,300750.SZ,424.043,4.58,77.21879781378624,0.0,1.3446756722348994,1961888865048.31,652096744000.0,351997422000.0,24885252000.0
2026-04-16,300750.SZ,447.02299999999997,4.58,77.21879781378624,0.0,1.3446756722348994,2068208757414.91,652096744000.0,351997422000.0,24885252000.0
2026-04-17,300750.SZ,437.243,4.58,77.21879781378624,0.0,1.3446756722348994,2022960343692.31,652096744000.0,351997422000.0,24885252000.0
2026-04-20,300750.SZ,425.543,4.58,77.21879781378624,0.0,1.3446756722348994,1968828805803.31,652096744000.0,351997422000.0,24885252000.0
2026-04-21,300750.SZ,440.64300000000003,4.58,77.21879781378624,0.0,1.3446756722348994,2038690876070.31,652096744000.0,351997422000.0,24885252000.0
2026-04-22,300750.SZ,436.35,4.58,77.21879781378624,0.0,1.3446756722348994,2018828765629.5,652096744000.0,351997422000.0,24885252000.0
2026-04-23,300750.SZ,438.9,4.58,77.21879781378624,0.0,1.3446756722348994,2030626664913.0,652096744000.0,351997422000.0,24885252000.0
2026-04-24,300750.SZ,444.9,4.58,77.21879781378624,0.0,1.3446756722348994,2058386427933.0,652096744000.0,351997422000.0,24885252000.0
2026-04-27,300750.SZ,434.88,4.58,77.21879781378624,0.0,1.3446756722348994,2012027623689.6,652096744000.0,351997422000.0,24885252000.0
2026-04-28,300750.SZ,427.67,4.58,77.21879781378624,0.0,1.3446756722348994,1978669641793.9001,652096744000.0,351997422000.0,24885252000.0
2026-04-29,300750.SZ,445.0,4.58,77.21879781378624,0.0,1.3446756722348994,2058849090650.0,652096744000.0,351997422000.0,24885252000.0
2026-04-30,300750.SZ,436.0,4.58,77.21879781378624,0.0,1.3446756722348994,2017209446120.0,652096744000.0,351997422000.0,24885252000.0
2026-05-06,300750.SZ,460.0,4.58,77.21879781378624,0.0,1.3446756722348994,2128248498200.0,652096744000.0,351997422000.0,24885252000.0
2026-05-07,300750.SZ,451.64,4.58,77.21879781378624,0.0,1.3446756722348994,2089569895058.8,652096744000.0,351997422000.0,24885252000.0
2026-05-08,300750.SZ,437.0,4.58,77.21879781378624,0.0,1.3446756722348994,2021836073290.0,652096744000.0,351997422000.0,24885252000.0
2026-05-11,300750.SZ,446.11,4.58,77.21879781378624,0.0,1.3446756722348994,2063984646808.7,652096744000.0,351997422000.0,24885252000.0
2026-05-12,300750.SZ,431.25,4.58,77.21879781378624,0.0,1.3446756722348994,1995232967062.5,652096744000.0,351997422000.0,24885252000.0
2026-05-13,300750.SZ,434.05,4.58,77.21879781378624,0.0,1.3446756722348994,2008187523138.5,652096744000.0,351997422000.0,24885252000.0
2026-05-14,300750.SZ,427.0,4.58,77.21879781378624,0.0,1.3446756722348994,1975569801590.0,652096744000.0,351997422000.0,24885252000.0
2026-05-15,300750.SZ,423.6,4.58,77.21879781378624,0.0,1.3446756722348994,1959839269212.0,652096744000.0,351997422000.0,24885252000.0
2026-05-18,300750.SZ,417.23,4.58,77.21879781378624,0.0,1.3446756722348994,1930367654139.1,652096744000.0,351997422000.0,24885252000.0
2026-05-19,300750.SZ,417.92,4.58,77.21879781378624,0.0,1.3446756722348994,1933560026886.4001,652096744000.0,351997422000.0,24885252000.0
2026-05-20,300750.SZ,414.75,4.58,77.21879781378624,0.0,1.3446756722348994,1918893618757.5,652096744000.0,351997422000.0,24885252000.0
2026-05-21,300750.SZ,411.63,4.58,77.21879781378624,0.0,1.3446756722348994,1904458541987.1,652096744000.0,351997422000.0,24885252000.0
2026-05-22,300750.SZ,411.16,4.58,77.21879781378624,0.0,1.3446756722348994,1902284027217.2002,652096744000.0,351997422000.0,24885252000.0
2026-05-25,300750.SZ,402.88,4.58,77.21879781378624,0.0,1.3446756722348994,1863975554249.6,652096744000.0,351997422000.0,24885252000.0
2026-05-26,300750.SZ,402.5,4.58,77.21879781378624,0.0,1.3446756722348994,1862217435925.0,652096744000.0,351997422000.0,24885252000.0
2026-05-27,300750.SZ,414.8,4.58,77.21879781378624,0.0,1.3446756722348994,1919124950116.0,652096744000.0,351997422000.0,24885252000.0
2026-05-28,300750.SZ,415.68,4.58,77.21879781378624,0.0,1.3446756722348994,1923196382025.6,652096744000.0,351997422000.0,24885252000.0
2026-05-29,300750.SZ,424.0,4.58,77.21879781378624,0.0,1.3446756722348994,1961689920080.0,652096744000.0,351997422000.0,24885252000.0
2024-04-01,600036.SH,27.655001,1.51,44.36843181766472,0.0,0.4529409172729852,697454855315.5006,10394735000000.0,813340000000.0,45692400000.0
2024-04-02,600036.SH,27.565000999999995,1.51,44.36843181766472,0.0,0.4529409172729852,695185069211.4105,10394735000000.0,813340000000.0,45692400000.0
2024-04-03,600036.SH,27.245001000000002,1.51,44.36843181766472,0.0,0.4529409172729852,687114718619.0907,10394735000000.0,813340000000.0,45692400000.0
2024-04-08,600036.SH,27.415000999999997,1.51,44.36843181766472,0.0,0.4529409172729852,691402092371.2605,10394735000000.0,813340000000.0,45692400000.0
2024-04-09,600036.SH,27.325001,1.51,44.36843181766472,0.0,0.4529409172729852,689132306267.1707,10394735000000.0,813340000000.0,45692400000.0
2024-04-10,600036.SH,27.505000999999993,1.51,44.36843181766472,0.0,0.4529409172729852,693671878475.3505,10394735000000.0,813340000000.0,45692400000.0
2024-04-11,600036.SH,27.315001000000002,1.51,44.36843181766472,0.0,0.4529409172729852,688880107811.1606,10394735000000.0,813340000000.0,45692400000.0
2024-04-12,600036.SH,27.135001000000003,1.51,44.36843181766472,0.0,0.4529409172729852,684340535602.9807,10394735000000.0,813340000000.0,45692400000.0
2024-04-15,600036.SH,27.845001000000003,1.51,44.36843181766472,0.0,0.4529409172729852,702246625979.6907,10394735000000.0,813340000000.0,45692400000.0
2024-04-16,600036.SH,27.765000999999998,1.51,44.36843181766472,0.0,0.4529409172729852,700229038331.6106,10394735000000.0,813340000000.0,45692400000.0
2024-04-17,600036.SH,28.315000999999995,1.51,44.36843181766472,0.0,0.4529409172729852,714099953412.1605,10394735000000.0,813340000000.0,45692400000.0
2024-04-18,600036.SH,28.665000999999997,1.51,44.36843181766472,0.0,0.4529409172729852,722926899372.5105,10394735000000.0,813340000000.0,45692400000.0
2024-04-19,600036.SH,28.635001000000003,1.51,44.36843181766472,0.0,0.4529409172729852,722170304004.4807,10394735000000.0,813340000000.0,45692400000.0
2024-04-22,600036.SH,28.355000999999994,1.51,44.36843181766472,0.0,0.4529409172729852,715108747236.2004,10394735000000.0,813340000000.0,45692400000.0
2024-04-23,600036.SH,28.395001,1.51,44.36843181766472,0.0,0.4529409172729852,716117541060.2406,10394735000000.0,813340000000.0,45692400000.0
2024-04-24,600036.SH,28.475001,1.51,44.36843181766472,0.0,0.4529409172729852,718135128708.3206,10394735000000.0,813340000000.0,45692400000.0
2024-04-25,600036.SH,29.415001000000004,1.51,44.36843181766472,0.0,0.4529409172729852,741841783573.2607,10394735000000.0,813340000000.0,45692400000.0
2024-04-26,600036.SH,29.495000999999995,1.51,44.36843181766472,0.0,0.4529409172729852,743859371221.3405,10394735000000.0,813340000000.0,45692400000.0
2024-04-29,600036.SH,29.895001,1.51,44.36843181766472,0.0,0.4529409172729852,753947309461.7406,10394735000000.0,813340000000.0,45692400000.0
2024-04-30,600036.SH,29.325000999999993,1.51,44.36843181766472,0.0,0.4529409172729852,739571997469.1704,10394735000000.0,813340000000.0,45692400000.0
2024-05-06,600036.SH,29.895000999999993,1.51,44.36843181766472,0.0,0.4529409172729852,753947309461.7405,10394735000000.0,813340000000.0,45692400000.0
2024-05-07,600036.SH,29.885001000000003,1.51,44.36843181766472,0.0,0.4529409172729852,753695111005.7307,10394735000000.0,813340000000.0,45692400000.0
2024-05-08,600036.SH,29.585001000000005,1.51,44.36843181766472,0.0,0.4529409172729852,746129157325.4308,10394735000000.0,813340000000.0,45692400000.0
2024-05-09,600036.SH,29.855001,1.51,44.36843181766472,0.0,0.4529409172729852,752938515637.7007,10394735000000.0,813340000000.0,45692400000.0
2024-05-10,600036.SH,30.635001000000003,1.51,44.36843181766472,0.0,0.4529409172729852,772609995206.4807,10394735000000.0,813340000000.0,45692400000.0
2024-05-13,600036.SH,30.925000999999995,1.51,44.36843181766472,0.0,0.4529409172729852,779923750430.7705,10394735000000.0,813340000000.0,45692400000.0
2024-05-14,600036.SH,30.355001,1.51,44.36843181766472,0.0,0.4529409172729852,765548438438.2007,10394735000000.0,813340000000.0,45692400000.0
2024-05-15,600036.SH,30.065000999999995,1.51,44.36843181766472,0.0,0.4529409172729852,758234683213.9105,10394735000000.0,813340000000.0,45692400000.0
2024-05-16,600036.SH,31.265000999999998,1.51,44.36843181766472,0.0,0.4529409172729852,788498497935.1106,10394735000000.0,813340000000.0,45692400000.0
2024-05-17,600036.SH,31.865001,1.51,44.36843181766472,0.0,0.4529409172729852,803630405295.7106,10394735000000.0,813340000000.0,45692400000.0
2024-05-20,600036.SH,31.395001,1.51,44.36843181766472,0.0,0.4529409172729852,791777077863.2406,10394735000000.0,813340000000.0,45692400000.0
2024-05-21,600036.SH,31.255001,1.51,44.36843181766472,0.0,0.4529409172729852,788246299479.1006,10394735000000.0,813340000000.0,45692400000.0
2024-05-22,600036.SH,31.075000999999993,1.51,44.36843181766472,0.0,0.4529409172729852,783706727270.9204,10394735000000.0,813340000000.0,45692400000.0
2024-05-23,600036.SH,30.515000999999998,1.51,44.36843181766472,0.0,0.4529409172729852,769583613734.3606,10394735000000.0,813340000000.0,45692400000.0
2024-05-24,600036.SH,29.755001,1.51,44.36843181766472,0.0,0.4529409172729852,750416531077.6006,10394735000000.0,813340000000.0,45692400000.0
2024-05-27,600036.SH,30.155001,1.51,44.36843181766472,0.0,0.4529409172729852,760504469318.0006,10394735000000.0,813340000000.0,45692400000.0
2024-05-28,600036.SH,29.845000999999996,1.51,44.36843181766472,0.0,0.4529409172729852,752686317181.6906,10394735000000.0,813340000000.0,45692400000.0
2024-05-29,600036.SH,29.585001,1.51,44.36843181766472,0.0,0.4529409172729852,746129157325.4305,10394735000000.0,813340000000.0,45692400000.0
2024-05-30,600036.SH,29.355000999999994,1.51,44.36843181766472,0.0,0.4529409172729852,740328592837.2004,10394735000000.0,813340000000.0,45692400000.0
2024-05-31,600036.SH,29.295001,1.51,44.36843181766472,0.0,0.4529409172729852,738815402101.1406,10394735000000.0,813340000000.0,45692400000.0
2024-06-03,600036.SH,29.165000999999997,1.51,44.36843181766472,0.0,0.4529409172729852,735536822173.0105,10394735000000.0,813340000000.0,45692400000.0
2024-06-04,600036.SH,29.555000999999997,1.51,44.36843181766472,0.0,0.4529409172729852,745372561957.4005,10394735000000.0,813340000000.0,45692400000.0
2024-06-05,600036.SH,29.005001,1.51,44.36843181766472,0.0,0.4529409172729852,731501646876.8506,10394735000000.0,813340000000.0,45692400000.0
2024-06-06,600036.SH,29.015000999999998,1.51,44.36843181766472,0.0,0.4529409172729852,731753845332.8606,10394735000000.0,813340000000.0,45692400000.0
2024-06-07,600036.SH,29.005001,1.51,44.36843181766472,0.0,0.4529409172729852,731501646876.8506,10394735000000.0,813340000000.0,45692400000.0
2024-06-11,600036.SH,28.375000999999997,1.51,44.36843181766472,0.0,0.4529409172729852,715613144148.2206,10394735000000.0,813340000000.0,45692400000.0
2024-06-12,600036.SH,28.105001,1.51,44.36843181766472,0.0,0.4529409172729852,708803785835.9507,10394735000000.0,813340000000.0,45692400000.0
2024-06-13,600036.SH,27.835001,1.51,44.36843181766472,0.0,0.4529409172729852,701994427523.6805,10394735000000.0,813340000000.0,45692400000.0
2024-06-14,600036.SH,28.825001,1.51,44.36843181766472,0.0,0.4529409172729852,726962074668.6707,10394735000000.0,813340000000.0,45692400000.0
2024-06-17,600036.SH,28.745001000000002,1.51,44.36843181766472,0.0,0.4529409172729852,724944487020.5907,10394735000000.0,813340000000.0,45692400000.0
2024-06-18,600036.SH,28.725001,1.51,44.36843181766472,0.0,0.4529409172729852,724440090108.5706,10394735000000.0,813340000000.0,45692400000.0
2024-06-19,600036.SH,29.165001000000004,1.51,44.36843181766472,0.0,0.4529409172729852,735536822173.0107,10394735000000.0,813340000000.0,45692400000.0
2024-06-20,600036.SH,29.025000999999996,1.51,44.36843181766472,0.0,0.4529409172729852,732006043788.8705,10394735000000.0,813340000000.0,45692400000.0
2024-06-21,600036.SH,28.715001,1.51,44.36843181766472,0.0,0.4529409172729852,724187891652.5607,10394735000000.0,813340000000.0,45692400000.0
2024-06-24,600036.SH,29.085001,1.51,44.36843181766472,0.0,0.4529409172729852,733519234524.9305,10394735000000.0,813340000000.0,45692400000.0
2024-06-25,600036.SH,29.315000999999995,1.51,44.36843181766472,0.0,0.4529409172729852,739319799013.1605,10394735000000.0,813340000000.0,45692400000.0
2024-06-26,600036.SH,29.075001,1.51,44.36843181766472,0.0,0.4529409172729852,733267036068.9207,10394735000000.0,813340000000.0,45692400000.0
2024-06-27,600036.SH,29.275000999999996,1.51,44.36843181766472,0.0,0.4529409172729852,738311005189.1205,10394735000000.0,813340000000.0,45692400000.0
2024-06-28,600036.SH,29.205000999999996,1.51,44.36843181766472,0.0,0.4529409172729852,736545615997.0505,10394735000000.0,813340000000.0,45692400000.0
2024-07-01,600036.SH,29.375000999999997,2.89,44.0214035234212,0.0,0.8890974336143795,740832989749.2206,10457758000000.0,599520000000.0,89691600000.0
2024-07-02,600036.SH,30.095000999999996,2.89,44.0214035234212,0.0,0.8890974336143795,758991278581.9406,10457758000000.0,599520000000.0,89691600000.0
2024-07-03,600036.SH,29.475001,2.89,44.0214035234212,0.0,0.8890974336143795,743354974309.3206,10457758000000.0,599520000000.0,89691600000.0
2024-07-04,600036.SH,29.725001,2.89,44.0214035234212,0.0,0.8890974336143795,749659935709.5706,10457758000000.0,599520000000.0,89691600000.0
2024-07-05,600036.SH,28.895001,2.89,44.0214035234212,0.0,0.8890974336143795,728727463860.7406,10457758000000.0,599520000000.0,89691600000.0
2024-07-08,600036.SH,29.005001,2.89,44.0214035234212,0.0,0.8890974336143795,731501646876.8506,10457758000000.0,599520000000.0,89691600000.0
2024-07-09,600036.SH,29.485000999999997,2.89,44.0214035234212,0.0,0.8890974336143795,743607172765.3306,10457758000000.0,599520000000.0,89691600000.0
2024-07-10,600036.SH,29.695000999999998,2.89,44.0214035234212,0.0,0.8890974336143795,748903340341.5405,10457758000000.0,599520000000.0,89691600000.0
2024-07-11,600036.SH,29.887000999999998,2.89,44.0214035234212,0.0,0.8890974336143795,753745550696.9325,10457758000000.0,599520000000.0,89691600000.0
2024-07-12,600036.SH,30.987001,2.89,44.0214035234212,0.0,0.8890974336143795,781487380858.0326,10457758000000.0,599520000000.0,89691600000.0
2024-07-15,600036.SH,30.767001,2.89,44.0214035234212,0.0,0.8890974336143795,775939014825.8126,10457758000000.0,599520000000.0,89691600000.0
2024-07-16,600036.SH,30.777001,2.89,44.0214035234212,0.0,0.8890974336143795,776191213281.8225,10457758000000.0,599520000000.0,89691600000.0
2024-07-17,600036.SH,31.057001,2.89,44.0214035234212,0.0,0.8890974336143795,783252770050.1025,10457758000000.0,599520000000.0,89691600000.0
2024-07-18,600036.SH,31.077000999999996,2.89,44.0214035234212,0.0,0.8890974336143795,783757166962.1224,10457758000000.0,599520000000.0,89691600000.0
2024-07-19,600036.SH,31.237001,2.89,44.0214035234212,0.0,0.8890974336143795,787792342258.2826,10457758000000.0,599520000000.0,89691600000.0
2024-07-22,600036.SH,30.327001000000003,2.89,44.0214035234212,0.0,0.8890974336143795,764842282761.3727,10457758000000.0,599520000000.0,89691600000.0
2024-07-23,600036.SH,30.327001000000003,2.89,44.0214035234212,0.0,0.8890974336143795,764842282761.3727,10457758000000.0,599520000000.0,89691600000.0
2024-07-24,600036.SH,30.167001,2.89,44.0214035234212,0.0,0.8890974336143795,760807107465.2125,10457758000000.0,599520000000.0,89691600000.0
2024-07-25,600036.SH,29.817000999999998,2.89,44.0214035234212,0.0,0.8890974336143795,751980161504.8625,10457758000000.0,599520000000.0,89691600000.0
2024-07-26,600036.SH,29.357000999999997,2.89,44.0214035234212,0.0,0.8890974336143795,740379032528.4025,10457758000000.0,599520000000.0,89691600000.0
2024-07-29,600036.SH,29.437001000000002,2.89,44.0214035234212,0.0,0.8890974336143795,742396620176.4827,10457758000000.0,599520000000.0,89691600000.0
2024-07-30,600036.SH,29.407001,2.89,44.0214035234212,0.0,0.8890974336143795,741640024808.4526,10457758000000.0,599520000000.0,89691600000.0
2024-07-31,600036.SH,29.717000999999996,2.89,44.0214035234212,0.0,0.8890974336143795,749458176944.7625,10457758000000.0,599520000000.0,89691600000.0
2024-08-01,600036.SH,29.697001,2.89,44.0214035234212,0.0,0.8890974336143795,748953780032.7426,10457758000000.0,599520000000.0,89691600000.0
2024-08-02,600036.SH,29.267001,2.89,44.0214035234212,0.0,0.8890974336143795,738109246424.3126,10457758000000.0,599520000000.0,89691600000.0
2024-08-05,600036.SH,29.087000999999994,2.89,44.0214035234212,0.0,0.8890974336143795,733569674216.1324,10457758000000.0,599520000000.0,89691600000.0
2024-08-06,600036.SH,28.687001000000002,2.89,44.0214035234212,0.0,0.8890974336143795,723481735975.7327,10457758000000.0,599520000000.0,89691600000.0
2024-08-07,600036.SH,28.567001,2.89,44.0214035234212,0.0,0.8890974336143795,720455354503.6127,10457758000000.0,599520000000.0,89691600000.0
2024-08-08,600036.SH,28.917001,2.89,44.0214035234212,0.0,0.8890974336143795,729282300463.9625,10457758000000.0,599520000000.0,89691600000.0
2024-08-09,600036.SH,29.317001000000005,2.89,44.0214035234212,0.0,0.8890974336143795,739370238704.3627,10457758000000.0,599520000000.0,89691600000.0
2024-08-12,600036.SH,29.107000999999997,2.89,44.0214035234212,0.0,0.8890974336143795,734074071128.1525,10457758000000.0,599520000000.0,89691600000.0
2024-08-13,600036.SH,28.927001,2.89,44.0214035234212,0.0,0.8890974336143795,729534498919.9727,10457758000000.0,599520000000.0,89691600000.0
2024-08-14,600036.SH,28.847001000000002,2.89,44.0214035234212,0.0,0.8890974336143795,727516911271.8927,10457758000000.0,599520000000.0,89691600000.0
2024-08-15,600036.SH,29.747001000000004,2.89,44.0214035234212,0.0,0.8890974336143795,750214772312.7927,10457758000000.0,599520000000.0,89691600000.0
2024-08-16,600036.SH,30.137000999999998,2.89,44.0214035234212,0.0,0.8890974336143795,760050512097.1825,10457758000000.0,599520000000.0,89691600000.0
2024-08-19,600036.SH,30.407001,2.89,44.0214035234212,0.0,0.8890974336143795,766859870409.4526,10457758000000.0,599520000000.0,89691600000.0
2024-08-20,600036.SH,30.467001000000003,2.89,44.0214035234212,0.0,0.8890974336143795,768373061145.5127,10457758000000.0,599520000000.0,89691600000.0
2024-08-21,600036.SH,30.227001,2.89,44.0214035234212,0.0,0.8890974336143795,762320298201.2726,10457758000000.0,599520000000.0,89691600000.0
2024-08-22,600036.SH,30.287000999999997,2.89,44.0214035234212,0.0,0.8890974336143795,763833488937.3325,10457758000000.0,599520000000.0,89691600000.0
2024-08-23,600036.SH,30.687001000000002,2.89,44.0214035234212,0.0,0.8890974336143795,773921427177.7327,10457758000000.0,599520000000.0,89691600000.0
2024-08-26,600036.SH,30.757000999999995,2.89,44.0214035234212,0.0,0.8890974336143795,775686816369.8025,10457758000000.0,599520000000.0,89691600000.0
2024-08-27,600036.SH,30.687001000000002,2.89,44.0214035234212,0.0,0.8890974336143795,773921427177.7327,10457758000000.0,599520000000.0,89691600000.0
2024-08-28,600036.SH,30.667001,2.89,44.0214035234212,0.0,0.8890974336143795,773417030265.7125,10457758000000.0,599520000000.0,89691600000.0
2024-08-29,600036.SH,29.917001,2.89,44.0214035234212,0.0,0.8890974336143795,754502146064.9625,10457758000000.0,599520000000.0,89691600000.0
2024-08-30,600036.SH,29.137000999999998,2.89,44.0214035234212,0.0,0.8890974336143795,734830666496.1825,10457758000000.0,599520000000.0,89691600000.0
2024-09-02,600036.SH,28.917001,2.89,44.0214035234212,0.0,0.8890974336143795,729282300463.9625,10457758000000.0,599520000000.0,89691600000.0
2024-09-03,600036.SH,28.607001,2.89,44.0214035234212,0.0,0.8890974336143795,721464148327.6526,10457758000000.0,599520000000.0,89691600000.0
2024-09-04,600036.SH,28.347001000000002,2.89,44.0214035234212,0.0,0.8890974336143795,714906988471.3927,10457758000000.0,599520000000.0,89691600000.0
2024-09-05,600036.SH,28.187001000000002,2.89,44.0214035234212,0.0,0.8890974336143795,710871813175.2327,10457758000000.0,599520000000.0,89691600000.0
2024-09-06,600036.SH,28.237001,2.89,44.0214035234212,0.0,0.8890974336143795,712132805455.2826,10457758000000.0,599520000000.0,89691600000.0
2024-09-09,600036.SH,27.227000999999998,2.89,44.0214035234212,0.0,0.8890974336143795,686660761398.2726,10457758000000.0,599520000000.0,89691600000.0
2024-09-10,600036.SH,27.177001,2.89,44.0214035234212,0.0,0.8890974336143795,685399769118.2227,10457758000000.0,599520000000.0,89691600000.0
2024-09-11,600036.SH,27.067000999999998,2.89,44.0214035234212,0.0,0.8890974336143795,682625586102.1125,10457758000000.0,599520000000.0,89691600000.0
2024-09-12,600036.SH,27.217001,2.89,44.0214035234212,0.0,0.8890974336143795,686408562942.2626,10457758000000.0,599520000000.0,89691600000.0
2024-09-13,600036.SH,27.587001,2.89,44.0214035234212,0.0,0.8890974336143795,695739905814.6326,10457758000000.0,599520000000.0,89691600000.0
2024-09-18,600036.SH,28.097001,2.89,44.0214035234212,0.0,0.8890974336143795,708602027071.1426,10457758000000.0,599520000000.0,89691600000.0
2024-09-19,600036.SH,27.807001,2.89,44.0214035234212,0.0,0.8890974336143795,701288271846.8525,10457758000000.0,599520000000.0,89691600000.0
2024-09-20,600036.SH,27.927001,2.89,44.0214035234212,0.0,0.8890974336143795,704314653318.9727,10457758000000.0,599520000000.0,89691600000.0
2024-09-23,600036.SH,28.377001,2.89,44.0214035234212,0.0,0.8890974336143795,715663583839.4226,10457758000000.0,599520000000.0,89691600000.0
2024-09-24,600036.SH,30.117001000000002,2.89,44.0214035234212,0.0,0.8890974336143795,759546115185.1626,10457758000000.0,599520000000.0,89691600000.0
2024-09-25,600036.SH,31.137001000000005,2.89,44.0214035234212,0.0,0.8890974336143795,785270357698.1827,10457758000000.0,599520000000.0,89691600000.0
2024-09-26,600036.SH,32.367001,2.89,44.0214035234212,0.0,0.8890974336143795,816290767787.4126,10457758000000.0,599520000000.0,89691600000.0
2024-09-27,600036.SH,32.617001,2.89,44.0214035234212,0.0,0.8890974336143795,822595729187.6626,10457758000000.0,599520000000.0,89691600000.0
2024-09-30,600036.SH,34.597001,4.41,45.699209195567036,0.0,1.3463682743027432,872531023477.6426,10495128000000.0,629471000000.0,135820800000.0
2024-10-08,600036.SH,36.987001,4.41,45.699209195567036,0.0,1.3463682743027432,932806454464.0326,10495128000000.0,629471000000.0,135820800000.0
2024-10-09,600036.SH,33.997001,4.41,45.699209195567036,0.0,1.3463682743027432,857399116117.0425,10495128000000.0,629471000000.0,135820800000.0
2024-10-10,600036.SH,35.717000999999996,4.41,45.699209195567036,0.0,1.3463682743027432,900777250550.7625,10495128000000.0,629471000000.0,135820800000.0
2024-10-11,600036.SH,35.417001,4.41,45.699209195567036,0.0,1.3463682743027432,893211296870.4625,10495128000000.0,629471000000.0,135820800000.0
2024-10-14,600036.SH,36.317001,4.41,45.699209195567036,0.0,1.3463682743027432,915909157911.3625,10495128000000.0,629471000000.0,135820800000.0
2024-10-15,600036.SH,35.487001,4.41,45.699209195567036,0.0,1.3463682743027432,894976686062.5326,10495128000000.0,629471000000.0,135820800000.0
2024-10-16,600036.SH,36.487001,4.41,45.699209195567036,0.0,1.3463682743027432,920196531663.5326,10495128000000.0,629471000000.0,135820800000.0
2024-10-17,600036.SH,35.477001,4.41,45.699209195567036,0.0,1.3463682743027432,894724487606.5226,10495128000000.0,629471000000.0,135820800000.0
2024-10-18,600036.SH,36.037001000000004,4.41,45.699209195567036,0.0,1.3463682743027432,908847601143.0826,10495128000000.0,629471000000.0,135820800000.0
2024-10-21,600036.SH,35.837001,4.41,45.699209195567036,0.0,1.3463682743027432,903803632022.8826,10495128000000.0,629471000000.0,135820800000.0
2024-10-22,600036.SH,36.157001,4.41,45.699209195567036,0.0,1.3463682743027432,911873982615.2026,10495128000000.0,629471000000.0,135820800000.0
2024-10-23,600036.SH,36.647001,4.41,45.699209195567036,0.0,1.3463682743027432,924231706959.6926,10495128000000.0,629471000000.0,135820800000.0
2024-10-24,600036.SH,36.297001,4.41,45.699209195567036,0.0,1.3463682743027432,915404760999.3427,10495128000000.0,629471000000.0,135820800000.0
2024-10-25,600036.SH,36.087001,4.41,45.699209195567036,0.0,1.3463682743027432,910108593423.1326,10495128000000.0,629471000000.0,135820800000.0
2024-10-28,600036.SH,35.507001,4.41,45.699209195567036,0.0,1.3463682743027432,895481082974.5526,10495128000000.0,629471000000.0,135820800000.0
2024-10-29,600036.SH,35.587001,4.41,45.699209195567036,0.0,1.3463682743027432,897498670622.6326,10495128000000.0,629471000000.0,135820800000.0
2024-10-30,600036.SH,34.867001,4.41,45.699209195567036,0.0,1.3463682743027432,879340381789.9126,10495128000000.0,629471000000.0,135820800000.0
2024-10-31,600036.SH,34.347001000000006,4.41,45.699209195567036,0.0,1.3463682743027432,866226062077.3927,10495128000000.0,629471000000.0,135820800000.0
2024-11-01,600036.SH,34.997001000000004,4.41,45.699209195567036,0.0,1.3463682743027432,882618961718.0427,10495128000000.0,629471000000.0,135820800000.0
2024-11-04,600036.SH,35.73700100000001,4.41,45.699209195567036,0.0,1.3463682743027432,901281647462.7827,10495128000000.0,629471000000.0,135820800000.0
2024-11-05,600036.SH,36.067001,4.41,45.699209195567036,0.0,1.3463682743027432,909604196511.1125,10495128000000.0,629471000000.0,135820800000.0
2024-11-06,600036.SH,35.547000999999995,4.41,45.699209195567036,0.0,1.3463682743027432,896489876798.5924,10495128000000.0,629471000000.0,135820800000.0
2024-11-07,600036.SH,36.557001,4.41,45.699209195567036,0.0,1.3463682743027432,921961920855.6025,10495128000000.0,629471000000.0,135820800000.0
2024-11-08,600036.SH,35.787001,4.41,45.699209195567036,0.0,1.3463682743027432,902542639742.8325,10495128000000.0,629471000000.0,135820800000.0
2024-11-11,600036.SH,35.317001,4.41,45.699209195567036,0.0,1.3463682743027432,890689312310.3625,10495128000000.0,629471000000.0,135820800000.0
2024-11-12,600036.SH,34.577000999999996,4.41,45.699209195567036,0.0,1.3463682743027432,872026626565.6224,10495128000000.0,629471000000.0,135820800000.0
2024-11-13,600036.SH,34.807001,4.41,45.699209195567036,0.0,1.3463682743027432,877827191053.8525,10495128000000.0,629471000000.0,135820800000.0
2024-11-14,600036.SH,35.047001,4.41,45.699209195567036,0.0,1.3463682743027432,883879953998.0927,10495128000000.0,629471000000.0,135820800000.0
2024-11-15,600036.SH,34.807001,4.41,45.699209195567036,0.0,1.3463682743027432,877827191053.8525,10495128000000.0,629471000000.0,135820800000.0
2024-11-18,600036.SH,34.887001000000005,4.41,45.699209195567036,0.0,1.3463682743027432,879844778701.9327,10495128000000.0,629471000000.0,135820800000.0
2024-11-19,600036.SH,34.707001000000005,4.41,45.699209195567036,0.0,1.3463682743027432,875305206493.7527,10495128000000.0,629471000000.0,135820800000.0
2024-11-20,600036.SH,34.467000999999996,4.41,45.699209195567036,0.0,1.3463682743027432,869252443549.5125,10495128000000.0,629471000000.0,135820800000.0
2024-11-21,600036.SH,34.417001,4.41,45.699209195567036,0.0,1.3463682743027432,867991451269.4625,10495128000000.0,629471000000.0,135820800000.0
2024-11-22,600036.SH,33.437001,4.41,45.699209195567036,0.0,1.3463682743027432,843276002580.4827,10495128000000.0,629471000000.0,135820800000.0
2024-11-25,600036.SH,33.207001,4.41,45.699209195567036,0.0,1.3463682743027432,837475438092.2526,10495128000000.0,629471000000.0,135820800000.0
2024-11-26,600036.SH,33.377001,4.41,45.699209195567036,0.0,1.3463682743027432,841762811844.4226,10495128000000.0,629471000000.0,135820800000.0
2024-11-27,600036.SH,33.587001,4.41,45.699209195567036,0.0,1.3463682743027432,847058979420.6326,10495128000000.0,629471000000.0,135820800000.0
2024-11-28,600036.SH,33.457001,4.41,45.699209195567036,0.0,1.3463682743027432,843780399492.5026,10495128000000.0,629471000000.0,135820800000.0
2024-11-29,600036.SH,33.327001,4.41,45.699209195567036,0.0,1.3463682743027432,840501819564.3727,10495128000000.0,629471000000.0,135820800000.0
2024-12-02,600036.SH,33.497001000000004,4.41,45.699209195567036,0.0,1.3463682743027432,844789193316.5427,10495128000000.0,629471000000.0,135820800000.0
2024-12-03,600036.SH,34.107001000000004,4.41,45.699209195567036,0.0,1.3463682743027432,860173299133.1527,10495128000000.0,629471000000.0,135820800000.0
2024-12-04,600036.SH,33.797001,4.41,45.699209195567036,0.0,1.3463682743027432,852355146996.8427,10495128000000.0,629471000000.0,135820800000.0
2024-12-05,600036.SH,33.897000999999996,4.41,45.699209195567036,0.0,1.3463682743027432,854877131556.9425,10495128000000.0,629471000000.0,135820800000.0
2024-12-06,600036.SH,34.687000999999995,4.41,45.699209195567036,0.0,1.3463682743027432,874800809581.7324,10495128000000.0,629471000000.0,135820800000.0
2024-12-09,600036.SH,34.687001,4.41,45.699209195567036,0.0,1.3463682743027432,874800809581.7327,10495128000000.0,629471000000.0,135820800000.0
2024-12-10,600036.SH,35.587001,4.41,45.699209195567036,0.0,1.3463682743027432,897498670622.6326,10495128000000.0,629471000000.0,135820800000.0
2024-12-11,600036.SH,35.287001000000004,4.41,45.699209195567036,0.0,1.3463682743027432,889932716942.3326,10495128000000.0,629471000000.0,135820800000.0
2024-12-12,600036.SH,35.787001000000004,4.41,45.699209195567036,0.0,1.3463682743027432,902542639742.8326,10495128000000.0,629471000000.0,135820800000.0
2024-12-13,600036.SH,34.287001000000004,4.41,45.699209195567036,0.0,1.3463682743027432,864712871341.3326,10495128000000.0,629471000000.0,135820800000.0
2024-12-16,600036.SH,34.727001,4.41,45.699209195567036,0.0,1.3463682743027432,875809603405.7726,10495128000000.0,629471000000.0,135820800000.0
2024-12-17,600036.SH,34.837001,4.41,45.699209195567036,0.0,1.3463682743027432,878583786421.8826,10495128000000.0,629471000000.0,135820800000.0
2024-12-18,600036.SH,35.507000999999995,4.41,45.699209195567036,0.0,1.3463682743027432,895481082974.5525,10495128000000.0,629471000000.0,135820800000.0
2024-12-19,600036.SH,35.007001,4.41,45.699209195567036,0.0,1.3463682743027432,882871160174.0526,10495128000000.0,629471000000.0,135820800000.0
2024-12-20,600036.SH,34.897000999999996,4.41,45.699209195567036,0.0,1.3463682743027432,880096977157.9425,10495128000000.0,629471000000.0,135820800000.0
2024-12-23,600036.SH,35.337001,4.41,45.699209195567036,0.0,1.3463682743027432,891193709222.3826,10495128000000.0,629471000000.0,135820800000.0
2024-12-24,600036.SH,36.207001,4.41,45.699209195567036,0.0,1.3463682743027432,913134974895.2526,10495128000000.0,629471000000.0,135820800000.0
2024-12-25,600036.SH,36.387001,4.41,45.699209195567036,0.0,1.3463682743027432,917674547103.4325,10495128000000.0,629471000000.0,135820800000.0
2024-12-26,600036.SH,36.467000999999996,4.41,45.699209195567036,0.0,1.3463682743027432,919692134751.5125,10495128000000.0,629471000000.0,135820800000.0
2024-12-27,600036.SH,36.327001,4.41,45.699209195567036,0.0,1.3463682743027432,916161356367.3727,10495128000000.0,629471000000.0,135820800000.0
2024-12-30,600036.SH,36.607001,4.41,45.699209195567036,0.0,1.3463682743027432,923222913135.6525,10495128000000.0,629471000000.0,135820800000.0
2024-12-31,600036.SH,36.287001000000004,5.66,48.613065258075444,0.0,1.7651694108006288,915152562543.3326,10918561000000.0,574065000000.0,178069200000.0
2025-01-02,600036.SH,35.497001000000004,5.66,48.613065258075444,0.0,1.7651694108006288,895228884518.5427,10918561000000.0,574065000000.0,178069200000.0
2025-01-03,600036.SH,35.647000999999996,5.66,48.613065258075444,0.0,1.7651694108006288,899011861358.6925,10918561000000.0,574065000000.0,178069200000.0
2025-01-06,600036.SH,36.037001000000004,5.66,48.613065258075444,0.0,1.7651694108006288,908847601143.0826,10918561000000.0,574065000000.0,178069200000.0
2025-01-07,600036.SH,35.887001,5.66,48.613065258075444,0.0,1.7651694108006288,905064624302.9325,10918561000000.0,574065000000.0,178069200000.0
2025-01-08,600036.SH,36.267001,5.66,48.613065258075444,0.0,1.7651694108006288,914648165631.3126,10918561000000.0,574065000000.0,178069200000.0
2025-01-09,600036.SH,35.987001,5.66,48.613065258075444,0.0,1.7651694108006288,907586608863.0326,10918561000000.0,574065000000.0,178069200000.0
2025-01-10,600036.SH,35.967001,5.66,48.613065258075444,0.0,1.7651694108006288,907082211951.0127,10918561000000.0,574065000000.0,178069200000.0
2025-01-13,600036.SH,36.057001,5.66,48.613065258075444,0.0,1.7651694108006288,909351998055.1025,10918561000000.0,574065000000.0,178069200000.0
2025-01-14,600036.SH,36.837001,5.66,48.613065258075444,0.0,1.7651694108006288,929023477623.8826,10918561000000.0,574065000000.0,178069200000.0
2025-01-15,600036.SH,37.627001,5.66,48.613065258075444,0.0,1.7651694108006288,948947155648.6726,10918561000000.0,574065000000.0,178069200000.0
2025-01-16,600036.SH,37.977001,5.66,48.613065258075444,0.0,1.7651694108006288,957774101609.0226,10918561000000.0,574065000000.0,178069200000.0
2025-01-17,600036.SH,37.697001,5.66,48.613065258075444,0.0,1.7651694108006288,950712544840.7426,10918561000000.0,574065000000.0,178069200000.0
2025-01-20,600036.SH,37.107001,5.66,48.613065258075444,0.0,1.7651694108006288,935832835936.1525,10918561000000.0,574065000000.0,178069200000.0
2025-01-21,600036.SH,37.127001,5.66,48.613065258075444,0.0,1.7651694108006288,936337232848.1726,10918561000000.0,574065000000.0,178069200000.0
2025-01-22,600036.SH,36.437001,5.66,48.613065258075444,0.0,1.7651694108006288,918935539383.4827,10918561000000.0,574065000000.0,178069200000.0
2025-01-23,600036.SH,36.817001000000005,5.66,48.613065258075444,0.0,1.7651694108006288,928519080711.8627,10918561000000.0,574065000000.0,178069200000.0
2025-01-24,600036.SH,37.247001,5.66,48.613065258075444,0.0,1.7651694108006288,939363614320.2925,10918561000000.0,574065000000.0,178069200000.0
2025-01-27,600036.SH,37.637001000000005,5.66,48.613065258075444,0.0,1.7651694108006288,949199354104.6827,10918561000000.0,574065000000.0,178069200000.0
2025-02-05,600036.SH,36.987001,5.66,48.613065258075444,0.0,1.7651694108006288,932806454464.0326,10918561000000.0,574065000000.0,178069200000.0
2025-02-06,600036.SH,37.187001,5.66,48.613065258075444,0.0,1.7651694108006288,937850423584.2327,10918561000000.0,574065000000.0,178069200000.0
2025-02-07,600036.SH,37.187001,5.66,48.613065258075444,0.0,1.7651694108006288,937850423584.2327,10918561000000.0,574065000000.0,178069200000.0
2025-02-10,600036.SH,37.587001,5.66,48.613065258075444,0.0,1.7651694108006288,947938361824.6326,10918561000000.0,574065000000.0,178069200000.0
2025-02-11,600036.SH,37.967001,5.66,48.613065258075444,0.0,1.7651694108006288,957521903153.0127,10918561000000.0,574065000000.0,178069200000.0
2025-02-12,600036.SH,38.607001000000004,5.66,48.613065258075444,0.0,1.7651694108006288,973662604337.6527,10918561000000.0,574065000000.0,178069200000.0
2025-02-13,600036.SH,38.697001,5.66,48.613065258075444,0.0,1.7651694108006288,975932390441.7426,10918561000000.0,574065000000.0,178069200000.0
2025-02-14,600036.SH,39.017001,5.66,48.613065258075444,0.0,1.7651694108006288,984002741034.0626,10918561000000.0,574065000000.0,178069200000.0
2025-02-17,600036.SH,38.707001,5.66,48.613065258075444,0.0,1.7651694108006288,976184588897.7526,10918561000000.0,574065000000.0,178069200000.0
2025-02-18,600036.SH,39.037001,5.66,48.613065258075444,0.0,1.7651694108006288,984507137946.0825,10918561000000.0,574065000000.0,178069200000.0
2025-02-19,600036.SH,38.967000999999996,5.66,48.613065258075444,0.0,1.7651694108006288,982741748754.0125,10918561000000.0,574065000000.0,178069200000.0
2025-02-20,600036.SH,38.837001,5.66,48.613065258075444,0.0,1.7651694108006288,979463168825.8826,10918561000000.0,574065000000.0,178069200000.0
2025-02-21,600036.SH,38.387001,5.66,48.613065258075444,0.0,1.7651694108006288,968114238305.4325,10918561000000.0,574065000000.0,178069200000.0
2025-02-24,600036.SH,38.257001,5.66,48.613065258075444,0.0,1.7651694108006288,964835658377.3026,10918561000000.0,574065000000.0,178069200000.0
2025-02-25,600036.SH,38.017001,5.66,48.613065258075444,0.0,1.7651694108006288,958782895433.0626,10918561000000.0,574065000000.0,178069200000.0
2025-02-26,600036.SH,38.467001,5.66,48.613065258075444,0.0,1.7651694108006288,970131825953.5127,10918561000000.0,574065000000.0,178069200000.0
2025-02-27,600036.SH,39.367001,5.66,48.613065258075444,0.0,1.7651694108006288,992829686994.4126,10918561000000.0,574065000000.0,178069200000.0
2025-02-28,600036.SH,39.037001000000004,5.66,48.613065258075444,0.0,1.7651694108006288,984507137946.0826,10918561000000.0,574065000000.0,178069200000.0
2025-03-03,600036.SH,39.037001000000004,5.66,48.613065258075444,0.0,1.7651694108006288,984507137946.0826,10918561000000.0,574065000000.0,178069200000.0
2025-03-04,600036.SH,38.787001000000004,5.66,48.613065258075444,0.0,1.7651694108006288,978202176545.8326,10918561000000.0,574065000000.0,178069200000.0
2025-03-05,600036.SH,39.877001,5.66,48.613065258075444,0.0,1.7651694108006288,1005691808250.9226,10918561000000.0,574065000000.0,178069200000.0
2025-03-06,600036.SH,39.947001,5.66,48.613065258075444,0.0,1.7651694108006288,1007457197442.9926,10918561000000.0,574065000000.0,178069200000.0
2025-03-07,600036.SH,40.557001,5.66,48.613065258075444,0.0,1.7651694108006288,1022841303259.6025,10918561000000.0,574065000000.0,178069200000.0
2025-03-10,600036.SH,40.057001,5.66,48.613065258075444,0.0,1.7651694108006288,1010231380459.1025,10918561000000.0,574065000000.0,178069200000.0
2025-03-11,600036.SH,40.497001,5.66,48.613065258075444,0.0,1.7651694108006288,1021328112523.5425,10918561000000.0,574065000000.0,178069200000.0
2025-03-12,600036.SH,40.527001,5.66,48.613065258075444,0.0,1.7651694108006288,1022084707891.5725,10918561000000.0,574065000000.0,178069200000.0
2025-03-13,600036.SH,40.827001,5.66,48.613065258075444,0.0,1.7651694108006288,1029650661571.8727,10918561000000.0,574065000000.0,178069200000.0
2025-03-14,600036.SH,42.147000999999996,5.66,48.613065258075444,0.0,1.7651694108006288,1062940857765.1925,10918561000000.0,574065000000.0,178069200000.0
2025-03-17,600036.SH,42.027001000000006,5.66,48.613065258075444,0.0,1.7651694108006288,1059914476293.0728,10918561000000.0,574065000000.0,178069200000.0
2025-03-18,600036.SH,42.127001,5.66,48.613065258075444,0.0,1.7651694108006288,1062436460853.1726,10918561000000.0,574065000000.0,178069200000.0
2025-03-19,600036.SH,43.007001,5.66,48.613065258075444,0.0,1.7651694108006288,1084629924982.0526,10918561000000.0,574065000000.0,178069200000.0
2025-03-20,600036.SH,42.227001,5.66,48.613065258075444,0.0,1.7651694108006288,1064958445413.2726,10918561000000.0,574065000000.0,178069200000.0
2025-03-21,600036.SH,41.687001,5.66,48.613065258075444,0.0,1.7651694108006288,1051339728788.7327,10918561000000.0,574065000000.0,178069200000.0
2025-03-24,600036.SH,42.037001000000004,5.66,48.613065258075444,0.0,1.7651694108006288,1060166674749.0826,10918561000000.0,574065000000.0,178069200000.0
2025-03-25,600036.SH,42.077001,5.66,48.613065258075444,0.0,1.7651694108006288,1061175468573.1227,10918561000000.0,574065000000.0,178069200000.0
2025-03-26,600036.SH,39.647000999999996,5.66,48.613065258075444,0.0,1.7651694108006288,999891243762.6925,10918561000000.0,574065000000.0,178069200000.0
2025-03-27,600036.SH,40.247001000000004,5.66,48.613065258075444,0.0,1.7651694108006288,1015023151123.2927,10918561000000.0,574065000000.0,178069200000.0
2025-03-28,600036.SH,40.207001,5.66,48.613065258075444,0.0,1.7651694108006288,1014014357299.2526,10918561000000.0,574065000000.0,178069200000.0
2025-03-31,600036.SH,40.277001,1.48,49.41374422810052,0.0,0.4435316606203358,1015779746491.3225,11275928000000.0,576043000000.0,44743200000.0
2025-04-01,600036.SH,39.857001,1.48,49.41374422810052,0.0,0.4435316606203358,1005187411338.9025,11275928000000.0,576043000000.0,44743200000.0
2025-04-02,600036.SH,39.717000999999996,1.48,49.41374422810052,0.0,0.4435316606203358,1001656632954.7625,11275928000000.0,576043000000.0,44743200000.0
2025-04-03,600036.SH,39.637001000000005,1.48,49.41374422810052,0.0,0.4435316606203358,999639045306.6827,11275928000000.0,576043000000.0,44743200000.0
2025-04-07,600036.SH,37.817001,1.48,49.41374422810052,0.0,0.4435316606203358,953738926312.8625,11275928000000.0,576043000000.0,44743200000.0
2025-04-08,600036.SH,38.137001,1.48,49.41374422810052,0.0,0.4435316606203358,961809276905.1825,11275928000000.0,576043000000.0,44743200000.0
2025-04-09,600036.SH,37.447001,1.48,49.41374422810052,0.0,0.4435316606203358,944407583440.4926,11275928000000.0,576043000000.0,44743200000.0
2025-04-10,600036.SH,38.087001,1.48,49.41374422810052,0.0,0.4435316606203358,960548284625.1326,11275928000000.0,576043000000.0,44743200000.0
2025-04-11,600036.SH,38.497001000000004,1.48,49.41374422810052,0.0,0.4435316606203358,970888421321.5427,11275928000000.0,576043000000.0,44743200000.0
2025-04-14,600036.SH,38.467001,1.48,49.41374422810052,0.0,0.4435316606203358,970131825953.5127,11275928000000.0,576043000000.0,44743200000.0
2025-04-15,600036.SH,39.087001,1.48,49.41374422810052,0.0,0.4435316606203358,985768130226.1326,11275928000000.0,576043000000.0,44743200000.0
2025-04-16,600036.SH,39.237001,1.48,49.41374422810052,0.0,0.4435316606203358,989551107066.2826,11275928000000.0,576043000000.0,44743200000.0
2025-04-17,600036.SH,39.107001000000004,1.48,49.41374422810052,0.0,0.4435316606203358,986272527138.1527,11275928000000.0,576043000000.0,44743200000.0
2025-04-18,600036.SH,39.73700100000001,1.48,49.41374422810052,0.0,0.4435316606203358,1002161029866.7827,11275928000000.0,576043000000.0,44743200000.0
2025-04-21,600036.SH,39.267001,1.48,49.41374422810052,0.0,0.4435316606203358,990307702434.3126,11275928000000.0,576043000000.0,44743200000.0
2025-04-22,600036.SH,38.997001,1.48,49.41374422810052,0.0,0.4435316606203358,983498344122.0425,11275928000000.0,576043000000.0,44743200000.0
2025-04-23,600036.SH,38.977001,1.48,49.41374422810052,0.0,0.4435316606203358,982993947210.0226,11275928000000.0,576043000000.0,44743200000.0
2025-04-24,600036.SH,39.197001,1.48,49.41374422810052,0.0,0.4435316606203358,988542313242.2426,11275928000000.0,576043000000.0,44743200000.0
2025-04-25,600036.SH,39.067001,1.48,49.41374422810052,0.0,0.4435316606203358,985263733314.1125,11275928000000.0,576043000000.0,44743200000.0
2025-04-28,600036.SH,39.337001,1.48,49.41374422810052,0.0,0.4435316606203358,992073091626.3826,11275928000000.0,576043000000.0,44743200000.0
2025-04-29,600036.SH,38.987001,1.48,49.41374422810052,0.0,0.4435316606203358,983246145666.0326,11275928000000.0,576043000000.0,44743200000.0
2025-04-30,600036.SH,37.727000999999994,1.48,49.41374422810052,0.0,0.4435316606203358,951469140208.7725,11275928000000.0,576043000000.0,44743200000.0
2025-05-06,600036.SH,38.357001,1.48,49.41374422810052,0.0,0.4435316606203358,967357642937.4025,11275928000000.0,576043000000.0,44743200000.0
2025-05-07,600036.SH,39.007001,1.48,49.41374422810052,0.0,0.4435316606203358,983750542578.0526,11275928000000.0,576043000000.0,44743200000.0
2025-05-08,600036.SH,39.787001,1.48,49.41374422810052,0.0,0.4435316606203358,1003422022146.8325,11275928000000.0,576043000000.0,44743200000.0
2025-05-09,600036.SH,40.467001,1.48,49.41374422810052,0.0,0.4435316606203358,1020571517155.5127,11275928000000.0,576043000000.0,44743200000.0
2025-05-12,600036.SH,40.787001,1.48,49.41374422810052,0.0,0.4435316606203358,1028641867747.8325,11275928000000.0,576043000000.0,44743200000.0
2025-05-13,600036.SH,41.547001,1.48,49.41374422810052,0.0,0.4435316606203358,1047808950404.5927,11275928000000.0,576043000000.0,44743200000.0
2025-05-14,600036.SH,41.797001,1.48,49.41374422810052,0.0,0.4435316606203358,1054113911804.8427,11275928000000.0,576043000000.0,44743200000.0
2025-05-15,600036.SH,41.907001,1.48,49.41374422810052,0.0,0.4435316606203358,1056888094820.9526,11275928000000.0,576043000000.0,44743200000.0
2025-05-16,600036.SH,41.257001,1.48,49.41374422810052,0.0,0.4435316606203358,1040495195180.3026,11275928000000.0,576043000000.0,44743200000.0
2025-05-19,600036.SH,40.827001,1.48,49.41374422810052,0.0,0.4435316606203358,1029650661571.8727,11275928000000.0,576043000000.0,44743200000.0
2025-05-20,600036.SH,40.887001,1.48,49.41374422810052,0.0,0.4435316606203358,1031163852307.9325,11275928000000.0,576043000000.0,44743200000.0
2025-05-21,600036.SH,40.887001000000005,1.48,49.41374422810052,0.0,0.4435316606203358,1031163852307.9327,11275928000000.0,576043000000.0,44743200000.0
2025-05-22,600036.SH,41.497001,1.48,49.41374422810052,0.0,0.4435316606203358,1046547958124.5425,11275928000000.0,576043000000.0,44743200000.0
2025-05-23,600036.SH,41.037001,1.48,49.41374422810052,0.0,0.4435316606203358,1034946829148.0825,11275928000000.0,576043000000.0,44743200000.0
2025-05-26,600036.SH,40.787001000000004,1.48,49.41374422810052,0.0,0.4435316606203358,1028641867747.8326,11275928000000.0,576043000000.0,44743200000.0
2025-05-27,600036.SH,40.727001,1.48,49.41374422810052,0.0,0.4435316606203358,1027128677011.7726,11275928000000.0,576043000000.0,44743200000.0
2025-05-28,600036.SH,40.667001,1.48,49.41374422810052,0.0,0.4435316606203358,1025615486275.7125,11275928000000.0,576043000000.0,44743200000.0
2025-05-29,600036.SH,40.457001000000005,1.48,49.41374422810052,0.0,0.4435316606203358,1020319318699.5027,11275928000000.0,576043000000.0,44743200000.0
2025-05-30,600036.SH,40.417001,1.48,49.41374422810052,0.0,0.4435316606203358,1019310524875.4625,11275928000000.0,576043000000.0,44743200000.0
2025-06-03,600036.SH,40.957001,1.48,49.41374422810052,0.0,0.4435316606203358,1032929241500.0026,11275928000000.0,576043000000.0,44743200000.0
2025-06-04,600036.SH,41.047000999999995,1.48,49.41374422810052,0.0,0.4435316606203358,1035199027604.0924,11275928000000.0,576043000000.0,44743200000.0
2025-06-05,600036.SH,41.357001,1.48,49.41374422810052,0.0,0.4435316606203358,1043017179740.4025,11275928000000.0,576043000000.0,44743200000.0
2025-06-06,600036.SH,41.457001000000005,1.48,49.41374422810052,0.0,0.4435316606203358,1045539164300.5027,11275928000000.0,576043000000.0,44743200000.0
2025-06-09,600036.SH,41.587001,1.48,49.41374422810052,0.0,0.4435316606203358,1048817744228.6326,11275928000000.0,576043000000.0,44743200000.0
2025-06-10,600036.SH,41.657001,1.48,49.41374422810052,0.0,0.4435316606203358,1050583133420.7026,11275928000000.0,576043000000.0,44743200000.0
2025-06-11,600036.SH,42.297001,1.48,49.41374422810052,0.0,0.4435316606203358,1066723834605.3427,11275928000000.0,576043000000.0,44743200000.0
2025-06-12,600036.SH,42.217001,1.48,49.41374422810052,0.0,0.4435316606203358,1064706246957.2627,11275928000000.0,576043000000.0,44743200000.0
2025-06-13,600036.SH,42.167001,1.48,49.41374422810052,0.0,0.4435316606203358,1063445254677.2125,11275928000000.0,576043000000.0,44743200000.0
2025-06-16,600036.SH,42.767001,1.48,49.41374422810052,0.0,0.4435316606203358,1078577162037.8126,11275928000000.0,576043000000.0,44743200000.0
2025-06-17,600036.SH,42.967001,1.48,49.41374422810052,0.0,0.4435316606203358,1083621131158.0127,11275928000000.0,576043000000.0,44743200000.0
2025-06-18,600036.SH,42.837001,1.48,49.41374422810052,0.0,0.4435316606203358,1080342551229.8826,11275928000000.0,576043000000.0,44743200000.0
2025-06-19,600036.SH,42.617000999999995,1.48,49.41374422810052,0.0,0.4435316606203358,1074794185197.6625,11275928000000.0,576043000000.0,44743200000.0
2025-06-20,600036.SH,42.977001,1.48,49.41374422810052,0.0,0.4435316606203358,1083873329614.0226,11275928000000.0,576043000000.0,44743200000.0
2025-06-23,600036.SH,43.237001,1.48,49.41374422810052,0.0,0.4435316606203358,1090430489470.2826,11275928000000.0,576043000000.0,44743200000.0
2025-06-24,600036.SH,43.737001,1.48,49.41374422810052,0.0,0.4435316606203358,1103040412270.7825,11275928000000.0,576043000000.0,44743200000.0
2025-06-25,600036.SH,44.487001,1.48,49.41374422810052,0.0,0.4435316606203358,1121955296471.5325,11275928000000.0,576043000000.0,44743200000.0
2025-06-26,600036.SH,44.867001,1.48,49.41374422810052,0.0,0.4435316606203358,1131538837799.9126,11275928000000.0,576043000000.0,44743200000.0
2025-06-27,600036.SH,43.207001,1.48,49.41374422810052,0.0,0.4435316606203358,1089673894102.2526,11275928000000.0,576043000000.0,44743200000.0
2025-06-30,600036.SH,42.937001,2.89,51.119781635335634,0.0,0.8913218722920603,1082864535789.9827,11360291000000.0,553187000000.0,89916000000.0
2025-07-01,600036.SH,43.437001,2.89,51.119781635335634,0.0,0.8913218722920603,1095474458590.4827,11360291000000.0,553187000000.0,89916000000.0
2025-07-02,600036.SH,43.887001000000005,2.89,51.119781635335634,0.0,0.8913218722920603,1106823389110.9326,11360291000000.0,553187000000.0,89916000000.0
2025-07-03,600036.SH,43.597001000000006,2.89,51.119781635335634,0.0,0.8913218722920603,1099509633886.6427,11360291000000.0,553187000000.0,89916000000.0
2025-07-04,600036.SH,44.057001,2.89,51.119781635335634,0.0,0.8913218722920603,1111110762863.1025,11360291000000.0,553187000000.0,89916000000.0
2025-07-07,600036.SH,44.187001,2.89,51.119781635335634,0.0,0.8913218722920603,1114389342791.2327,11360291000000.0,553187000000.0,89916000000.0
2025-07-08,600036.SH,44.607001000000004,2.89,51.119781635335634,0.0,0.8913218722920603,1124981677943.6526,11360291000000.0,553187000000.0,89916000000.0
2025-07-09,600036.SH,44.117001,2.89,51.119781635335634,0.0,0.8913218722920603,1112623953599.1626,11360291000000.0,553187000000.0,89916000000.0
2025-07-10,600036.SH,45.227001,2.89,51.119781635335634,0.0,0.8913218722920603,1140617982216.2727,11360291000000.0,553187000000.0,89916000000.0
2025-07-11,600036.SH,44.627001,2.89,51.119781635335634,0.0,0.8913218722920603,1125486074855.6726,11360291000000.0,553187000000.0,89916000000.0
2025-07-14,600036.SH,44.557001,2.89,51.119781635335634,0.0,0.8913218722920603,1123720685663.6025,11360291000000.0,553187000000.0,89916000000.0
2025-07-15,600036.SH,44.207001000000005,2.89,51.119781635335634,0.0,0.8913218722920603,1114893739703.2527,11360291000000.0,553187000000.0,89916000000.0
2025-07-16,600036.SH,44.097001,2.89,51.119781635335634,0.0,0.8913218722920603,1112119556687.1426,11360291000000.0,553187000000.0,89916000000.0
2025-07-17,600036.SH,43.98700100000001,2.89,51.119781635335634,0.0,0.8913218722920603,1109345373671.0327,11360291000000.0,553187000000.0,89916000000.0
2025-07-18,600036.SH,44.037001000000004,2.89,51.119781635335634,0.0,0.8913218722920603,1110606365951.0828,11360291000000.0,553187000000.0,89916000000.0
2025-07-21,600036.SH,43.837001,2.89,51.119781635335634,0.0,0.8913218722920603,1105562396830.8826,11360291000000.0,553187000000.0,89916000000.0
2025-07-22,600036.SH,43.927001,2.89,51.119781635335634,0.0,0.8913218722920603,1107832182934.9724,11360291000000.0,553187000000.0,89916000000.0
2025-07-23,600036.SH,44.107001,2.89,51.119781635335634,0.0,0.8913218722920603,1112371755143.1526,11360291000000.0,553187000000.0,89916000000.0
2025-07-24,600036.SH,43.867001,2.89,51.119781635335634,0.0,0.8913218722920603,1106318992198.9126,11360291000000.0,553187000000.0,89916000000.0
2025-07-25,600036.SH,43.817001,2.89,51.119781635335634,0.0,0.8913218722920603,1105057999918.8625,11360291000000.0,553187000000.0,89916000000.0
2025-07-28,600036.SH,43.427001000000004,2.89,51.119781635335634,0.0,0.8913218722920603,1095222260134.4727,11360291000000.0,553187000000.0,89916000000.0
2025-07-29,600036.SH,43.127001,2.89,51.119781635335634,0.0,0.8913218722920603,1087656306454.1726,11360291000000.0,553187000000.0,89916000000.0
2025-07-30,600036.SH,43.407001,2.89,51.119781635335634,0.0,0.8913218722920603,1094717863222.4526,11360291000000.0,553187000000.0,89916000000.0
2025-07-31,600036.SH,43.467001,2.89,51.119781635335634,0.0,0.8913218722920603,1096231053958.5127,11360291000000.0,553187000000.0,89916000000.0
2025-08-01,600036.SH,43.407001,2.89,51.119781635335634,0.0,0.8913218722920603,1094717863222.4526,11360291000000.0,553187000000.0,89916000000.0
2025-08-04,600036.SH,43.887001000000005,2.89,51.119781635335634,0.0,0.8913218722920603,1106823389110.9326,11360291000000.0,553187000000.0,89916000000.0
2025-08-05,600036.SH,44.237001,2.89,51.119781635335634,0.0,0.8913218722920603,1115650335071.2825,11360291000000.0,553187000000.0,89916000000.0
2025-08-06,600036.SH,44.107001,2.89,51.119781635335634,0.0,0.8913218722920603,1112371755143.1526,11360291000000.0,553187000000.0,89916000000.0
2025-08-07,600036.SH,44.137001,2.89,51.119781635335634,0.0,0.8913218722920603,1113128350511.1826,11360291000000.0,553187000000.0,89916000000.0
2025-08-08,600036.SH,43.517001,2.89,51.119781635335634,0.0,0.8913218722920603,1097492046238.5626,11360291000000.0,553187000000.0,89916000000.0
2025-08-11,600036.SH,43.087001,2.89,51.119781635335634,0.0,0.8913218722920603,1086647512630.1326,11360291000000.0,553187000000.0,89916000000.0
2025-08-12,600036.SH,42.987001,2.89,51.119781635335634,0.0,0.8913218722920603,1084125528070.0326,11360291000000.0,553187000000.0,89916000000.0
2025-08-13,600036.SH,42.527001,2.89,51.119781635335634,0.0,0.8913218722920603,1072524399093.5725,11360291000000.0,553187000000.0,89916000000.0
2025-08-14,600036.SH,42.767001,2.89,51.119781635335634,0.0,0.8913218722920603,1078577162037.8126,11360291000000.0,553187000000.0,89916000000.0
2025-08-15,600036.SH,42.287001000000004,2.89,51.119781635335634,0.0,0.8913218722920603,1066471636149.3326,11360291000000.0,553187000000.0,89916000000.0
2025-08-18,600036.SH,42.497001,2.89,51.119781635335634,0.0,0.8913218722920603,1071767803725.5425,11360291000000.0,553187000000.0,89916000000.0
2025-08-19,600036.SH,42.387001,2.89,51.119781635335634,0.0,0.8913218722920603,1068993620709.4325,11360291000000.0,553187000000.0,89916000000.0
2025-08-20,600036.SH,42.437000999999995,2.89,51.119781635335634,0.0,0.8913218722920603,1070254612989.4824,11360291000000.0,553187000000.0,89916000000.0
2025-08-21,600036.SH,42.457001000000005,2.89,51.119781635335634,0.0,0.8913218722920603,1070759009901.5027,11360291000000.0,553187000000.0,89916000000.0
2025-08-22,600036.SH,42.247001,2.89,51.119781635335634,0.0,0.8913218722920603,1065462842325.2925,11360291000000.0,553187000000.0,89916000000.0
2025-08-25,600036.SH,42.857001,2.89,51.119781635335634,0.0,0.8913218722920603,1080846948141.9025,11360291000000.0,553187000000.0,89916000000.0
2025-08-26,600036.SH,42.507001,2.89,51.119781635335634,0.0,0.8913218722920603,1072020002181.5526,11360291000000.0,553187000000.0,89916000000.0
2025-08-27,600036.SH,41.987001,2.89,51.119781635335634,0.0,0.8913218722920603,1058905682469.0326,11360291000000.0,553187000000.0,89916000000.0
2025-08-28,600036.SH,41.967001,2.89,51.119781635335634,0.0,0.8913218722920603,1058401285557.0127,11360291000000.0,553187000000.0,89916000000.0
2025-08-29,600036.SH,41.877001,2.89,51.119781635335634,0.0,0.8913218722920603,1056131499452.9226,11360291000000.0,553187000000.0,89916000000.0
2025-09-01,600036.SH,40.967001,2.89,51.119781635335634,0.0,0.8913218722920603,1033181439956.0127,11360291000000.0,553187000000.0,89916000000.0
2025-09-02,600036.SH,42.427001,2.89,51.119781635335634,0.0,0.8913218722920603,1070002414533.4725,11360291000000.0,553187000000.0,89916000000.0
2025-09-03,600036.SH,41.887001000000005,2.89,51.119781635335634,0.0,0.8913218722920603,1056383697908.9327,11360291000000.0,553187000000.0,89916000000.0
2025-09-04,600036.SH,42.037001,2.89,51.119781635335634,0.0,0.8913218722920603,1060166674749.0825,11360291000000.0,553187000000.0,89916000000.0
2025-09-05,600036.SH,41.747001,2.89,51.119781635335634,0.0,0.8913218722920603,1052852919524.7925,11360291000000.0,553187000000.0,89916000000.0
2025-09-08,600036.SH,41.417001,2.89,51.119781635335634,0.0,0.8913218722920603,1044530370476.4625,11360291000000.0,553187000000.0,89916000000.0
2025-09-09,600036.SH,41.817001,2.89,51.119781635335634,0.0,0.8913218722920603,1054618308716.8625,11360291000000.0,553187000000.0,89916000000.0
2025-09-10,600036.SH,41.987001,2.89,51.119781635335634,0.0,0.8913218722920603,1058905682469.0326,11360291000000.0,553187000000.0,89916000000.0
2025-09-11,600036.SH,42.287001000000004,2.89,51.119781635335634,0.0,0.8913218722920603,1066471636149.3326,11360291000000.0,553187000000.0,89916000000.0
2025-09-12,600036.SH,41.527001,2.89,51.119781635335634,0.0,0.8913218722920603,1047304553492.5725,11360291000000.0,553187000000.0,89916000000.0
2025-09-15,600036.SH,41.207001,2.89,51.119781635335634,0.0,0.8913218722920603,1039234202900.2526,11360291000000.0,553187000000.0,89916000000.0
2025-09-16,600036.SH,40.73700100000001,2.89,51.119781635335634,0.0,0.8913218722920603,1027380875467.7827,11360291000000.0,553187000000.0,89916000000.0
2025-09-17,600036.SH,40.747001000000004,2.89,51.119781635335634,0.0,0.8913218722920603,1027633073923.7927,11360291000000.0,553187000000.0,89916000000.0
2025-09-18,600036.SH,39.817001000000005,2.89,51.119781635335634,0.0,0.8913218722920603,1004178617514.8627,11360291000000.0,553187000000.0,89916000000.0
2025-09-19,600036.SH,39.98700100000001,2.89,51.119781635335634,0.0,0.8913218722920603,1008465991267.0327,11360291000000.0,553187000000.0,89916000000.0
2025-09-22,600036.SH,39.907001,2.89,51.119781635335634,0.0,0.8913218722920603,1006448403618.9526,11360291000000.0,553187000000.0,89916000000.0
2025-09-23,600036.SH,40.537001000000004,2.89,51.119781635335634,0.0,0.8913218722920603,1022336906347.5826,11360291000000.0,553187000000.0,89916000000.0
2025-09-24,600036.SH,40.307001,2.89,51.119781635335634,0.0,0.8913218722920603,1016536341859.3525,11360291000000.0,553187000000.0,89916000000.0
2025-09-25,600036.SH,39.807001,2.89,51.119781635335634,0.0,0.8913218722920603,1003926419058.8525,11360291000000.0,553187000000.0,89916000000.0
2025-09-26,600036.SH,39.787001000000004,2.89,51.119781635335634,0.0,0.8913218722920603,1003422022146.8326,11360291000000.0,553187000000.0,89916000000.0
2025-09-29,600036.SH,39.667001,2.89,51.119781635335634,0.0,0.8913218722920603,1000395640674.7125,11360291000000.0,553187000000.0,89916000000.0
2025-09-30,600036.SH,39.397001,4.43,50.249514610420555,0.0,1.3533627659737393,993586282362.4426,11368939000000.0,545298000000.0,136526400000.0
2025-10-09,600036.SH,39.317001,4.43,50.249514610420555,0.0,1.3533627659737393,991568694714.3625,11368939000000.0,545298000000.0,136526400000.0
2025-10-10,600036.SH,39.167001,4.43,50.249514610420555,0.0,1.3533627659737393,987785717874.2125,11368939000000.0,545298000000.0,136526400000.0
2025-10-13,600036.SH,39.097001,4.43,50.249514610420555,0.0,1.3533627659737393,986020328682.1426,11368939000000.0,545298000000.0,136526400000.0
2025-10-14,600036.SH,40.247001,4.43,50.249514610420555,0.0,1.3533627659737393,1015023151123.2925,11368939000000.0,545298000000.0,136526400000.0
2025-10-15,600036.SH,40.487001,4.43,50.249514610420555,0.0,1.3533627659737393,1021075914067.5326,11368939000000.0,545298000000.0,136526400000.0
2025-10-16,600036.SH,40.917001,4.43,50.249514610420555,0.0,1.3533627659737393,1031920447675.9625,11368939000000.0,545298000000.0,136526400000.0
2025-10-17,600036.SH,40.577001,4.43,50.249514610420555,0.0,1.3533627659737393,1023345700171.6227,11368939000000.0,545298000000.0,136526400000.0
2025-10-20,600036.SH,40.407001,4.43,50.249514610420555,0.0,1.3533627659737393,1019058326419.4526,11368939000000.0,545298000000.0,136526400000.0
2025-10-21,600036.SH,40.967001,4.43,50.249514610420555,0.0,1.3533627659737393,1033181439956.0127,11368939000000.0,545298000000.0,136526400000.0
2025-10-22,600036.SH,40.937001,4.43,50.249514610420555,0.0,1.3533627659737393,1032424844587.9827,11368939000000.0,545298000000.0,136526400000.0
2025-10-23,600036.SH,41.227001,4.43,50.249514610420555,0.0,1.3533627659737393,1039738599812.2726,11368939000000.0,545298000000.0,136526400000.0
2025-10-24,600036.SH,40.937001,4.43,50.249514610420555,0.0,1.3533627659737393,1032424844587.9827,11368939000000.0,545298000000.0,136526400000.0
2025-10-27,600036.SH,40.577001,4.43,50.249514610420555,0.0,1.3533627659737393,1023345700171.6227,11368939000000.0,545298000000.0,136526400000.0
2025-10-28,600036.SH,40.587001,4.43,50.249514610420555,0.0,1.3533627659737393,1023597898627.6326,11368939000000.0,545298000000.0,136526400000.0
2025-10-29,600036.SH,39.757000999999995,4.43,50.249514610420555,0.0,1.3533627659737393,1002665426778.8025,11368939000000.0,545298000000.0,136526400000.0
2025-10-30,600036.SH,40.187001,4.43,50.249514610420555,0.0,1.3533627659737393,1013509960387.2327,11368939000000.0,545298000000.0,136526400000.0
2025-10-31,600036.SH,39.877001,4.43,50.249514610420555,0.0,1.3533627659737393,1005691808250.9226,11368939000000.0,545298000000.0,136526400000.0
2025-11-03,600036.SH,40.777001,4.43,50.249514610420555,0.0,1.3533627659737393,1028389669291.8225,11368939000000.0,545298000000.0,136526400000.0
2025-11-04,600036.SH,41.997001000000004,4.43,50.249514610420555,0.0,1.3533627659737393,1059157880925.0427,11368939000000.0,545298000000.0,136526400000.0
2025-11-05,600036.SH,41.787001,4.43,50.249514610420555,0.0,1.3533627659737393,1053861713348.8325,11368939000000.0,545298000000.0,136526400000.0
2025-11-06,600036.SH,41.327001,4.43,50.249514610420555,0.0,1.3533627659737393,1042260584372.3727,11368939000000.0,545298000000.0,136526400000.0
2025-11-07,600036.SH,41.497001,4.43,50.249514610420555,0.0,1.3533627659737393,1046547958124.5425,11368939000000.0,545298000000.0,136526400000.0
2025-11-10,600036.SH,41.707001,4.43,50.249514610420555,0.0,1.3533627659737393,1051844125700.7526,11368939000000.0,545298000000.0,136526400000.0
2025-11-11,600036.SH,41.947001,4.43,50.249514610420555,0.0,1.3533627659737393,1057896888644.9926,11368939000000.0,545298000000.0,136526400000.0
2025-11-12,600036.SH,41.917001,4.43,50.249514610420555,0.0,1.3533627659737393,1057140293276.9625,11368939000000.0,545298000000.0,136526400000.0
2025-11-13,600036.SH,42.197001,4.43,50.249514610420555,0.0,1.3533627659737393,1064201850045.2426,11368939000000.0,545298000000.0,136526400000.0
2025-11-14,600036.SH,42.237001,4.43,50.249514610420555,0.0,1.3533627659737393,1065210643869.2826,11368939000000.0,545298000000.0,136526400000.0
2025-11-17,600036.SH,41.637001,4.43,50.249514610420555,0.0,1.3533627659737393,1050078736508.6825,11368939000000.0,545298000000.0,136526400000.0
2025-11-18,600036.SH,41.867000999999995,4.43,50.249514610420555,0.0,1.3533627659737393,1055879300996.9125,11368939000000.0,545298000000.0,136526400000.0
2025-11-19,600036.SH,42.207001000000005,4.43,50.249514610420555,0.0,1.3533627659737393,1064454048501.2527,11368939000000.0,545298000000.0,136526400000.0
2025-11-20,600036.SH,42.217001,4.43,50.249514610420555,0.0,1.3533627659737393,1064706246957.2627,11368939000000.0,545298000000.0,136526400000.0
2025-11-21,600036.SH,41.987001,4.43,50.249514610420555,0.0,1.3533627659737393,1058905682469.0326,11368939000000.0,545298000000.0,136526400000.0
2025-11-24,600036.SH,41.617000999999995,4.43,50.249514610420555,0.0,1.3533627659737393,1049574339596.6625,11368939000000.0,545298000000.0,136526400000.0
2025-11-25,600036.SH,42.237001,4.43,50.249514610420555,0.0,1.3533627659737393,1065210643869.2826,11368939000000.0,545298000000.0,136526400000.0
2025-11-26,600036.SH,42.237001,4.43,50.249514610420555,0.0,1.3533627659737393,1065210643869.2826,11368939000000.0,545298000000.0,136526400000.0
2025-11-27,600036.SH,42.177001000000004,4.43,50.249514610420555,0.0,1.3533627659737393,1063697453133.2227,11368939000000.0,545298000000.0,136526400000.0
2025-11-28,600036.SH,41.937001,4.43,50.249514610420555,0.0,1.3533627659737393,1057644690188.9827,11368939000000.0,545298000000.0,136526400000.0
2025-12-01,600036.SH,42.427001,4.43,50.249514610420555,0.0,1.3533627659737393,1070002414533.4725,11368939000000.0,545298000000.0,136526400000.0
2025-12-02,600036.SH,42.367000999999995,4.43,50.249514610420555,0.0,1.3533627659737393,1068489223797.4125,11368939000000.0,545298000000.0,136526400000.0
2025-12-03,600036.SH,41.997001,4.43,50.249514610420555,0.0,1.3533627659737393,1059157880925.0425,11368939000000.0,545298000000.0,136526400000.0
2025-12-04,600036.SH,42.207001,4.43,50.249514610420555,0.0,1.3533627659737393,1064454048501.2526,11368939000000.0,545298000000.0,136526400000.0
2025-12-05,600036.SH,42.437001,4.43,50.249514610420555,0.0,1.3533627659737393,1070254612989.4827,11368939000000.0,545298000000.0,136526400000.0
2025-12-08,600036.SH,42.167001,4.43,50.249514610420555,0.0,1.3533627659737393,1063445254677.2125,11368939000000.0,545298000000.0,136526400000.0
2025-12-09,600036.SH,42.027001,4.43,50.249514610420555,0.0,1.3533627659737393,1059914476293.0725,11368939000000.0,545298000000.0,136526400000.0
2025-12-10,600036.SH,40.687001,4.43,50.249514610420555,0.0,1.3533627659737393,1026119883187.7327,11368939000000.0,545298000000.0,136526400000.0
2025-12-11,600036.SH,40.667001000000006,4.43,50.249514610420555,0.0,1.3533627659737393,1025615486275.7128,11368939000000.0,545298000000.0,136526400000.0
2025-12-12,600036.SH,40.727001,4.43,50.249514610420555,0.0,1.3533627659737393,1027128677011.7726,11368939000000.0,545298000000.0,136526400000.0
2025-12-15,600036.SH,40.787001000000004,4.43,50.249514610420555,0.0,1.3533627659737393,1028641867747.8326,11368939000000.0,545298000000.0,136526400000.0
2025-12-16,600036.SH,40.687001,4.43,50.249514610420555,0.0,1.3533627659737393,1026119883187.7327,11368939000000.0,545298000000.0,136526400000.0
2025-12-17,600036.SH,40.507001,4.43,50.249514610420555,0.0,1.3533627659737393,1021580310979.5526,11368939000000.0,545298000000.0,136526400000.0
2025-12-18,600036.SH,41.357001,4.43,50.249514610420555,0.0,1.3533627659737393,1043017179740.4025,11368939000000.0,545298000000.0,136526400000.0
2025-12-19,600036.SH,40.977001,4.43,50.249514610420555,0.0,1.3533627659737393,1033433638412.0226,11368939000000.0,545298000000.0,136526400000.0
2025-12-22,600036.SH,40.757001,4.43,50.249514610420555,0.0,1.3533627659737393,1027885272379.8026,11368939000000.0,545298000000.0,136526400000.0
2025-12-23,600036.SH,40.897001,4.43,50.249514610420555,0.0,1.3533627659737393,1031416050763.9426,11368939000000.0,545298000000.0,136526400000.0
2025-12-24,600036.SH,40.817001000000005,4.43,50.249514610420555,0.0,1.3533627659737393,1029398463115.8627,11368939000000.0,545298000000.0,136526400000.0
2025-12-25,600036.SH,40.767001,4.43,50.249514610420555,0.0,1.3533627659737393,1028137470835.8126,11368939000000.0,545298000000.0,136526400000.0
2025-12-26,600036.SH,40.687000999999995,4.43,50.249514610420555,0.0,1.3533627659737393,1026119883187.7324,11368939000000.0,545298000000.0,136526400000.0
2025-12-29,600036.SH,40.857001000000004,4.43,50.249514610420555,0.0,1.3533627659737393,1030407256939.9027,11368939000000.0,545298000000.0,136526400000.0
2025-12-30,600036.SH,41.267001,4.43,50.249514610420555,0.0,1.3533627659737393,1040747393636.3126,11368939000000.0,545298000000.0,136526400000.0
2025-12-31,600036.SH,41.087001,5.7,50.47116545192207,0.0,1.7864621660575724,1036207821428.1326,11789624000000.0,575015000000.0,180217200000.0
2026-01-05,600036.SH,41.337001,5.7,50.47116545192207,0.0,1.7864621660575724,1042512782828.3826,11789624000000.0,575015000000.0,180217200000.0
2026-01-06,600036.SH,41.717001,5.7,50.47116545192207,0.0,1.7864621660575724,1052096324156.7627,11789624000000.0,575015000000.0,180217200000.0
2026-01-07,600036.SH,41.137001,5.7,50.47116545192207,0.0,1.7864621660575724,1037468813708.1825,11789624000000.0,575015000000.0,180217200000.0
2026-01-08,600036.SH,40.567001000000005,5.7,50.47116545192207,0.0,1.7864621660575724,1023093501715.6127,11789624000000.0,575015000000.0,180217200000.0
2026-01-09,600036.SH,40.287001,5.7,50.47116545192207,0.0,1.7864621660575724,1016031944947.3325,11789624000000.0,575015000000.0,180217200000.0
2026-01-12,600036.SH,40.107001,5.7,50.47116545192207,0.0,1.7864621660575724,1011492372739.1525,11789624000000.0,575015000000.0,180217200000.0
2026-01-13,600036.SH,40.117001,5.7,50.47116545192207,0.0,1.7864621660575724,1011744571195.1626,11789624000000.0,575015000000.0,180217200000.0
2026-01-14,600036.SH,39.057001,5.7,50.47116545192207,0.0,1.7864621660575724,985011534858.1025,11789624000000.0,575015000000.0,180217200000.0
2026-01-15,600036.SH,39.097001,5.7,50.47116545192207,0.0,1.7864621660575724,986020328682.1426,11789624000000.0,575015000000.0,180217200000.0
2026-01-16,600036.SH,38.72,5.7,50.47116545192207,0.0,1.7864621660575724,976512421670.72,11789624000000.0,575015000000.0,180217200000.0
2026-01-19,600036.SH,38.55,5.7,50.47116545192207,0.0,1.7864621660575724,972225047918.5499,11789624000000.0,575015000000.0,180217200000.0
2026-01-20,600036.SH,38.73,5.7,50.47116545192207,0.0,1.7864621660575724,976764620126.73,11789624000000.0,575015000000.0,180217200000.0
2026-01-21,600036.SH,38.24,5.7,50.47116545192207,0.0,1.7864621660575724,964406895782.24,11789624000000.0,575015000000.0,180217200000.0
2026-01-22,600036.SH,37.85,5.7,50.47116545192207,0.0,1.7864621660575724,954571155997.85,11789624000000.0,575015000000.0,180217200000.0
2026-01-23,600036.SH,37.5,5.7,50.47116545192207,0.0,1.7864621660575724,945744210037.5,11789624000000.0,575015000000.0,180217200000.0
2026-01-26,600036.SH,38.02,5.7,50.47116545192207,0.0,1.7864621660575724,958858529750.02,11789624000000.0,575015000000.0,180217200000.0
2026-01-27,600036.SH,38.099999999999994,5.7,50.47116545192207,0.0,1.7864621660575724,960876117398.0999,11789624000000.0,575015000000.0,180217200000.0
2026-01-28,600036.SH,37.800000000000004,5.7,50.47116545192207,0.0,1.7864621660575724,953310163717.8,11789624000000.0,575015000000.0,180217200000.0
2026-01-29,600036.SH,38.53,5.7,50.47116545192207,0.0,1.7864621660575724,971720651006.53,11789624000000.0,575015000000.0,180217200000.0
2026-01-30,600036.SH,38.67,5.7,50.47116545192207,0.0,1.7864621660575724,975251429390.67,11789624000000.0,575015000000.0,180217200000.0
2026-02-02,600036.SH,38.45,5.7,50.47116545192207,0.0,1.7864621660575724,969703063358.4501,11789624000000.0,575015000000.0,180217200000.0
2026-02-03,600036.SH,38.3,5.7,50.47116545192207,0.0,1.7864621660575724,965920086518.2999,11789624000000.0,575015000000.0,180217200000.0
2026-02-04,600036.SH,39.01,5.7,50.47116545192207,0.0,1.7864621660575724,983826176895.01,11789624000000.0,575015000000.0,180217200000.0
2026-02-05,600036.SH,39.71,5.7,50.47116545192207,0.0,1.7864621660575724,1001480068815.71,11789624000000.0,575015000000.0,180217200000.0
2026-02-06,600036.SH,39.6,5.7,50.47116545192207,0.0,1.7864621660575724,998705885799.6,11789624000000.0,575015000000.0,180217200000.0
2026-02-09,600036.SH,39.48,5.7,50.47116545192207,0.0,1.7864621660575724,995679504327.48,11789624000000.0,575015000000.0,180217200000.0
2026-02-10,600036.SH,39.34,5.7,50.47116545192207,0.0,1.7864621660575724,992148725943.3401,11789624000000.0,575015000000.0,180217200000.0
2026-02-11,600036.SH,39.400000000000006,5.7,50.47116545192207,0.0,1.7864621660575724,993661916679.4001,11789624000000.0,575015000000.0,180217200000.0
2026-02-12,600036.SH,38.99,5.7,50.47116545192207,0.0,1.7864621660575724,983321779982.99,11789624000000.0,575015000000.0,180217200000.0
2026-02-13,600036.SH,38.71,5.7,50.47116545192207,0.0,1.7864621660575724,976260223214.71,11789624000000.0,575015000000.0,180217200000.0
2026-02-24,600036.SH,38.94,5.7,50.47116545192207,0.0,1.7864621660575724,982060787702.94,11789624000000.0,575015000000.0,180217200000.0
2026-02-25,600036.SH,38.78,5.7,50.47116545192207,0.0,1.7864621660575724,978025612406.78,11789624000000.0,575015000000.0,180217200000.0
2026-02-26,600036.SH,38.7,5.7,50.47116545192207,0.0,1.7864621660575724,976008024758.7001,11789624000000.0,575015000000.0,180217200000.0
2026-02-27,600036.SH,38.75,5.7,50.47116545192207,0.0,1.7864621660575724,977269017038.75,11789624000000.0,575015000000.0,180217200000.0
2026-03-02,600036.SH,38.67,5.7,50.47116545192207,0.0,1.7864621660575724,975251429390.67,11789624000000.0,575015000000.0,180217200000.0
2026-03-03,600036.SH,39.18,5.7,50.47116545192207,0.0,1.7864621660575724,988113550647.18,11789624000000.0,575015000000.0,180217200000.0
2026-03-04,600036.SH,38.6,5.7,50.47116545192207,0.0,1.7864621660575724,973486040198.6,11789624000000.0,575015000000.0,180217200000.0
2026-03-05,600036.SH,39.150000000000006,5.7,50.47116545192207,0.0,1.7864621660575724,987356955279.1501,11789624000000.0,575015000000.0,180217200000.0
2026-03-06,600036.SH,39.2,5.7,50.47116545192207,0.0,1.7864621660575724,988617947559.2001,11789624000000.0,575015000000.0,180217200000.0
2026-03-09,600036.SH,38.79,5.7,50.47116545192207,0.0,1.7864621660575724,978277810862.79,11789624000000.0,575015000000.0,180217200000.0
2026-03-10,600036.SH,39.220000000000006,5.7,50.47116545192207,0.0,1.7864621660575724,989122344471.2201,11789624000000.0,575015000000.0,180217200000.0
2026-03-11,600036.SH,39.5,5.7,50.47116545192207,0.0,1.7864621660575724,996183901239.5,11789624000000.0,575015000000.0,180217200000.0
2026-03-12,600036.SH,39.5,5.7,50.47116545192207,0.0,1.7864621660575724,996183901239.5,11789624000000.0,575015000000.0,180217200000.0
2026-03-13,600036.SH,39.76,5.7,50.47116545192207,0.0,1.7864621660575724,1002741061095.76,11789624000000.0,575015000000.0,180217200000.0
2026-03-16,600036.SH,39.910000000000004,5.7,50.47116545192207,0.0,1.7864621660575724,1006524037935.91,11789624000000.0,575015000000.0,180217200000.0
2026-03-17,600036.SH,40.12,5.7,50.47116545192207,0.0,1.7864621660575724,1011820205512.12,11789624000000.0,575015000000.0,180217200000.0
2026-03-18,600036.SH,39.92,5.7,50.47116545192207,0.0,1.7864621660575724,1006776236391.92,11789624000000.0,575015000000.0,180217200000.0
2026-03-19,600036.SH,39.77,5.7,50.47116545192207,0.0,1.7864621660575724,1002993259551.77,11789624000000.0,575015000000.0,180217200000.0
2026-03-20,600036.SH,39.75000000000001,5.7,50.47116545192207,0.0,1.7864621660575724,1002488862639.7501,11789624000000.0,575015000000.0,180217200000.0
2026-03-23,600036.SH,38.68000000000001,5.7,50.47116545192207,0.0,1.7864621660575724,975503627846.6802,11789624000000.0,575015000000.0,180217200000.0
2026-03-24,600036.SH,39.25000000000001,5.7,50.47116545192207,0.0,1.7864621660575724,989878939839.2501,11789624000000.0,575015000000.0,180217200000.0
2026-03-25,600036.SH,39.26,5.7,50.47116545192207,0.0,1.7864621660575724,990131138295.26,11789624000000.0,575015000000.0,180217200000.0
2026-03-26,600036.SH,39.56,5.7,50.47116545192207,0.0,1.7864621660575724,997697091975.56,11789624000000.0,575015000000.0,180217200000.0
2026-03-27,600036.SH,39.44,5.7,50.47116545192207,0.0,1.7864621660575724,994670710503.44,11789624000000.0,575015000000.0,180217200000.0
2026-03-30,600036.SH,39.480000000000004,5.7,50.47116545192207,0.0,1.7864621660575724,995679504327.4801,11789624000000.0,575015000000.0,180217200000.0
2026-03-31,600036.SH,39.32,1.49,50.847059902268114,0.0,0.45026445362336937,991644329031.32,12194297000000.0,583682000000.0,45422400000.0
2026-04-01,600036.SH,39.82,1.49,50.847059902268114,0.0,0.45026445362336937,1004254251831.82,12194297000000.0,583682000000.0,45422400000.0
2026-04-02,600036.SH,39.76,1.49,50.847059902268114,0.0,0.45026445362336937,1002741061095.76,12194297000000.0,583682000000.0,45422400000.0
2026-04-03,600036.SH,39.4,1.49,50.847059902268114,0.0,0.45026445362336937,993661916679.4,12194297000000.0,583682000000.0,45422400000.0
2026-04-07,600036.SH,38.99,1.49,50.847059902268114,0.0,0.45026445362336937,983321779982.99,12194297000000.0,583682000000.0,45422400000.0
2026-04-08,600036.SH,39.62,1.49,50.847059902268114,0.0,0.45026445362336937,999210282711.62,12194297000000.0,583682000000.0,45422400000.0
2026-04-09,600036.SH,39.26,1.49,50.847059902268114,0.0,0.45026445362336937,990131138295.26,12194297000000.0,583682000000.0,45422400000.0
2026-04-10,600036.SH,39.21,1.49,50.847059902268114,0.0,0.45026445362336937,988870146015.21,12194297000000.0,583682000000.0,45422400000.0
2026-04-13,600036.SH,38.980000000000004,1.49,50.847059902268114,0.0,0.45026445362336937,983069581526.9801,12194297000000.0,583682000000.0,45422400000.0
2026-04-14,600036.SH,39.13,1.49,50.847059902268114,0.0,0.45026445362336937,986852558367.13,12194297000000.0,583682000000.0,45422400000.0
2026-04-15,600036.SH,39.9,1.49,50.847059902268114,0.0,0.45026445362336937,1006271839479.9,12194297000000.0,583682000000.0,45422400000.0
2026-04-16,600036.SH,39.91,1.49,50.847059902268114,0.0,0.45026445362336937,1006524037935.9099,12194297000000.0,583682000000.0,45422400000.0
2026-04-17,600036.SH,39.52,1.49,50.847059902268114,0.0,0.45026445362336937,996688298151.52,12194297000000.0,583682000000.0,45422400000.0
2026-04-20,600036.SH,39.87,1.49,50.847059902268114,0.0,0.45026445362336937,1005515244111.87,12194297000000.0,583682000000.0,45422400000.0
2026-04-21,600036.SH,39.87,1.49,50.847059902268114,0.0,0.45026445362336937,1005515244111.87,12194297000000.0,583682000000.0,45422400000.0
2026-04-22,600036.SH,39.739999999999995,1.49,50.847059902268114,0.0,0.45026445362336937,1002236664183.7399,12194297000000.0,583682000000.0,45422400000.0
2026-04-23,600036.SH,39.81,1.49,50.847059902268114,0.0,0.45026445362336937,1004002053375.81,12194297000000.0,583682000000.0,45422400000.0
2026-04-24,600036.SH,39.38,1.49,50.847059902268114,0.0,0.45026445362336937,993157519767.38,12194297000000.0,583682000000.0,45422400000.0
2026-04-27,600036.SH,39.38,1.49,50.847059902268114,0.0,0.45026445362336937,993157519767.38,12194297000000.0,583682000000.0,45422400000.0
2026-04-28,600036.SH,39.6,1.49,50.847059902268114,0.0,0.45026445362336937,998705885799.6,12194297000000.0,583682000000.0,45422400000.0
2026-04-29,600036.SH,38.5,1.49,50.847059902268114,0.0,0.45026445362336937,970964055638.5,12194297000000.0,583682000000.0,45422400000.0
2026-04-30,600036.SH,38.269999999999996,1.49,50.847059902268114,0.0,0.45026445362336937,965163491150.2699,12194297000000.0,583682000000.0,45422400000.0
2026-05-06,600036.SH,38.0,1.49,50.847059902268114,0.0,0.45026445362336937,958354132838.0,12194297000000.0,583682000000.0,45422400000.0
2026-05-07,600036.SH,37.949999999999996,1.49,50.847059902268114,0.0,0.45026445362336937,957093140557.95,12194297000000.0,583682000000.0,45422400000.0
2026-05-08,600036.SH,37.94,1.49,50.847059902268114,0.0,0.45026445362336937,956840942101.94,12194297000000.0,583682000000.0,45422400000.0
2026-05-11,600036.SH,37.970000000000006,1.49,50.847059902268114,0.0,0.45026445362336937,957597537469.9701,12194297000000.0,583682000000.0,45422400000.0
2026-05-12,600036.SH,37.9,1.49,50.847059902268114,0.0,0.45026445362336937,955832148277.9,12194297000000.0,583682000000.0,45422400000.0
2026-05-13,600036.SH,37.88,1.49,50.847059902268114,0.0,0.45026445362336937,955327751365.88,12194297000000.0,583682000000.0,45422400000.0
2026-05-14,600036.SH,37.81,1.49,50.847059902268114,0.0,0.45026445362336937,953562362173.81,12194297000000.0,583682000000.0,45422400000.0
2026-05-15,600036.SH,37.65,1.49,50.847059902268114,0.0,0.45026445362336937,949527186877.65,12194297000000.0,583682000000.0,45422400000.0
2026-05-18,600036.SH,37.47,1.49,50.847059902268114,0.0,0.45026445362336937,944987614669.47,12194297000000.0,583682000000.0,45422400000.0
2026-05-19,600036.SH,37.370000000000005,1.49,50.847059902268114,0.0,0.45026445362336937,942465630109.3701,12194297000000.0,583682000000.0,45422400000.0
2026-05-20,600036.SH,37.17,1.49,50.847059902268114,0.0,0.45026445362336937,937421660989.17,12194297000000.0,583682000000.0,45422400000.0
2026-05-21,600036.SH,37.15,1.49,50.847059902268114,0.0,0.45026445362336937,936917264077.15,12194297000000.0,583682000000.0,45422400000.0
2026-05-22,600036.SH,37.019999999999996,1.49,50.847059902268114,0.0,0.45026445362336937,933638684149.0199,12194297000000.0,583682000000.0,45422400000.0
2026-05-25,600036.SH,36.94,1.49,50.847059902268114,0.0,0.45026445362336937,931621096500.94,12194297000000.0,583682000000.0,45422400000.0
2026-05-26,600036.SH,37.0,1.49,50.847059902268114,0.0,0.45026445362336937,933134287237.0,12194297000000.0,583682000000.0,45422400000.0
2026-05-27,600036.SH,37.0,1.49,50.847059902268114,0.0,0.45026445362336937,933134287237.0,12194297000000.0,583682000000.0,45422400000.0
2026-05-28,600036.SH,37.12,1.49,50.847059902268114,0.0,0.45026445362336937,936160668709.12,12194297000000.0,583682000000.0,45422400000.0
2026-05-29,600036.SH,38.01,1.49,50.847059902268114,0.0,0.45026445362336937,958606331294.01,12194297000000.0,583682000000.0,45422400000.0
2024-04-01,000001.SZ,8.717,0.66,25.022057448951017,0.0,0.23083679701698803,169161388931.966,5243822000000.0,322076000000.0,17918400000.0
2024-04-02,000001.SZ,8.626999999999999,0.66,25.022057448951017,0.0,0.23083679701698803,167414856294.14597,5243822000000.0,322076000000.0,17918400000.0
2024-04-03,000001.SZ,8.536999999999999,0.66,25.022057448951017,0.0,0.23083679701698803,165668323656.326,5243822000000.0,322076000000.0,17918400000.0
2024-04-08,000001.SZ,8.507000000000001,0.66,25.022057448951017,0.0,0.23083679701698803,165086146110.38602,5243822000000.0,322076000000.0,17918400000.0
2024-04-09,000001.SZ,8.476999999999999,0.66,25.022057448951017,0.0,0.23083679701698803,164503968564.44598,5243822000000.0,322076000000.0,17918400000.0
2024-04-10,000001.SZ,8.357,0.66,25.022057448951017,0.0,0.23083679701698803,162175258380.68597,5243822000000.0,322076000000.0,17918400000.0
2024-04-11,000001.SZ,8.327000000000002,0.66,25.022057448951017,0.0,0.23083679701698803,161593080834.74603,5243822000000.0,322076000000.0,17918400000.0
2024-04-12,000001.SZ,8.137,0.66,25.022057448951017,0.0,0.23083679701698803,157905956377.126,5243822000000.0,322076000000.0,17918400000.0
2024-04-15,000001.SZ,8.367,0.66,25.022057448951017,0.0,0.23083679701698803,162369317562.66602,5243822000000.0,322076000000.0,17918400000.0
2024-04-16,000001.SZ,8.357000000000001,0.66,25.022057448951017,0.0,0.23083679701698803,162175258380.68604,5243822000000.0,322076000000.0,17918400000.0
2024-04-17,000001.SZ,8.697000000000001,0.66,25.022057448951017,0.0,0.23083679701698803,168773270568.006,5243822000000.0,322076000000.0,17918400000.0
2024-04-18,000001.SZ,8.877,0.66,25.022057448951017,0.0,0.23083679701698803,172266335843.64603,5243822000000.0,322076000000.0,17918400000.0
2024-04-19,000001.SZ,8.767,0.66,25.022057448951017,0.0,0.23083679701698803,170131684841.866,5243822000000.0,322076000000.0,17918400000.0
2024-04-22,000001.SZ,8.577000000000002,0.66,25.022057448951017,0.0,0.23083679701698803,166444560384.24603,5243822000000.0,322076000000.0,17918400000.0
2024-04-23,000001.SZ,8.617,0.66,25.022057448951017,0.0,0.23083679701698803,167220797112.16602,5243822000000.0,322076000000.0,17918400000.0
2024-04-24,000001.SZ,8.607000000000001,0.66,25.022057448951017,0.0,0.23083679701698803,167026737930.18604,5243822000000.0,322076000000.0,17918400000.0
2024-04-25,000001.SZ,8.687000000000001,0.66,25.022057448951017,0.0,0.23083679701698803,168579211386.02603,5243822000000.0,322076000000.0,17918400000.0
2024-04-26,000001.SZ,8.677,0.66,25.022057448951017,0.0,0.23083679701698803,168385152204.046,5243822000000.0,322076000000.0,17918400000.0
2024-04-29,000001.SZ,8.886999999999999,0.66,25.022057448951017,0.0,0.23083679701698803,172460395025.62598,5243822000000.0,322076000000.0,17918400000.0
2024-04-30,000001.SZ,8.867,0.66,25.022057448951017,0.0,0.23083679701698803,172072276661.66602,5243822000000.0,322076000000.0,17918400000.0
2024-05-06,000001.SZ,8.967,0.66,25.022057448951017,0.0,0.23083679701698803,174012868481.466,5243822000000.0,322076000000.0,17918400000.0
2024-05-07,000001.SZ,8.956999999999999,0.66,25.022057448951017,0.0,0.23083679701698803,173818809299.486,5243822000000.0,322076000000.0,17918400000.0
2024-05-08,000001.SZ,8.807,0.66,25.022057448951017,0.0,0.23083679701698803,170907921569.786,5243822000000.0,322076000000.0,17918400000.0
2024-05-09,000001.SZ,8.837000000000002,0.66,25.022057448951017,0.0,0.23083679701698803,171490099115.72604,5243822000000.0,322076000000.0,17918400000.0
2024-05-10,000001.SZ,9.017,0.66,25.022057448951017,0.0,0.23083679701698803,174983164391.366,5243822000000.0,322076000000.0,17918400000.0
2024-05-13,000001.SZ,9.047,0.66,25.022057448951017,0.0,0.23083679701698803,175565341937.306,5243822000000.0,322076000000.0,17918400000.0
2024-05-14,000001.SZ,8.987,0.66,25.022057448951017,0.0,0.23083679701698803,174400986845.426,5243822000000.0,322076000000.0,17918400000.0
2024-05-15,000001.SZ,8.907,0.66,25.022057448951017,0.0,0.23083679701698803,172848513389.586,5243822000000.0,322076000000.0,17918400000.0
2024-05-16,000001.SZ,9.247,0.66,25.022057448951017,0.0,0.23083679701698803,179446525576.906,5243822000000.0,322076000000.0,17918400000.0
2024-05-17,000001.SZ,9.497,0.66,25.022057448951017,0.0,0.23083679701698803,184298005126.406,5243822000000.0,322076000000.0,17918400000.0
2024-05-20,000001.SZ,9.457,0.66,25.022057448951017,0.0,0.23083679701698803,183521768398.48602,5243822000000.0,322076000000.0,17918400000.0
2024-05-21,000001.SZ,9.627,0.66,25.022057448951017,0.0,0.23083679701698803,186820774492.14603,5243822000000.0,322076000000.0,17918400000.0
2024-05-22,000001.SZ,9.637,0.66,25.022057448951017,0.0,0.23083679701698803,187014833674.126,5243822000000.0,322076000000.0,17918400000.0
2024-05-23,000001.SZ,9.477,0.66,25.022057448951017,0.0,0.23083679701698803,183909886762.446,5243822000000.0,322076000000.0,17918400000.0
2024-05-24,000001.SZ,9.387,0.66,25.022057448951017,0.0,0.23083679701698803,182163354124.626,5243822000000.0,322076000000.0,17918400000.0
2024-05-27,000001.SZ,9.587,0.66,25.022057448951017,0.0,0.23083679701698803,186044537764.22598,5243822000000.0,322076000000.0,17918400000.0
2024-05-28,000001.SZ,9.476999999999999,0.66,25.022057448951017,0.0,0.23083679701698803,183909886762.44598,5243822000000.0,322076000000.0,17918400000.0
2024-05-29,000001.SZ,9.337,0.66,25.022057448951017,0.0,0.23083679701698803,181193058214.72598,5243822000000.0,322076000000.0,17918400000.0
2024-05-30,000001.SZ,9.197000000000001,0.66,25.022057448951017,0.0,0.23083679701698803,178476229667.006,5243822000000.0,322076000000.0,17918400000.0
2024-05-31,000001.SZ,9.187,0.66,25.022057448951017,0.0,0.23083679701698803,178282170485.026,5243822000000.0,322076000000.0,17918400000.0
2024-06-03,000001.SZ,9.057,0.66,25.022057448951017,0.0,0.23083679701698803,175759401119.286,5243822000000.0,322076000000.0,17918400000.0
2024-06-04,000001.SZ,9.097,0.66,25.022057448951017,0.0,0.23083679701698803,176535637847.206,5243822000000.0,322076000000.0,17918400000.0
2024-06-05,000001.SZ,8.947000000000001,0.66,25.022057448951017,0.0,0.23083679701698803,173624750117.506,5243822000000.0,322076000000.0,17918400000.0
2024-06-06,000001.SZ,8.977,0.66,25.022057448951017,0.0,0.23083679701698803,174206927663.446,5243822000000.0,322076000000.0,17918400000.0
2024-06-07,000001.SZ,9.067,0.66,25.022057448951017,0.0,0.23083679701698803,175953460301.266,5243822000000.0,322076000000.0,17918400000.0
2024-06-11,000001.SZ,8.947000000000001,0.66,25.022057448951017,0.0,0.23083679701698803,173624750117.506,5243822000000.0,322076000000.0,17918400000.0
2024-06-12,000001.SZ,8.956999999999999,0.66,25.022057448951017,0.0,0.23083679701698803,173818809299.486,5243822000000.0,322076000000.0,17918400000.0
2024-06-13,000001.SZ,8.877,0.66,25.022057448951017,0.0,0.23083679701698803,172266335843.64603,5243822000000.0,322076000000.0,17918400000.0
2024-06-14,000001.SZ,8.975999999999999,0.66,25.022057448951017,0.0,0.23083679701698803,174187521745.248,5243822000000.0,322076000000.0,17918400000.0
2024-06-17,000001.SZ,8.895999999999999,0.66,25.022057448951017,0.0,0.23083679701698803,172635048289.408,5243822000000.0,322076000000.0,17918400000.0
2024-06-18,000001.SZ,8.876,0.66,25.022057448951017,0.0,0.23083679701698803,172246929925.448,5243822000000.0,322076000000.0,17918400000.0
2024-06-19,000001.SZ,8.946,0.66,25.022057448951017,0.0,0.23083679701698803,173605344199.30798,5243822000000.0,322076000000.0,17918400000.0
2024-06-20,000001.SZ,8.846,0.66,25.022057448951017,0.0,0.23083679701698803,171664752379.508,5243822000000.0,322076000000.0,17918400000.0
2024-06-21,000001.SZ,8.796000000000001,0.66,25.022057448951017,0.0,0.23083679701698803,170694456469.60803,5243822000000.0,322076000000.0,17918400000.0
2024-06-24,000001.SZ,8.776,0.66,25.022057448951017,0.0,0.23083679701698803,170306338105.648,5243822000000.0,322076000000.0,17918400000.0
2024-06-25,000001.SZ,8.876,0.66,25.022057448951017,0.0,0.23083679701698803,172246929925.448,5243822000000.0,322076000000.0,17918400000.0
2024-06-26,000001.SZ,8.876,0.66,25.022057448951017,0.0,0.23083679701698803,172246929925.448,5243822000000.0,322076000000.0,17918400000.0
2024-06-27,000001.SZ,8.926,0.66,25.022057448951017,0.0,0.23083679701698803,173217225835.348,5243822000000.0,322076000000.0,17918400000.0
2024-06-28,000001.SZ,8.946,0.66,25.022057448951017,0.0,0.23083679701698803,173605344199.30798,5243822000000.0,322076000000.0,17918400000.0
2024-07-01,000001.SZ,9.146,1.23,24.831033248901466,0.0,0.4000686759980333,177486527838.90802,5272164000000.0,305998000000.0,31054800000.0
2024-07-02,000001.SZ,9.195999999999998,1.23,24.831033248901466,0.0,0.4000686759980333,178456823748.80795,5272164000000.0,305998000000.0,31054800000.0
2024-07-03,000001.SZ,9.106,1.23,24.831033248901466,0.0,0.4000686759980333,176710291110.988,5272164000000.0,305998000000.0,31054800000.0
2024-07-04,000001.SZ,9.056,1.23,24.831033248901466,0.0,0.4000686759980333,175739995201.08798,5272164000000.0,305998000000.0,31054800000.0
2024-07-05,000001.SZ,8.766,1.23,24.831033248901466,0.0,0.4000686759980333,170112278923.668,5272164000000.0,305998000000.0,31054800000.0
2024-07-08,000001.SZ,8.725999999999999,1.23,24.831033248901466,0.0,0.4000686759980333,169336042195.748,5272164000000.0,305998000000.0,31054800000.0
2024-07-09,000001.SZ,8.866,1.23,24.831033248901466,0.0,0.4000686759980333,172052870743.468,5272164000000.0,305998000000.0,31054800000.0
2024-07-10,000001.SZ,8.936,1.23,24.831033248901466,0.0,0.4000686759980333,173411285017.328,5272164000000.0,305998000000.0,31054800000.0
2024-07-11,000001.SZ,8.926,1.23,24.831033248901466,0.0,0.4000686759980333,173217225835.348,5272164000000.0,305998000000.0,31054800000.0
2024-07-12,000001.SZ,9.106,1.23,24.831033248901466,0.0,0.4000686759980333,176710291110.988,5272164000000.0,305998000000.0,31054800000.0
2024-07-15,000001.SZ,9.126,1.23,24.831033248901466,0.0,0.4000686759980333,177098409474.948,5272164000000.0,305998000000.0,31054800000.0
2024-07-16,000001.SZ,9.096,1.23,24.831033248901466,0.0,0.4000686759980333,176516231929.008,5272164000000.0,305998000000.0,31054800000.0
2024-07-17,000001.SZ,9.195999999999998,1.23,24.831033248901466,0.0,0.4000686759980333,178456823748.80795,5272164000000.0,305998000000.0,31054800000.0
2024-07-18,000001.SZ,9.206,1.23,24.831033248901466,0.0,0.4000686759980333,178650882930.788,5272164000000.0,305998000000.0,31054800000.0
2024-07-19,000001.SZ,9.166,1.23,24.831033248901466,0.0,0.4000686759980333,177874646202.868,5272164000000.0,305998000000.0,31054800000.0
2024-07-22,000001.SZ,9.025999999999998,1.23,24.831033248901466,0.0,0.4000686759980333,175157817655.14795,5272164000000.0,305998000000.0,31054800000.0
2024-07-23,000001.SZ,8.975999999999999,1.23,24.831033248901466,0.0,0.4000686759980333,174187521745.248,5272164000000.0,305998000000.0,31054800000.0
2024-07-24,000001.SZ,8.926,1.23,24.831033248901466,0.0,0.4000686759980333,173217225835.348,5272164000000.0,305998000000.0,31054800000.0
2024-07-25,000001.SZ,8.886,1.23,24.831033248901466,0.0,0.4000686759980333,172440989107.42798,5272164000000.0,305998000000.0,31054800000.0
2024-07-26,000001.SZ,8.826,1.23,24.831033248901466,0.0,0.4000686759980333,171276634015.548,5272164000000.0,305998000000.0,31054800000.0
2024-07-29,000001.SZ,8.906,1.23,24.831033248901466,0.0,0.4000686759980333,172829107471.388,5272164000000.0,305998000000.0,31054800000.0
2024-07-30,000001.SZ,8.876,1.23,24.831033248901466,0.0,0.4000686759980333,172246929925.448,5272164000000.0,305998000000.0,31054800000.0
2024-07-31,000001.SZ,9.065999999999999,1.23,24.831033248901466,0.0,0.4000686759980333,175934054383.068,5272164000000.0,305998000000.0,31054800000.0
2024-08-01,000001.SZ,9.065999999999999,1.23,24.831033248901466,0.0,0.4000686759980333,175934054383.068,5272164000000.0,305998000000.0,31054800000.0
2024-08-02,000001.SZ,8.936,1.23,24.831033248901466,0.0,0.4000686759980333,173411285017.328,5272164000000.0,305998000000.0,31054800000.0
2024-08-05,000001.SZ,8.846,1.23,24.831033248901466,0.0,0.4000686759980333,171664752379.508,5272164000000.0,305998000000.0,31054800000.0
2024-08-06,000001.SZ,8.725999999999999,1.23,24.831033248901466,0.0,0.4000686759980333,169336042195.748,5272164000000.0,305998000000.0,31054800000.0
2024-08-07,000001.SZ,8.725999999999999,1.23,24.831033248901466,0.0,0.4000686759980333,169336042195.748,5272164000000.0,305998000000.0,31054800000.0
2024-08-08,000001.SZ,8.735999999999999,1.23,24.831033248901466,0.0,0.4000686759980333,169530101377.72797,5272164000000.0,305998000000.0,31054800000.0
2024-08-09,000001.SZ,8.835999999999999,1.23,24.831033248901466,0.0,0.4000686759980333,171470693197.52798,5272164000000.0,305998000000.0,31054800000.0
2024-08-12,000001.SZ,8.806,1.23,24.831033248901466,0.0,0.4000686759980333,170888515651.58798,5272164000000.0,305998000000.0,31054800000.0
2024-08-13,000001.SZ,8.745999999999999,1.23,24.831033248901466,0.0,0.4000686759980333,169724160559.70798,5272164000000.0,305998000000.0,31054800000.0
2024-08-14,000001.SZ,8.716,1.23,24.831033248901466,0.0,0.4000686759980333,169141983013.76797,5272164000000.0,305998000000.0,31054800000.0
2024-08-15,000001.SZ,8.826,1.23,24.831033248901466,0.0,0.4000686759980333,171276634015.548,5272164000000.0,305998000000.0,31054800000.0
2024-08-16,000001.SZ,8.926,1.23,24.831033248901466,0.0,0.4000686759980333,173217225835.348,5272164000000.0,305998000000.0,31054800000.0
2024-08-19,000001.SZ,9.086,1.23,24.831033248901466,0.0,0.4000686759980333,176322172747.028,5272164000000.0,305998000000.0,31054800000.0
2024-08-20,000001.SZ,9.136,1.23,24.831033248901466,0.0,0.4000686759980333,177292468656.92798,5272164000000.0,305998000000.0,31054800000.0
2024-08-21,000001.SZ,9.146,1.23,24.831033248901466,0.0,0.4000686759980333,177486527838.90802,5272164000000.0,305998000000.0,31054800000.0
2024-08-22,000001.SZ,9.176,1.23,24.831033248901466,0.0,0.4000686759980333,178068705384.848,5272164000000.0,305998000000.0,31054800000.0
2024-08-23,000001.SZ,9.266,1.23,24.831033248901466,0.0,0.4000686759980333,179815238022.668,5272164000000.0,305998000000.0,31054800000.0
2024-08-26,000001.SZ,9.286,1.23,24.831033248901466,0.0,0.4000686759980333,180203356386.628,5272164000000.0,305998000000.0,31054800000.0
2024-08-27,000001.SZ,9.226,1.23,24.831033248901466,0.0,0.4000686759980333,179039001294.74802,5272164000000.0,305998000000.0,31054800000.0
2024-08-28,000001.SZ,9.126,1.23,24.831033248901466,0.0,0.4000686759980333,177098409474.948,5272164000000.0,305998000000.0,31054800000.0
2024-08-29,000001.SZ,8.925999999999998,1.23,24.831033248901466,0.0,0.4000686759980333,173217225835.34796,5272164000000.0,305998000000.0,31054800000.0
2024-08-30,000001.SZ,8.956,1.23,24.831033248901466,0.0,0.4000686759980333,173799403381.288,5272164000000.0,305998000000.0,31054800000.0
2024-09-02,000001.SZ,8.905999999999999,1.23,24.831033248901466,0.0,0.4000686759980333,172829107471.38797,5272164000000.0,305998000000.0,31054800000.0
2024-09-03,000001.SZ,8.876,1.23,24.831033248901466,0.0,0.4000686759980333,172246929925.448,5272164000000.0,305998000000.0,31054800000.0
2024-09-04,000001.SZ,8.815999999999999,1.23,24.831033248901466,0.0,0.4000686759980333,171082574833.568,5272164000000.0,305998000000.0,31054800000.0
2024-09-05,000001.SZ,8.866,1.23,24.831033248901466,0.0,0.4000686759980333,172052870743.468,5272164000000.0,305998000000.0,31054800000.0
2024-09-06,000001.SZ,8.876,1.23,24.831033248901466,0.0,0.4000686759980333,172246929925.448,5272164000000.0,305998000000.0,31054800000.0
2024-09-09,000001.SZ,8.645999999999999,1.23,24.831033248901466,0.0,0.4000686759980333,167783568739.908,5272164000000.0,305998000000.0,31054800000.0
2024-09-10,000001.SZ,8.695999999999998,1.23,24.831033248901466,0.0,0.4000686759980333,168753864649.80795,5272164000000.0,305998000000.0,31054800000.0
2024-09-11,000001.SZ,8.446,1.23,24.831033248901466,0.0,0.4000686759980333,163902385100.30798,5272164000000.0,305998000000.0,31054800000.0
2024-09-12,000001.SZ,8.536,1.23,24.831033248901466,0.0,0.4000686759980333,165648917738.128,5272164000000.0,305998000000.0,31054800000.0
2024-09-13,000001.SZ,8.496,1.23,24.831033248901466,0.0,0.4000686759980333,164872681010.208,5272164000000.0,305998000000.0,31054800000.0
2024-09-18,000001.SZ,8.565999999999999,1.23,24.831033248901466,0.0,0.4000686759980333,166231095284.068,5272164000000.0,305998000000.0,31054800000.0
2024-09-19,000001.SZ,8.606,1.23,24.831033248901466,0.0,0.4000686759980333,167007332011.988,5272164000000.0,305998000000.0,31054800000.0
2024-09-20,000001.SZ,8.695999999999998,1.23,24.831033248901466,0.0,0.4000686759980333,168753864649.80795,5272164000000.0,305998000000.0,31054800000.0
2024-09-23,000001.SZ,8.836,1.23,24.831033248901466,0.0,0.4000686759980333,171470693197.528,5272164000000.0,305998000000.0,31054800000.0
2024-09-24,000001.SZ,9.165999999999999,1.23,24.831033248901466,0.0,0.4000686759980333,177874646202.86798,5272164000000.0,305998000000.0,31054800000.0
2024-09-25,000001.SZ,9.296000000000001,1.23,24.831033248901466,0.0,0.4000686759980333,180397415568.60803,5272164000000.0,305998000000.0,31054800000.0
2024-09-26,000001.SZ,9.946,1.23,24.831033248901466,0.0,0.4000686759980333,193011262397.30798,5272164000000.0,305998000000.0,31054800000.0
2024-09-27,000001.SZ,10.216,1.23,24.831033248901466,0.0,0.4000686759980333,198250860310.76797,5272164000000.0,305998000000.0,31054800000.0
2024-09-30,000001.SZ,11.006,1.94,25.274197025655216,0.0,0.6141786169761531,213581535687.18802,5255519000000.0,281777000000.0,47674800000.0
2024-10-08,000001.SZ,11.675999999999998,1.94,25.274197025655216,0.0,0.6141786169761531,226583500879.84796,5255519000000.0,281777000000.0,47674800000.0
2024-10-09,000001.SZ,10.475999999999999,1.94,25.274197025655216,0.0,0.6141786169761531,203296399042.248,5255519000000.0,281777000000.0,47674800000.0
2024-10-10,000001.SZ,11.022,1.94,25.274197025655216,0.0,0.6141786169761531,213892030378.35602,5255519000000.0,281777000000.0,47674800000.0
2024-10-11,000001.SZ,10.762,1.94,25.274197025655216,0.0,0.6141786169761531,208846491646.876,5255519000000.0,281777000000.0,47674800000.0
2024-10-14,000001.SZ,11.062000000000001,1.94,25.274197025655216,0.0,0.6141786169761531,214668267106.27603,5255519000000.0,281777000000.0,47674800000.0
2024-10-15,000001.SZ,10.942,1.94,25.274197025655216,0.0,0.6141786169761531,212339556922.516,5255519000000.0,281777000000.0,47674800000.0
2024-10-16,000001.SZ,11.101999999999999,1.94,25.274197025655216,0.0,0.6141786169761531,215444503834.19598,5255519000000.0,281777000000.0,47674800000.0
2024-10-17,000001.SZ,10.991999999999999,1.94,25.274197025655216,0.0,0.6141786169761531,213309852832.416,5255519000000.0,281777000000.0,47674800000.0
2024-10-18,000001.SZ,11.081999999999999,1.94,25.274197025655216,0.0,0.6141786169761531,215056385470.236,5255519000000.0,281777000000.0,47674800000.0
2024-10-21,000001.SZ,10.852,1.94,25.274197025655216,0.0,0.6141786169761531,210593024284.696,5255519000000.0,281777000000.0,47674800000.0
2024-10-22,000001.SZ,10.832,1.94,25.274197025655216,0.0,0.6141786169761531,210204905920.73602,5255519000000.0,281777000000.0,47674800000.0
2024-10-23,000001.SZ,10.902,1.94,25.274197025655216,0.0,0.6141786169761531,211563320194.59598,5255519000000.0,281777000000.0,47674800000.0
2024-10-24,000001.SZ,10.792,1.94,25.274197025655216,0.0,0.6141786169761531,209428669192.816,5255519000000.0,281777000000.0,47674800000.0
2024-10-25,000001.SZ,10.751999999999999,1.94,25.274197025655216,0.0,0.6141786169761531,208652432464.89597,5255519000000.0,281777000000.0,47674800000.0
2024-10-28,000001.SZ,10.681999999999999,1.94,25.274197025655216,0.0,0.6141786169761531,207294018191.03598,5255519000000.0,281777000000.0,47674800000.0
2024-10-29,000001.SZ,10.581999999999999,1.94,25.274197025655216,0.0,0.6141786169761531,205353426371.236,5255519000000.0,281777000000.0,47674800000.0
2024-10-30,000001.SZ,10.362,1.94,25.274197025655216,0.0,0.6141786169761531,201084124367.676,5255519000000.0,281777000000.0,47674800000.0
2024-10-31,000001.SZ,10.422,1.94,25.274197025655216,0.0,0.6141786169761531,202248479459.556,5255519000000.0,281777000000.0,47674800000.0
2024-11-01,000001.SZ,10.472,1.94,25.274197025655216,0.0,0.6141786169761531,203218775369.456,5255519000000.0,281777000000.0,47674800000.0
2024-11-04,000001.SZ,10.501999999999999,1.94,25.274197025655216,0.0,0.6141786169761531,203800952915.39597,5255519000000.0,281777000000.0,47674800000.0
2024-11-05,000001.SZ,10.692,1.94,25.274197025655216,0.0,0.6141786169761531,207488077373.016,5255519000000.0,281777000000.0,47674800000.0
2024-11-06,000001.SZ,10.592,1.94,25.274197025655216,0.0,0.6141786169761531,205547485553.216,5255519000000.0,281777000000.0,47674800000.0
2024-11-07,000001.SZ,10.952,1.94,25.274197025655216,0.0,0.6141786169761531,212533616104.496,5255519000000.0,281777000000.0,47674800000.0
2024-11-08,000001.SZ,10.762,1.94,25.274197025655216,0.0,0.6141786169761531,208846491646.876,5255519000000.0,281777000000.0,47674800000.0
2024-11-11,000001.SZ,10.642000000000001,1.94,25.274197025655216,0.0,0.6141786169761531,206517781463.11603,5255519000000.0,281777000000.0,47674800000.0
2024-11-12,000001.SZ,10.581999999999999,1.94,25.274197025655216,0.0,0.6141786169761531,205353426371.236,5255519000000.0,281777000000.0,47674800000.0
2024-11-13,000001.SZ,10.652000000000001,1.94,25.274197025655216,0.0,0.6141786169761531,206711840645.096,5255519000000.0,281777000000.0,47674800000.0
2024-11-14,000001.SZ,10.581999999999999,1.94,25.274197025655216,0.0,0.6141786169761531,205353426371.236,5255519000000.0,281777000000.0,47674800000.0
2024-11-15,000001.SZ,10.482,1.94,25.274197025655216,0.0,0.6141786169761531,203412834551.43597,5255519000000.0,281777000000.0,47674800000.0
2024-11-18,000001.SZ,10.792000000000002,1.94,25.274197025655216,0.0,0.6141786169761531,209428669192.81604,5255519000000.0,281777000000.0,47674800000.0
2024-11-19,000001.SZ,10.722000000000001,1.94,25.274197025655216,0.0,0.6141786169761531,208070254918.95602,5255519000000.0,281777000000.0,47674800000.0
2024-11-20,000001.SZ,10.681999999999999,1.94,25.274197025655216,0.0,0.6141786169761531,207294018191.03598,5255519000000.0,281777000000.0,47674800000.0
2024-11-21,000001.SZ,10.632,1.94,25.274197025655216,0.0,0.6141786169761531,206323722281.136,5255519000000.0,281777000000.0,47674800000.0
2024-11-22,000001.SZ,10.322,1.94,25.274197025655216,0.0,0.6141786169761531,200307887639.75598,5255519000000.0,281777000000.0,47674800000.0
2024-11-25,000001.SZ,10.222,1.94,25.274197025655216,0.0,0.6141786169761531,198367295819.956,5255519000000.0,281777000000.0,47674800000.0
2024-11-26,000001.SZ,10.312000000000001,1.94,25.274197025655216,0.0,0.6141786169761531,200113828457.77603,5255519000000.0,281777000000.0,47674800000.0
2024-11-27,000001.SZ,10.432,1.94,25.274197025655216,0.0,0.6141786169761531,202442538641.536,5255519000000.0,281777000000.0,47674800000.0
2024-11-28,000001.SZ,10.382,1.94,25.274197025655216,0.0,0.6141786169761531,201472242731.636,5255519000000.0,281777000000.0,47674800000.0
2024-11-29,000001.SZ,10.421999999999999,1.94,25.274197025655216,0.0,0.6141786169761531,202248479459.55597,5255519000000.0,281777000000.0,47674800000.0
2024-12-02,000001.SZ,10.432,1.94,25.274197025655216,0.0,0.6141786169761531,202442538641.536,5255519000000.0,281777000000.0,47674800000.0
2024-12-03,000001.SZ,10.532,1.94,25.274197025655216,0.0,0.6141786169761531,204383130461.336,5255519000000.0,281777000000.0,47674800000.0
2024-12-04,000001.SZ,10.502,1.94,25.274197025655216,0.0,0.6141786169761531,203800952915.39603,5255519000000.0,281777000000.0,47674800000.0
2024-12-05,000001.SZ,10.482,1.94,25.274197025655216,0.0,0.6141786169761531,203412834551.43597,5255519000000.0,281777000000.0,47674800000.0
2024-12-06,000001.SZ,10.702,1.94,25.274197025655216,0.0,0.6141786169761531,207682136554.996,5255519000000.0,281777000000.0,47674800000.0
2024-12-09,000001.SZ,10.712,1.94,25.274197025655216,0.0,0.6141786169761531,207876195736.97598,5255519000000.0,281777000000.0,47674800000.0
2024-12-10,000001.SZ,10.831999999999999,1.94,25.274197025655216,0.0,0.6141786169761531,210204905920.736,5255519000000.0,281777000000.0,47674800000.0
2024-12-11,000001.SZ,10.772,1.94,25.274197025655216,0.0,0.6141786169761531,209040550828.85602,5255519000000.0,281777000000.0,47674800000.0
2024-12-12,000001.SZ,10.892000000000001,1.94,25.274197025655216,0.0,0.6141786169761531,211369261012.61603,5255519000000.0,281777000000.0,47674800000.0
2024-12-13,000001.SZ,10.602,1.94,25.274197025655216,0.0,0.6141786169761531,205741544735.196,5255519000000.0,281777000000.0,47674800000.0
2024-12-16,000001.SZ,10.611999999999998,1.94,25.274197025655216,0.0,0.6141786169761531,205935603917.17596,5255519000000.0,281777000000.0,47674800000.0
2024-12-17,000001.SZ,10.572,1.94,25.274197025655216,0.0,0.6141786169761531,205159367189.25598,5255519000000.0,281777000000.0,47674800000.0
2024-12-18,000001.SZ,10.692,1.94,25.274197025655216,0.0,0.6141786169761531,207488077373.016,5255519000000.0,281777000000.0,47674800000.0
2024-12-19,000001.SZ,10.632000000000001,1.94,25.274197025655216,0.0,0.6141786169761531,206323722281.13602,5255519000000.0,281777000000.0,47674800000.0
2024-12-20,000001.SZ,10.661999999999999,1.94,25.274197025655216,0.0,0.6141786169761531,206905899827.076,5255519000000.0,281777000000.0,47674800000.0
2024-12-23,000001.SZ,10.772,1.94,25.274197025655216,0.0,0.6141786169761531,209040550828.85602,5255519000000.0,281777000000.0,47674800000.0
2024-12-24,000001.SZ,10.902000000000001,1.94,25.274197025655216,0.0,0.6141786169761531,211563320194.596,5255519000000.0,281777000000.0,47674800000.0
2024-12-25,000001.SZ,10.962,1.94,25.274197025655216,0.0,0.6141786169761531,212727675286.47598,5255519000000.0,281777000000.0,47674800000.0
2024-12-26,000001.SZ,10.902,1.94,25.274197025655216,0.0,0.6141786169761531,211563320194.59598,5255519000000.0,281777000000.0,47674800000.0
2024-12-27,000001.SZ,10.872,1.94,25.274197025655216,0.0,0.6141786169761531,210981142648.656,5255519000000.0,281777000000.0,47674800000.0
2024-12-30,000001.SZ,10.991999999999999,1.94,25.274197025655216,0.0,0.6141786169761531,213309852832.416,5255519000000.0,281777000000.0,47674800000.0
2024-12-31,000001.SZ,10.742,2.15,25.499540653067324,0.0,0.6880581410147404,208458373282.91602,5274428000000.0,268973000000.0,53409600000.0
2025-01-02,000001.SZ,10.472,2.15,25.499540653067324,0.0,0.6880581410147404,203218775369.456,5274428000000.0,268973000000.0,53409600000.0
2025-01-03,000001.SZ,10.421999999999999,2.15,25.499540653067324,0.0,0.6880581410147404,202248479459.55597,5274428000000.0,268973000000.0,53409600000.0
2025-01-06,000001.SZ,10.482000000000001,2.15,25.499540653067324,0.0,0.6880581410147404,203412834551.43604,5274428000000.0,268973000000.0,53409600000.0
2025-01-07,000001.SZ,10.552000000000001,2.15,25.499540653067324,0.0,0.6880581410147404,204771248825.29602,5274428000000.0,268973000000.0,53409600000.0
2025-01-08,000001.SZ,10.542,2.15,25.499540653067324,0.0,0.6880581410147404,204577189643.316,5274428000000.0,268973000000.0,53409600000.0
2025-01-09,000001.SZ,10.442,2.15,25.499540653067324,0.0,0.6880581410147404,202636597823.516,5274428000000.0,268973000000.0,53409600000.0
2025-01-10,000001.SZ,10.341999999999999,2.15,25.499540653067324,0.0,0.6880581410147404,200696006003.71597,5274428000000.0,268973000000.0,53409600000.0
2025-01-13,000001.SZ,10.241999999999999,2.15,25.499540653067324,0.0,0.6880581410147404,198755414183.916,5274428000000.0,268973000000.0,53409600000.0
2025-01-14,000001.SZ,10.421999999999999,2.15,25.499540653067324,0.0,0.6880581410147404,202248479459.55597,5274428000000.0,268973000000.0,53409600000.0
2025-01-15,000001.SZ,10.521999999999998,2.15,25.499540653067324,0.0,0.6880581410147404,204189071279.35596,5274428000000.0,268973000000.0,53409600000.0
2025-01-16,000001.SZ,10.612,2.15,25.499540653067324,0.0,0.6880581410147404,205935603917.176,5274428000000.0,268973000000.0,53409600000.0
2025-01-17,000001.SZ,10.491999999999999,2.15,25.499540653067324,0.0,0.6880581410147404,203606893733.416,5274428000000.0,268973000000.0,53409600000.0
2025-01-20,000001.SZ,10.462,2.15,25.499540653067324,0.0,0.6880581410147404,203024716187.47598,5274428000000.0,268973000000.0,53409600000.0
2025-01-21,000001.SZ,10.372,2.15,25.499540653067324,0.0,0.6880581410147404,201278183549.656,5274428000000.0,268973000000.0,53409600000.0
2025-01-22,000001.SZ,10.132,2.15,25.499540653067324,0.0,0.6880581410147404,196620763182.136,5274428000000.0,268973000000.0,53409600000.0
2025-01-23,000001.SZ,10.362,2.15,25.499540653067324,0.0,0.6880581410147404,201084124367.676,5274428000000.0,268973000000.0,53409600000.0
2025-01-24,000001.SZ,10.382,2.15,25.499540653067324,0.0,0.6880581410147404,201472242731.636,5274428000000.0,268973000000.0,53409600000.0
2025-01-27,000001.SZ,10.512,2.15,25.499540653067324,0.0,0.6880581410147404,203995012097.376,5274428000000.0,268973000000.0,53409600000.0
2025-02-05,000001.SZ,10.411999999999999,2.15,25.499540653067324,0.0,0.6880581410147404,202054420277.576,5274428000000.0,268973000000.0,53409600000.0
2025-02-06,000001.SZ,10.402000000000001,2.15,25.499540653067324,0.0,0.6880581410147404,201860361095.596,5274428000000.0,268973000000.0,53409600000.0
2025-02-07,000001.SZ,10.422,2.15,25.499540653067324,0.0,0.6880581410147404,202248479459.556,5274428000000.0,268973000000.0,53409600000.0
2025-02-10,000001.SZ,10.472,2.15,25.499540653067324,0.0,0.6880581410147404,203218775369.456,5274428000000.0,268973000000.0,53409600000.0
2025-02-11,000001.SZ,10.462000000000002,2.15,25.499540653067324,0.0,0.6880581410147404,203024716187.47604,5274428000000.0,268973000000.0,53409600000.0
2025-02-12,000001.SZ,10.462,2.15,25.499540653067324,0.0,0.6880581410147404,203024716187.47598,5274428000000.0,268973000000.0,53409600000.0
2025-02-13,000001.SZ,10.542,2.15,25.499540653067324,0.0,0.6880581410147404,204577189643.316,5274428000000.0,268973000000.0,53409600000.0
2025-02-14,000001.SZ,10.591999999999999,2.15,25.499540653067324,0.0,0.6880581410147404,205547485553.21597,5274428000000.0,268973000000.0,53409600000.0
2025-02-17,000001.SZ,10.822000000000001,2.15,25.499540653067324,0.0,0.6880581410147404,210010846738.756,5274428000000.0,268973000000.0,53409600000.0
2025-02-18,000001.SZ,10.852,2.15,25.499540653067324,0.0,0.6880581410147404,210593024284.696,5274428000000.0,268973000000.0,53409600000.0
2025-02-19,000001.SZ,10.751999999999999,2.15,25.499540653067324,0.0,0.6880581410147404,208652432464.89597,5274428000000.0,268973000000.0,53409600000.0
2025-02-20,000001.SZ,10.702,2.15,25.499540653067324,0.0,0.6880581410147404,207682136554.996,5274428000000.0,268973000000.0,53409600000.0
2025-02-21,000001.SZ,10.682,2.15,25.499540653067324,0.0,0.6880581410147404,207294018191.036,5274428000000.0,268973000000.0,53409600000.0
2025-02-24,000001.SZ,10.632,2.15,25.499540653067324,0.0,0.6880581410147404,206323722281.136,5274428000000.0,268973000000.0,53409600000.0
2025-02-25,000001.SZ,10.512,2.15,25.499540653067324,0.0,0.6880581410147404,203995012097.376,5274428000000.0,268973000000.0,53409600000.0
2025-02-26,000001.SZ,10.562000000000001,2.15,25.499540653067324,0.0,0.6880581410147404,204965308007.27603,5274428000000.0,268973000000.0,53409600000.0
2025-02-27,000001.SZ,10.662,2.15,25.499540653067324,0.0,0.6880581410147404,206905899827.07602,5274428000000.0,268973000000.0,53409600000.0
2025-02-28,000001.SZ,10.572,2.15,25.499540653067324,0.0,0.6880581410147404,205159367189.25598,5274428000000.0,268973000000.0,53409600000.0
2025-03-03,000001.SZ,10.552000000000001,2.15,25.499540653067324,0.0,0.6880581410147404,204771248825.29602,5274428000000.0,268973000000.0,53409600000.0
2025-03-04,000001.SZ,10.552,2.15,25.499540653067324,0.0,0.6880581410147404,204771248825.296,5274428000000.0,268973000000.0,53409600000.0
2025-03-05,000001.SZ,10.702,2.15,25.499540653067324,0.0,0.6880581410147404,207682136554.996,5274428000000.0,268973000000.0,53409600000.0
2025-03-06,000001.SZ,10.671999999999999,2.15,25.499540653067324,0.0,0.6880581410147404,207099959009.05597,5274428000000.0,268973000000.0,53409600000.0
2025-03-07,000001.SZ,10.712,2.15,25.499540653067324,0.0,0.6880581410147404,207876195736.97598,5274428000000.0,268973000000.0,53409600000.0
2025-03-10,000001.SZ,10.632,2.15,25.499540653067324,0.0,0.6880581410147404,206323722281.136,5274428000000.0,268973000000.0,53409600000.0
2025-03-11,000001.SZ,10.652,2.15,25.499540653067324,0.0,0.6880581410147404,206711840645.09598,5274428000000.0,268973000000.0,53409600000.0
2025-03-12,000001.SZ,10.892,2.15,25.499540653067324,0.0,0.6880581410147404,211369261012.616,5274428000000.0,268973000000.0,53409600000.0
2025-03-13,000001.SZ,10.882,2.15,25.499540653067324,0.0,0.6880581410147404,211175201830.636,5274428000000.0,268973000000.0,53409600000.0
2025-03-14,000001.SZ,11.012,2.15,25.499540653067324,0.0,0.6880581410147404,213697971196.376,5274428000000.0,268973000000.0,53409600000.0
2025-03-17,000001.SZ,10.542,2.15,25.499540653067324,0.0,0.6880581410147404,204577189643.316,5274428000000.0,268973000000.0,53409600000.0
2025-03-18,000001.SZ,10.532,2.15,25.499540653067324,0.0,0.6880581410147404,204383130461.336,5274428000000.0,268973000000.0,53409600000.0
2025-03-19,000001.SZ,10.562000000000001,2.15,25.499540653067324,0.0,0.6880581410147404,204965308007.27603,5274428000000.0,268973000000.0,53409600000.0
2025-03-20,000001.SZ,10.532,2.15,25.499540653067324,0.0,0.6880581410147404,204383130461.336,5274428000000.0,268973000000.0,53409600000.0
2025-03-21,000001.SZ,10.462,2.15,25.499540653067324,0.0,0.6880581410147404,203024716187.47598,5274428000000.0,268973000000.0,53409600000.0
2025-03-24,000001.SZ,10.421999999999999,2.15,25.499540653067324,0.0,0.6880581410147404,202248479459.55597,5274428000000.0,268973000000.0,53409600000.0
2025-03-25,000001.SZ,10.472,2.15,25.499540653067324,0.0,0.6880581410147404,203218775369.456,5274428000000.0,268973000000.0,53409600000.0
2025-03-26,000001.SZ,10.422,2.15,25.499540653067324,0.0,0.6880581410147404,202248479459.556,5274428000000.0,268973000000.0,53409600000.0
2025-03-27,000001.SZ,10.431999999999999,2.15,25.499540653067324,0.0,0.6880581410147404,202442538641.53598,5274428000000.0,268973000000.0,53409600000.0
2025-03-28,000001.SZ,10.392,2.15,25.499540653067324,0.0,0.6880581410147404,201666301913.616,5274428000000.0,268973000000.0,53409600000.0
2025-03-31,000001.SZ,10.302,0.62,26.080291323301598,0.0,0.2179129045507275,199919769275.796,5271746000000.0,291060000000.0,16915200000.0
2025-04-01,000001.SZ,10.312000000000001,0.62,26.080291323301598,0.0,0.2179129045507275,200113828457.77603,5271746000000.0,291060000000.0,16915200000.0
2025-04-02,000001.SZ,10.411999999999999,0.62,26.080291323301598,0.0,0.2179129045507275,202054420277.576,5271746000000.0,291060000000.0,16915200000.0
2025-04-03,000001.SZ,10.382,0.62,26.080291323301598,0.0,0.2179129045507275,201472242731.636,5271746000000.0,291060000000.0,16915200000.0
2025-04-07,000001.SZ,9.742,0.62,26.080291323301598,0.0,0.2179129045507275,189052455084.91602,5271746000000.0,291060000000.0,16915200000.0
2025-04-08,000001.SZ,9.862,0.62,26.080291323301598,0.0,0.2179129045507275,191381165268.676,5271746000000.0,291060000000.0,16915200000.0
2025-04-09,000001.SZ,9.842,0.62,26.080291323301598,0.0,0.2179129045507275,190993046904.716,5271746000000.0,291060000000.0,16915200000.0
2025-04-10,000001.SZ,9.942,0.62,26.080291323301598,0.0,0.2179129045507275,192933638724.516,5271746000000.0,291060000000.0,16915200000.0
2025-04-11,000001.SZ,9.932,0.62,26.080291323301598,0.0,0.2179129045507275,192739579542.536,5271746000000.0,291060000000.0,16915200000.0
2025-04-14,000001.SZ,9.972,0.62,26.080291323301598,0.0,0.2179129045507275,193515816270.456,5271746000000.0,291060000000.0,16915200000.0
2025-04-15,000001.SZ,9.992,0.62,26.080291323301598,0.0,0.2179129045507275,193903934634.41602,5271746000000.0,291060000000.0,16915200000.0
2025-04-16,000001.SZ,10.042,0.62,26.080291323301598,0.0,0.2179129045507275,194874230544.316,5271746000000.0,291060000000.0,16915200000.0
2025-04-17,000001.SZ,10.102,0.62,26.080291323301598,0.0,0.2179129045507275,196038585636.196,5271746000000.0,291060000000.0,16915200000.0
2025-04-18,000001.SZ,10.222,0.62,26.080291323301598,0.0,0.2179129045507275,198367295819.956,5271746000000.0,291060000000.0,16915200000.0
2025-04-21,000001.SZ,10.062000000000001,0.62,26.080291323301598,0.0,0.2179129045507275,195262348908.27603,5271746000000.0,291060000000.0,16915200000.0
2025-04-22,000001.SZ,10.082,0.62,26.080291323301598,0.0,0.2179129045507275,195650467272.23602,5271746000000.0,291060000000.0,16915200000.0
2025-04-23,000001.SZ,10.052,0.62,26.080291323301598,0.0,0.2179129045507275,195068289726.296,5271746000000.0,291060000000.0,16915200000.0
2025-04-24,000001.SZ,10.072,0.62,26.080291323301598,0.0,0.2179129045507275,195456408090.25598,5271746000000.0,291060000000.0,16915200000.0
2025-04-25,000001.SZ,10.052,0.62,26.080291323301598,0.0,0.2179129045507275,195068289726.296,5271746000000.0,291060000000.0,16915200000.0
2025-04-28,000001.SZ,10.042,0.62,26.080291323301598,0.0,0.2179129045507275,194874230544.316,5271746000000.0,291060000000.0,16915200000.0
2025-04-29,000001.SZ,10.022,0.62,26.080291323301598,0.0,0.2179129045507275,194486112180.35602,5271746000000.0,291060000000.0,16915200000.0
2025-04-30,000001.SZ,9.952,0.62,26.080291323301598,0.0,0.2179129045507275,193127697906.496,5271746000000.0,291060000000.0,16915200000.0
2025-05-06,000001.SZ,10.002,0.62,26.080291323301598,0.0,0.2179129045507275,194097993816.39603,5271746000000.0,291060000000.0,16915200000.0
2025-05-07,000001.SZ,10.072000000000001,0.62,26.080291323301598,0.0,0.2179129045507275,195456408090.256,5271746000000.0,291060000000.0,16915200000.0
2025-05-08,000001.SZ,10.122,0.62,26.080291323301598,0.0,0.2179129045507275,196426704000.156,5271746000000.0,291060000000.0,16915200000.0
2025-05-09,000001.SZ,10.192,0.62,26.080291323301598,0.0,0.2179129045507275,197785118274.016,5271746000000.0,291060000000.0,16915200000.0
2025-05-12,000001.SZ,10.202,0.62,26.080291323301598,0.0,0.2179129045507275,197979177455.996,5271746000000.0,291060000000.0,16915200000.0
2025-05-13,000001.SZ,10.332,0.62,26.080291323301598,0.0,0.2179129045507275,200501946821.73602,5271746000000.0,291060000000.0,16915200000.0
2025-05-14,000001.SZ,10.472,0.62,26.080291323301598,0.0,0.2179129045507275,203218775369.456,5271746000000.0,291060000000.0,16915200000.0
2025-05-15,000001.SZ,10.432,0.62,26.080291323301598,0.0,0.2179129045507275,202442538641.536,5271746000000.0,291060000000.0,16915200000.0
2025-05-16,000001.SZ,10.422,0.62,26.080291323301598,0.0,0.2179129045507275,202248479459.556,5271746000000.0,291060000000.0,16915200000.0
2025-05-19,000001.SZ,10.411999999999999,0.62,26.080291323301598,0.0,0.2179129045507275,202054420277.576,5271746000000.0,291060000000.0,16915200000.0
2025-05-20,000001.SZ,10.432,0.62,26.080291323301598,0.0,0.2179129045507275,202442538641.536,5271746000000.0,291060000000.0,16915200000.0
2025-05-21,000001.SZ,10.522,0.62,26.080291323301598,0.0,0.2179129045507275,204189071279.35602,5271746000000.0,291060000000.0,16915200000.0
2025-05-22,000001.SZ,10.591999999999999,0.62,26.080291323301598,0.0,0.2179129045507275,205547485553.21597,5271746000000.0,291060000000.0,16915200000.0
2025-05-23,000001.SZ,10.501999999999999,0.62,26.080291323301598,0.0,0.2179129045507275,203800952915.39597,5271746000000.0,291060000000.0,16915200000.0
2025-05-26,000001.SZ,10.462,0.62,26.080291323301598,0.0,0.2179129045507275,203024716187.47598,5271746000000.0,291060000000.0,16915200000.0
2025-05-27,000001.SZ,10.532,0.62,26.080291323301598,0.0,0.2179129045507275,204383130461.336,5271746000000.0,291060000000.0,16915200000.0
2025-05-28,000001.SZ,10.572,0.62,26.080291323301598,0.0,0.2179129045507275,205159367189.25598,5271746000000.0,291060000000.0,16915200000.0
2025-05-29,000001.SZ,10.502,0.62,26.080291323301598,0.0,0.2179129045507275,203800952915.39603,5271746000000.0,291060000000.0,16915200000.0
2025-05-30,000001.SZ,10.601999999999999,0.62,26.080291323301598,0.0,0.2179129045507275,205741544735.19598,5271746000000.0,291060000000.0,16915200000.0
2025-06-03,000001.SZ,10.851999999999999,0.62,26.080291323301598,0.0,0.2179129045507275,210593024284.69598,5271746000000.0,291060000000.0,16915200000.0
2025-06-04,000001.SZ,10.882,0.62,26.080291323301598,0.0,0.2179129045507275,211175201830.636,5271746000000.0,291060000000.0,16915200000.0
2025-06-05,000001.SZ,10.712,0.62,26.080291323301598,0.0,0.2179129045507275,207876195736.97598,5271746000000.0,291060000000.0,16915200000.0
2025-06-06,000001.SZ,10.741999999999999,0.62,26.080291323301598,0.0,0.2179129045507275,208458373282.916,5271746000000.0,291060000000.0,16915200000.0
2025-06-09,000001.SZ,10.752,0.62,26.080291323301598,0.0,0.2179129045507275,208652432464.89603,5271746000000.0,291060000000.0,16915200000.0
2025-06-10,000001.SZ,10.852,0.62,26.080291323301598,0.0,0.2179129045507275,210593024284.696,5271746000000.0,291060000000.0,16915200000.0
2025-06-11,000001.SZ,10.892000000000001,0.62,26.080291323301598,0.0,0.2179129045507275,211369261012.61603,5271746000000.0,291060000000.0,16915200000.0
2025-06-12,000001.SZ,11.084,0.62,26.080291323301598,0.0,0.2179129045507275,215095197306.632,5271746000000.0,291060000000.0,16915200000.0
2025-06-13,000001.SZ,10.984,0.62,26.080291323301598,0.0,0.2179129045507275,213154605486.832,5271746000000.0,291060000000.0,16915200000.0
2025-06-16,000001.SZ,11.193999999999999,0.62,26.080291323301598,0.0,0.2179129045507275,217229848308.412,5271746000000.0,291060000000.0,16915200000.0
2025-06-17,000001.SZ,11.164000000000001,0.62,26.080291323301598,0.0,0.2179129045507275,216647670762.47202,5271746000000.0,291060000000.0,16915200000.0
2025-06-18,000001.SZ,11.174,0.62,26.080291323301598,0.0,0.2179129045507275,216841729944.452,5271746000000.0,291060000000.0,16915200000.0
2025-06-19,000001.SZ,11.104000000000001,0.62,26.080291323301598,0.0,0.2179129045507275,215483315670.592,5271746000000.0,291060000000.0,16915200000.0
2025-06-20,000001.SZ,11.244,0.62,26.080291323301598,0.0,0.2179129045507275,218200144218.31198,5271746000000.0,291060000000.0,16915200000.0
2025-06-23,000001.SZ,11.334,0.62,26.080291323301598,0.0,0.2179129045507275,219946676856.132,5271746000000.0,291060000000.0,16915200000.0
2025-06-24,000001.SZ,11.334,0.62,26.080291323301598,0.0,0.2179129045507275,219946676856.132,5271746000000.0,291060000000.0,16915200000.0
2025-06-25,000001.SZ,11.464,0.62,26.080291323301598,0.0,0.2179129045507275,222469446221.872,5271746000000.0,291060000000.0,16915200000.0
2025-06-26,000001.SZ,11.814,0.62,26.080291323301598,0.0,0.2179129045507275,229261517591.172,5271746000000.0,291060000000.0,16915200000.0
2025-06-27,000001.SZ,11.604000000000001,0.62,26.080291323301598,0.0,0.2179129045507275,225186274769.592,5271746000000.0,291060000000.0,16915200000.0
2025-06-30,000001.SZ,11.474,1.18,26.28383747657803,0.0,0.3844703416697356,222663505403.852,5364899000000.0,264474000000.0,29844000000.0
2025-07-01,000001.SZ,11.704,1.18,26.28383747657803,0.0,0.3844703416697356,227126866589.392,5364899000000.0,264474000000.0,29844000000.0
2025-07-02,000001.SZ,11.724,1.18,26.28383747657803,0.0,0.3844703416697356,227514984953.352,5364899000000.0,264474000000.0,29844000000.0
2025-07-03,000001.SZ,11.754000000000001,1.18,26.28383747657803,0.0,0.3844703416697356,228097162499.29202,5364899000000.0,264474000000.0,29844000000.0
2025-07-04,000001.SZ,12.004000000000001,1.18,26.28383747657803,0.0,0.3844703416697356,232948642048.79202,5364899000000.0,264474000000.0,29844000000.0
2025-07-07,000001.SZ,12.184,1.18,26.28383747657803,0.0,0.3844703416697356,236441707324.43198,5364899000000.0,264474000000.0,29844000000.0
2025-07-08,000001.SZ,12.094,1.18,26.28383747657803,0.0,0.3844703416697356,234695174686.612,5364899000000.0,264474000000.0,29844000000.0
2025-07-09,000001.SZ,12.244,1.18,26.28383747657803,0.0,0.3844703416697356,237606062416.31198,5364899000000.0,264474000000.0,29844000000.0
2025-07-10,000001.SZ,12.584000000000001,1.18,26.28383747657803,0.0,0.3844703416697356,244204074603.63202,5364899000000.0,264474000000.0,29844000000.0
2025-07-11,000001.SZ,12.314,1.18,26.28383747657803,0.0,0.3844703416697356,238964476690.172,5364899000000.0,264474000000.0,29844000000.0
2025-07-14,000001.SZ,12.383999999999999,1.18,26.28383747657803,0.0,0.3844703416697356,240322890964.03198,5364899000000.0,264474000000.0,29844000000.0
2025-07-15,000001.SZ,12.134,1.18,26.28383747657803,0.0,0.3844703416697356,235471411414.532,5364899000000.0,264474000000.0,29844000000.0
2025-07-16,000001.SZ,12.044,1.18,26.28383747657803,0.0,0.3844703416697356,233724878776.712,5364899000000.0,264474000000.0,29844000000.0
2025-07-17,000001.SZ,11.994000000000002,1.18,26.28383747657803,0.0,0.3844703416697356,232754582866.81204,5364899000000.0,264474000000.0,29844000000.0
2025-07-18,000001.SZ,12.104,1.18,26.28383747657803,0.0,0.3844703416697356,234889233868.59198,5364899000000.0,264474000000.0,29844000000.0
2025-07-21,000001.SZ,12.014000000000001,1.18,26.28383747657803,0.0,0.3844703416697356,233142701230.77203,5364899000000.0,264474000000.0,29844000000.0
2025-07-22,000001.SZ,11.894,1.18,26.28383747657803,0.0,0.3844703416697356,230813991047.012,5364899000000.0,264474000000.0,29844000000.0
2025-07-23,000001.SZ,11.934000000000001,1.18,26.28383747657803,0.0,0.3844703416697356,231590227774.932,5364899000000.0,264474000000.0,29844000000.0
2025-07-24,000001.SZ,11.754,1.18,26.28383747657803,0.0,0.3844703416697356,228097162499.292,5364899000000.0,264474000000.0,29844000000.0
2025-07-25,000001.SZ,11.754,1.18,26.28383747657803,0.0,0.3844703416697356,228097162499.292,5364899000000.0,264474000000.0,29844000000.0
2025-07-28,000001.SZ,11.864,1.18,26.28383747657803,0.0,0.3844703416697356,230231813501.07202,5364899000000.0,264474000000.0,29844000000.0
2025-07-29,000001.SZ,11.744,1.18,26.28383747657803,0.0,0.3844703416697356,227903103317.31198,5364899000000.0,264474000000.0,29844000000.0
2025-07-30,000001.SZ,11.894,1.18,26.28383747657803,0.0,0.3844703416697356,230813991047.012,5364899000000.0,264474000000.0,29844000000.0
2025-07-31,000001.SZ,11.634,1.18,26.28383747657803,0.0,0.3844703416697356,225768452315.532,5364899000000.0,264474000000.0,29844000000.0
2025-08-01,000001.SZ,11.684000000000001,1.18,26.28383747657803,0.0,0.3844703416697356,226738748225.432,5364899000000.0,264474000000.0,29844000000.0
2025-08-04,000001.SZ,11.704,1.18,26.28383747657803,0.0,0.3844703416697356,227126866589.392,5364899000000.0,264474000000.0,29844000000.0
2025-08-05,000001.SZ,11.874,1.18,26.28383747657803,0.0,0.3844703416697356,230425872683.052,5364899000000.0,264474000000.0,29844000000.0
2025-08-06,000001.SZ,11.864,1.18,26.28383747657803,0.0,0.3844703416697356,230231813501.07202,5364899000000.0,264474000000.0,29844000000.0
2025-08-07,000001.SZ,11.874,1.18,26.28383747657803,0.0,0.3844703416697356,230425872683.052,5364899000000.0,264474000000.0,29844000000.0
2025-08-08,000001.SZ,11.804,1.18,26.28383747657803,0.0,0.3844703416697356,229067458409.19202,5364899000000.0,264474000000.0,29844000000.0
2025-08-11,000001.SZ,11.703999999999999,1.18,26.28383747657803,0.0,0.3844703416697356,227126866589.39197,5364899000000.0,264474000000.0,29844000000.0
2025-08-12,000001.SZ,11.734,1.18,26.28383747657803,0.0,0.3844703416697356,227709044135.332,5364899000000.0,264474000000.0,29844000000.0
2025-08-13,000001.SZ,11.664,1.18,26.28383747657803,0.0,0.3844703416697356,226350629861.472,5364899000000.0,264474000000.0,29844000000.0
2025-08-14,000001.SZ,11.604,1.18,26.28383747657803,0.0,0.3844703416697356,225186274769.59198,5364899000000.0,264474000000.0,29844000000.0
2025-08-15,000001.SZ,11.484,1.18,26.28383747657803,0.0,0.3844703416697356,222857564585.832,5364899000000.0,264474000000.0,29844000000.0
2025-08-18,000001.SZ,11.484000000000002,1.18,26.28383747657803,0.0,0.3844703416697356,222857564585.83203,5364899000000.0,264474000000.0,29844000000.0
2025-08-19,000001.SZ,11.463999999999999,1.18,26.28383747657803,0.0,0.3844703416697356,222469446221.87198,5364899000000.0,264474000000.0,29844000000.0
2025-08-20,000001.SZ,11.474,1.18,26.28383747657803,0.0,0.3844703416697356,222663505403.852,5364899000000.0,264474000000.0,29844000000.0
2025-08-21,000001.SZ,11.554,1.18,26.28383747657803,0.0,0.3844703416697356,224215978859.69202,5364899000000.0,264474000000.0,29844000000.0
2025-08-22,000001.SZ,11.464,1.18,26.28383747657803,0.0,0.3844703416697356,222469446221.872,5364899000000.0,264474000000.0,29844000000.0
2025-08-25,000001.SZ,11.854,1.18,26.28383747657803,0.0,0.3844703416697356,230037754319.09198,5364899000000.0,264474000000.0,29844000000.0
2025-08-26,000001.SZ,11.764000000000001,1.18,26.28383747657803,0.0,0.3844703416697356,228291221681.27203,5364899000000.0,264474000000.0,29844000000.0
2025-08-27,000001.SZ,11.464,1.18,26.28383747657803,0.0,0.3844703416697356,222469446221.872,5364899000000.0,264474000000.0,29844000000.0
2025-08-28,000001.SZ,11.484,1.18,26.28383747657803,0.0,0.3844703416697356,222857564585.832,5364899000000.0,264474000000.0,29844000000.0
2025-08-29,000001.SZ,11.454,1.18,26.28383747657803,0.0,0.3844703416697356,222275387039.892,5364899000000.0,264474000000.0,29844000000.0
2025-09-01,000001.SZ,11.293999999999999,1.18,26.28383747657803,0.0,0.3844703416697356,219170440128.21198,5364899000000.0,264474000000.0,29844000000.0
2025-09-02,000001.SZ,11.384,1.18,26.28383747657803,0.0,0.3844703416697356,220916972766.032,5364899000000.0,264474000000.0,29844000000.0
2025-09-03,000001.SZ,11.154,1.18,26.28383747657803,0.0,0.3844703416697356,216453611580.492,5364899000000.0,264474000000.0,29844000000.0
2025-09-04,000001.SZ,11.144,1.18,26.28383747657803,0.0,0.3844703416697356,216259552398.512,5364899000000.0,264474000000.0,29844000000.0
2025-09-05,000001.SZ,11.124,1.18,26.28383747657803,0.0,0.3844703416697356,215871434034.552,5364899000000.0,264474000000.0,29844000000.0
2025-09-08,000001.SZ,11.104,1.18,26.28383747657803,0.0,0.3844703416697356,215483315670.59198,5364899000000.0,264474000000.0,29844000000.0
2025-09-09,000001.SZ,11.154,1.18,26.28383747657803,0.0,0.3844703416697356,216453611580.492,5364899000000.0,264474000000.0,29844000000.0
2025-09-10,000001.SZ,11.174000000000001,1.18,26.28383747657803,0.0,0.3844703416697356,216841729944.45203,5364899000000.0,264474000000.0,29844000000.0
2025-09-11,000001.SZ,11.254000000000001,1.18,26.28383747657803,0.0,0.3844703416697356,218394203400.29202,5364899000000.0,264474000000.0,29844000000.0
2025-09-12,000001.SZ,11.124,1.18,26.28383747657803,0.0,0.3844703416697356,215871434034.552,5364899000000.0,264474000000.0,29844000000.0
2025-09-15,000001.SZ,11.054,1.18,26.28383747657803,0.0,0.3844703416697356,214513019760.69202,5364899000000.0,264474000000.0,29844000000.0
2025-09-16,000001.SZ,11.043999999999999,1.18,26.28383747657803,0.0,0.3844703416697356,214318960578.71198,5364899000000.0,264474000000.0,29844000000.0
2025-09-17,000001.SZ,11.044,1.18,26.28383747657803,0.0,0.3844703416697356,214318960578.712,5364899000000.0,264474000000.0,29844000000.0
2025-09-18,000001.SZ,10.814,1.18,26.28383747657803,0.0,0.3844703416697356,209855599393.172,5364899000000.0,264474000000.0,29844000000.0
2025-09-19,000001.SZ,10.854000000000001,1.18,26.28383747657803,0.0,0.3844703416697356,210631836121.092,5364899000000.0,264474000000.0,29844000000.0
2025-09-22,000001.SZ,10.784,1.18,26.28383747657803,0.0,0.3844703416697356,209273421847.23203,5364899000000.0,264474000000.0,29844000000.0
2025-09-23,000001.SZ,10.924,1.18,26.28383747657803,0.0,0.3844703416697356,211990250394.952,5364899000000.0,264474000000.0,29844000000.0
2025-09-24,000001.SZ,10.863999999999999,1.18,26.28383747657803,0.0,0.3844703416697356,210825895303.072,5364899000000.0,264474000000.0,29844000000.0
2025-09-25,000001.SZ,10.803999999999998,1.18,26.28383747657803,0.0,0.3844703416697356,209661540211.19196,5364899000000.0,264474000000.0,29844000000.0
2025-09-26,000001.SZ,10.804,1.18,26.28383747657803,0.0,0.3844703416697356,209661540211.19202,5364899000000.0,264474000000.0,29844000000.0
2025-09-29,000001.SZ,10.774,1.18,26.28383747657803,0.0,0.3844703416697356,209079362665.25198,5364899000000.0,264474000000.0,29844000000.0
2025-09-30,000001.SZ,10.744000000000002,1.87,26.689280801635995,0.0,0.5926903268707677,208497185119.31204,5248834000000.0,263926000000.0,46006800000.0
2025-10-09,000001.SZ,10.804,1.87,26.689280801635995,0.0,0.5926903268707677,209661540211.19202,5248834000000.0,263926000000.0,46006800000.0
2025-10-10,000001.SZ,10.834,1.87,26.689280801635995,0.0,0.5926903268707677,210243717757.132,5248834000000.0,263926000000.0,46006800000.0
2025-10-13,000001.SZ,10.803999999999998,1.87,26.689280801635995,0.0,0.5926903268707677,209661540211.19196,5248834000000.0,263926000000.0,46006800000.0
2025-10-14,000001.SZ,10.974,1.87,26.689280801635995,0.0,0.5926903268707677,212960546304.852,5248834000000.0,263926000000.0,46006800000.0
2025-10-15,000001.SZ,11.040000000000001,1.87,26.689280801635995,0.0,0.5926903268707677,214241336905.92,5248834000000.0,263926000000.0,46006800000.0
2025-10-16,000001.SZ,11.18,1.87,26.689280801635995,0.0,0.5926903268707677,216958165453.63998,5248834000000.0,263926000000.0,46006800000.0
2025-10-17,000001.SZ,11.040000000000001,1.87,26.689280801635995,0.0,0.5926903268707677,214241336905.92,5248834000000.0,263926000000.0,46006800000.0
2025-10-20,000001.SZ,11.06,1.87,26.689280801635995,0.0,0.5926903268707677,214629455269.88,5248834000000.0,263926000000.0,46006800000.0
2025-10-21,000001.SZ,11.07,1.87,26.689280801635995,0.0,0.5926903268707677,214823514451.86002,5248834000000.0,263926000000.0,46006800000.0
2025-10-22,000001.SZ,11.16,1.87,26.689280801635995,0.0,0.5926903268707677,216570047089.68,5248834000000.0,263926000000.0,46006800000.0
2025-10-23,000001.SZ,11.270000000000001,1.87,26.689280801635995,0.0,0.5926903268707677,218704698091.46002,5248834000000.0,263926000000.0,46006800000.0
2025-10-24,000001.SZ,11.200000000000001,1.87,26.689280801635995,0.0,0.5926903268707677,217346283817.6,5248834000000.0,263926000000.0,46006800000.0
2025-10-27,000001.SZ,11.16,1.87,26.689280801635995,0.0,0.5926903268707677,216570047089.68,5248834000000.0,263926000000.0,46006800000.0
2025-10-28,000001.SZ,11.110000000000001,1.87,26.689280801635995,0.0,0.5926903268707677,215599751179.78003,5248834000000.0,263926000000.0,46006800000.0
2025-10-29,000001.SZ,11.03,1.87,26.689280801635995,0.0,0.5926903268707677,214047277723.94,5248834000000.0,263926000000.0,46006800000.0
2025-10-30,000001.SZ,11.02,1.87,26.689280801635995,0.0,0.5926903268707677,213853218541.96,5248834000000.0,263926000000.0,46006800000.0
2025-10-31,000001.SZ,10.96,1.87,26.689280801635995,0.0,0.5926903268707677,212688863450.08002,5248834000000.0,263926000000.0,46006800000.0
2025-11-03,000001.SZ,11.070000000000002,1.87,26.689280801635995,0.0,0.5926903268707677,214823514451.86005,5248834000000.0,263926000000.0,46006800000.0
2025-11-04,000001.SZ,11.23,1.87,26.689280801635995,0.0,0.5926903268707677,217928461363.54,5248834000000.0,263926000000.0,46006800000.0
2025-11-05,000001.SZ,11.16,1.87,26.689280801635995,0.0,0.5926903268707677,216570047089.68,5248834000000.0,263926000000.0,46006800000.0
2025-11-06,000001.SZ,11.15,1.87,26.689280801635995,0.0,0.5926903268707677,216375987907.7,5248834000000.0,263926000000.0,46006800000.0
2025-11-07,000001.SZ,11.190000000000001,1.87,26.689280801635995,0.0,0.5926903268707677,217152224635.62003,5248834000000.0,263926000000.0,46006800000.0
2025-11-10,000001.SZ,11.270000000000001,1.87,26.689280801635995,0.0,0.5926903268707677,218704698091.46002,5248834000000.0,263926000000.0,46006800000.0
2025-11-11,000001.SZ,11.31,1.87,26.689280801635995,0.0,0.5926903268707677,219480934819.38,5248834000000.0,263926000000.0,46006800000.0
2025-11-12,000001.SZ,11.32,1.87,26.689280801635995,0.0,0.5926903268707677,219674994001.36002,5248834000000.0,263926000000.0,46006800000.0
2025-11-13,000001.SZ,11.340000000000002,1.87,26.689280801635995,0.0,0.5926903268707677,220063112365.32004,5248834000000.0,263926000000.0,46006800000.0
2025-11-14,000001.SZ,11.39,1.87,26.689280801635995,0.0,0.5926903268707677,221033408275.22,5248834000000.0,263926000000.0,46006800000.0
2025-11-17,000001.SZ,11.310000000000002,1.87,26.689280801635995,0.0,0.5926903268707677,219480934819.38004,5248834000000.0,263926000000.0,46006800000.0
2025-11-18,000001.SZ,11.23,1.87,26.689280801635995,0.0,0.5926903268707677,217928461363.54,5248834000000.0,263926000000.0,46006800000.0
2025-11-19,000001.SZ,11.440000000000001,1.87,26.689280801635995,0.0,0.5926903268707677,222003704185.12003,5248834000000.0,263926000000.0,46006800000.0
2025-11-20,000001.SZ,11.49,1.87,26.689280801635995,0.0,0.5926903268707677,222974000095.02,5248834000000.0,263926000000.0,46006800000.0
2025-11-21,000001.SZ,11.33,1.87,26.689280801635995,0.0,0.5926903268707677,219869053183.34,5248834000000.0,263926000000.0,46006800000.0
2025-11-24,000001.SZ,11.24,1.87,26.689280801635995,0.0,0.5926903268707677,218122520545.52,5248834000000.0,263926000000.0,46006800000.0
2025-11-25,000001.SZ,11.440000000000001,1.87,26.689280801635995,0.0,0.5926903268707677,222003704185.12003,5248834000000.0,263926000000.0,46006800000.0
2025-11-26,000001.SZ,11.33,1.87,26.689280801635995,0.0,0.5926903268707677,219869053183.34,5248834000000.0,263926000000.0,46006800000.0
2025-11-27,000001.SZ,11.350000000000001,1.87,26.689280801635995,0.0,0.5926903268707677,220257171547.30002,5248834000000.0,263926000000.0,46006800000.0
2025-11-28,000001.SZ,11.25,1.87,26.689280801635995,0.0,0.5926903268707677,218316579727.5,5248834000000.0,263926000000.0,46006800000.0
2025-12-01,000001.SZ,11.33,1.87,26.689280801635995,0.0,0.5926903268707677,219869053183.34,5248834000000.0,263926000000.0,46006800000.0
2025-12-02,000001.SZ,11.280000000000001,1.87,26.689280801635995,0.0,0.5926903268707677,218898757273.44003,5248834000000.0,263926000000.0,46006800000.0
2025-12-03,000001.SZ,11.190000000000001,1.87,26.689280801635995,0.0,0.5926903268707677,217152224635.62003,5248834000000.0,263926000000.0,46006800000.0
2025-12-04,000001.SZ,11.13,1.87,26.689280801635995,0.0,0.5926903268707677,215987869543.74002,5248834000000.0,263926000000.0,46006800000.0
2025-12-05,000001.SZ,11.170000000000002,1.87,26.689280801635995,0.0,0.5926903268707677,216764106271.66003,5248834000000.0,263926000000.0,46006800000.0
2025-12-08,000001.SZ,11.16,1.87,26.689280801635995,0.0,0.5926903268707677,216570047089.68,5248834000000.0,263926000000.0,46006800000.0
2025-12-09,000001.SZ,11.07,1.87,26.689280801635995,0.0,0.5926903268707677,214823514451.86002,5248834000000.0,263926000000.0,46006800000.0
2025-12-10,000001.SZ,10.97,1.87,26.689280801635995,0.0,0.5926903268707677,212882922632.06,5248834000000.0,263926000000.0,46006800000.0
2025-12-11,000001.SZ,11.010000000000002,1.87,26.689280801635995,0.0,0.5926903268707677,213659159359.98004,5248834000000.0,263926000000.0,46006800000.0
2025-12-12,000001.SZ,10.990000000000002,1.87,26.689280801635995,0.0,0.5926903268707677,213271040996.02005,5248834000000.0,263926000000.0,46006800000.0
2025-12-15,000001.SZ,11.15,1.87,26.689280801635995,0.0,0.5926903268707677,216375987907.7,5248834000000.0,263926000000.0,46006800000.0
2025-12-16,000001.SZ,11.12,1.87,26.689280801635995,0.0,0.5926903268707677,215793810361.75998,5248834000000.0,263926000000.0,46006800000.0
2025-12-17,000001.SZ,11.17,1.87,26.689280801635995,0.0,0.5926903268707677,216764106271.66,5248834000000.0,263926000000.0,46006800000.0
2025-12-18,000001.SZ,11.280000000000001,1.87,26.689280801635995,0.0,0.5926903268707677,218898757273.44003,5248834000000.0,263926000000.0,46006800000.0
2025-12-19,000001.SZ,11.26,1.87,26.689280801635995,0.0,0.5926903268707677,218510638909.48,5248834000000.0,263926000000.0,46006800000.0
2025-12-22,000001.SZ,11.16,1.87,26.689280801635995,0.0,0.5926903268707677,216570047089.68,5248834000000.0,263926000000.0,46006800000.0
2025-12-23,000001.SZ,11.200000000000001,1.87,26.689280801635995,0.0,0.5926903268707677,217346283817.6,5248834000000.0,263926000000.0,46006800000.0
2025-12-24,000001.SZ,11.180000000000001,1.87,26.689280801635995,0.0,0.5926903268707677,216958165453.64,5248834000000.0,263926000000.0,46006800000.0
2025-12-25,000001.SZ,11.2,1.87,26.689280801635995,0.0,0.5926903268707677,217346283817.59998,5248834000000.0,263926000000.0,46006800000.0
2025-12-26,000001.SZ,11.18,1.87,26.689280801635995,0.0,0.5926903268707677,216958165453.63998,5248834000000.0,263926000000.0,46006800000.0
2025-12-29,000001.SZ,11.200000000000001,1.87,26.689280801635995,0.0,0.5926903268707677,217346283817.6,5248834000000.0,263926000000.0,46006800000.0
2025-12-30,000001.SZ,11.120000000000001,1.87,26.689280801635995,0.0,0.5926903268707677,215793810361.76,5248834000000.0,263926000000.0,46006800000.0
2025-12-31,000001.SZ,11.05,2.07,28.40288175886497,0.0,0.6590721381747422,214435396087.90002,5374593000000.0,254225000000.0,51159600000.0
2026-01-05,000001.SZ,11.14,2.07,28.40288175886497,0.0,0.6590721381747422,216181928725.72,5374593000000.0,254225000000.0,51159600000.0
2026-01-06,000001.SZ,11.31,2.07,28.40288175886497,0.0,0.6590721381747422,219480934819.38,5374593000000.0,254225000000.0,51159600000.0
2026-01-07,000001.SZ,11.280000000000001,2.07,28.40288175886497,0.0,0.6590721381747422,218898757273.44003,5374593000000.0,254225000000.0,51159600000.0
2026-01-08,000001.SZ,11.15,2.07,28.40288175886497,0.0,0.6590721381747422,216375987907.7,5374593000000.0,254225000000.0,51159600000.0
2026-01-09,000001.SZ,11.1,2.07,28.40288175886497,0.0,0.6590721381747422,215405691997.8,5374593000000.0,254225000000.0,51159600000.0
2026-01-12,000001.SZ,11.120000000000001,2.07,28.40288175886497,0.0,0.6590721381747422,215793810361.76,5374593000000.0,254225000000.0,51159600000.0
2026-01-13,000001.SZ,11.11,2.07,28.40288175886497,0.0,0.6590721381747422,215599751179.78,5374593000000.0,254225000000.0,51159600000.0
2026-01-14,000001.SZ,11.0,2.07,28.40288175886497,0.0,0.6590721381747422,213465100178.0,5374593000000.0,254225000000.0,51159600000.0
2026-01-15,000001.SZ,10.950000000000001,2.07,28.40288175886497,0.0,0.6590721381747422,212494804268.1,5374593000000.0,254225000000.0,51159600000.0
2026-01-16,000001.SZ,10.83,2.07,28.40288175886497,0.0,0.6590721381747422,210166094084.34,5374593000000.0,254225000000.0,51159600000.0
2026-01-19,000001.SZ,10.76,2.07,28.40288175886497,0.0,0.6590721381747422,208807679810.48,5374593000000.0,254225000000.0,51159600000.0
2026-01-20,000001.SZ,10.8,2.07,28.40288175886497,0.0,0.6590721381747422,209583916538.40002,5374593000000.0,254225000000.0,51159600000.0
2026-01-21,000001.SZ,10.71,2.07,28.40288175886497,0.0,0.6590721381747422,207837383900.58002,5374593000000.0,254225000000.0,51159600000.0
2026-01-22,000001.SZ,10.71,2.07,28.40288175886497,0.0,0.6590721381747422,207837383900.58002,5374593000000.0,254225000000.0,51159600000.0
2026-01-23,000001.SZ,10.63,2.07,28.40288175886497,0.0,0.6590721381747422,206284910444.74002,5374593000000.0,254225000000.0,51159600000.0
2026-01-26,000001.SZ,10.6,2.07,28.40288175886497,0.0,0.6590721381747422,205702732898.8,5374593000000.0,254225000000.0,51159600000.0
2026-01-27,000001.SZ,10.58,2.07,28.40288175886497,0.0,0.6590721381747422,205314614534.84,5374593000000.0,254225000000.0,51159600000.0
2026-01-28,000001.SZ,10.48,2.07,28.40288175886497,0.0,0.6590721381747422,203374022715.04,5374593000000.0,254225000000.0,51159600000.0
2026-01-29,000001.SZ,10.600000000000001,2.07,28.40288175886497,0.0,0.6590721381747422,205702732898.80002,5374593000000.0,254225000000.0,51159600000.0
2026-01-30,000001.SZ,10.47,2.07,28.40288175886497,0.0,0.6590721381747422,203179963533.06,5374593000000.0,254225000000.0,51159600000.0
2026-02-02,000001.SZ,10.500000000000002,2.07,28.40288175886497,0.0,0.6590721381747422,203762141079.00003,5374593000000.0,254225000000.0,51159600000.0
2026-02-03,000001.SZ,10.48,2.07,28.40288175886497,0.0,0.6590721381747422,203374022715.04,5374593000000.0,254225000000.0,51159600000.0
2026-02-04,000001.SZ,10.610000000000001,2.07,28.40288175886497,0.0,0.6590721381747422,205896792080.78003,5374593000000.0,254225000000.0,51159600000.0
2026-02-05,000001.SZ,10.730000000000002,2.07,28.40288175886497,0.0,0.6590721381747422,208225502264.54004,5374593000000.0,254225000000.0,51159600000.0
2026-02-06,000001.SZ,10.690000000000001,2.07,28.40288175886497,0.0,0.6590721381747422,207449265536.62003,5374593000000.0,254225000000.0,51159600000.0
2026-02-09,000001.SZ,10.71,2.07,28.40288175886497,0.0,0.6590721381747422,207837383900.58002,5374593000000.0,254225000000.0,51159600000.0
2026-02-10,000001.SZ,10.7,2.07,28.40288175886497,0.0,0.6590721381747422,207643324718.59998,5374593000000.0,254225000000.0,51159600000.0
2026-02-11,000001.SZ,10.71,2.07,28.40288175886497,0.0,0.6590721381747422,207837383900.58002,5374593000000.0,254225000000.0,51159600000.0
2026-02-12,000001.SZ,10.6,2.07,28.40288175886497,0.0,0.6590721381747422,205702732898.8,5374593000000.0,254225000000.0,51159600000.0
2026-02-13,000001.SZ,10.55,2.07,28.40288175886497,0.0,0.6590721381747422,204732436988.90002,5374593000000.0,254225000000.0,51159600000.0
2026-02-24,000001.SZ,10.55,2.07,28.40288175886497,0.0,0.6590721381747422,204732436988.90002,5374593000000.0,254225000000.0,51159600000.0
2026-02-25,000001.SZ,10.5,2.07,28.40288175886497,0.0,0.6590721381747422,203762141079.0,5374593000000.0,254225000000.0,51159600000.0
2026-02-26,000001.SZ,10.510000000000002,2.07,28.40288175886497,0.0,0.6590721381747422,203956200260.98004,5374593000000.0,254225000000.0,51159600000.0
2026-02-27,000001.SZ,10.540000000000001,2.07,28.40288175886497,0.0,0.6590721381747422,204538377806.92,5374593000000.0,254225000000.0,51159600000.0
2026-03-02,000001.SZ,10.49,2.07,28.40288175886497,0.0,0.6590721381747422,203568081897.02,5374593000000.0,254225000000.0,51159600000.0
2026-03-03,000001.SZ,10.520000000000001,2.07,28.40288175886497,0.0,0.6590721381747422,204150259442.96002,5374593000000.0,254225000000.0,51159600000.0
2026-03-04,000001.SZ,10.35,2.07,28.40288175886497,0.0,0.6590721381747422,200851253349.3,5374593000000.0,254225000000.0,51159600000.0
2026-03-05,000001.SZ,10.450000000000001,2.07,28.40288175886497,0.0,0.6590721381747422,202791845169.1,5374593000000.0,254225000000.0,51159600000.0
2026-03-06,000001.SZ,10.46,2.07,28.40288175886497,0.0,0.6590721381747422,202985904351.08002,5374593000000.0,254225000000.0,51159600000.0
2026-03-09,000001.SZ,10.4,2.07,28.40288175886497,0.0,0.6590721381747422,201821549259.2,5374593000000.0,254225000000.0,51159600000.0
2026-03-10,000001.SZ,10.450000000000001,2.07,28.40288175886497,0.0,0.6590721381747422,202791845169.1,5374593000000.0,254225000000.0,51159600000.0
2026-03-11,000001.SZ,10.53,2.07,28.40288175886497,0.0,0.6590721381747422,204344318624.94,5374593000000.0,254225000000.0,51159600000.0
2026-03-12,000001.SZ,10.58,2.07,28.40288175886497,0.0,0.6590721381747422,205314614534.84,5374593000000.0,254225000000.0,51159600000.0
2026-03-13,000001.SZ,10.570000000000002,2.07,28.40288175886497,0.0,0.6590721381747422,205120555352.86005,5374593000000.0,254225000000.0,51159600000.0
2026-03-16,000001.SZ,10.56,2.07,28.40288175886497,0.0,0.6590721381747422,204926496170.88,5374593000000.0,254225000000.0,51159600000.0
2026-03-17,000001.SZ,10.670000000000002,2.07,28.40288175886497,0.0,0.6590721381747422,207061147172.66003,5374593000000.0,254225000000.0,51159600000.0
2026-03-18,000001.SZ,10.600000000000001,2.07,28.40288175886497,0.0,0.6590721381747422,205702732898.80002,5374593000000.0,254225000000.0,51159600000.0
2026-03-19,000001.SZ,10.52,2.07,28.40288175886497,0.0,0.6590721381747422,204150259442.96,5374593000000.0,254225000000.0,51159600000.0
2026-03-20,000001.SZ,10.41,2.07,28.40288175886497,0.0,0.6590721381747422,202015608441.18,5374593000000.0,254225000000.0,51159600000.0
2026-03-23,000001.SZ,10.09,2.07,28.40288175886497,0.0,0.6590721381747422,195805714617.82,5374593000000.0,254225000000.0,51159600000.0
2026-03-24,000001.SZ,10.52,2.07,28.40288175886497,0.0,0.6590721381747422,204150259442.96,5374593000000.0,254225000000.0,51159600000.0
2026-03-25,000001.SZ,10.580000000000002,2.07,28.40288175886497,0.0,0.6590721381747422,205314614534.84003,5374593000000.0,254225000000.0,51159600000.0
2026-03-26,000001.SZ,10.58,2.07,28.40288175886497,0.0,0.6590721381747422,205314614534.84,5374593000000.0,254225000000.0,51159600000.0
2026-03-27,000001.SZ,10.66,2.07,28.40288175886497,0.0,0.6590721381747422,206867087990.68,5374593000000.0,254225000000.0,51159600000.0
2026-03-30,000001.SZ,10.63,2.07,28.40288175886497,0.0,0.6590721381747422,206284910444.74002,5374593000000.0,254225000000.0,51159600000.0
2026-03-31,000001.SZ,10.72,0.67,28.036962459012834,0.0,0.22451398359748975,208031443082.56,5489879000000.0,260145000000.0,17427600000.0
2026-04-01,000001.SZ,10.790000000000001,0.67,28.036962459012834,0.0,0.22451398359748975,209389857356.42,5489879000000.0,260145000000.0,17427600000.0
2026-04-02,000001.SZ,10.910000000000002,0.67,28.036962459012834,0.0,0.22451398359748975,211718567540.18002,5489879000000.0,260145000000.0,17427600000.0
2026-04-03,000001.SZ,10.76,0.67,28.036962459012834,0.0,0.22451398359748975,208807679810.48,5489879000000.0,260145000000.0,17427600000.0
2026-04-07,000001.SZ,10.670000000000002,0.67,28.036962459012834,0.0,0.22451398359748975,207061147172.66003,5489879000000.0,260145000000.0,17427600000.0
2026-04-08,000001.SZ,10.860000000000001,0.67,28.036962459012834,0.0,0.22451398359748975,210748271630.28003,5489879000000.0,260145000000.0,17427600000.0
2026-04-09,000001.SZ,10.74,0.67,28.036962459012834,0.0,0.22451398359748975,208419561446.52,5489879000000.0,260145000000.0,17427600000.0
2026-04-10,000001.SZ,10.73,0.67,28.036962459012834,0.0,0.22451398359748975,208225502264.54,5489879000000.0,260145000000.0,17427600000.0
2026-04-13,000001.SZ,10.709999999999999,0.67,28.036962459012834,0.0,0.22451398359748975,207837383900.58,5489879000000.0,260145000000.0,17427600000.0
2026-04-14,000001.SZ,10.81,0.67,28.036962459012834,0.0,0.22451398359748975,209777975720.38,5489879000000.0,260145000000.0,17427600000.0
2026-04-15,000001.SZ,10.850000000000001,0.67,28.036962459012834,0.0,0.22451398359748975,210554212448.30002,5489879000000.0,260145000000.0,17427600000.0
2026-04-16,000001.SZ,10.73,0.67,28.036962459012834,0.0,0.22451398359748975,208225502264.54,5489879000000.0,260145000000.0,17427600000.0
2026-04-17,000001.SZ,10.65,0.67,28.036962459012834,0.0,0.22451398359748975,206673028808.7,5489879000000.0,260145000000.0,17427600000.0
2026-04-20,000001.SZ,10.700000000000001,0.67,28.036962459012834,0.0,0.22451398359748975,207643324718.6,5489879000000.0,260145000000.0,17427600000.0
2026-04-21,000001.SZ,10.72,0.67,28.036962459012834,0.0,0.22451398359748975,208031443082.56,5489879000000.0,260145000000.0,17427600000.0
2026-04-22,000001.SZ,10.620000000000001,0.67,28.036962459012834,0.0,0.22451398359748975,206090851262.76,5489879000000.0,260145000000.0,17427600000.0
2026-04-23,000001.SZ,10.64,0.67,28.036962459012834,0.0,0.22451398359748975,206478969626.72,5489879000000.0,260145000000.0,17427600000.0
2026-04-24,000001.SZ,10.64,0.67,28.036962459012834,0.0,0.22451398359748975,206478969626.72,5489879000000.0,260145000000.0,17427600000.0
2026-04-27,000001.SZ,11.020000000000001,0.67,28.036962459012834,0.0,0.22451398359748975,213853218541.96002,5489879000000.0,260145000000.0,17427600000.0
2026-04-28,000001.SZ,11.100000000000001,0.67,28.036962459012834,0.0,0.22451398359748975,215405691997.80002,5489879000000.0,260145000000.0,17427600000.0
2026-04-29,000001.SZ,11.160000000000002,0.67,28.036962459012834,0.0,0.22451398359748975,216570047089.68002,5489879000000.0,260145000000.0,17427600000.0
2026-04-30,000001.SZ,11.13,0.67,28.036962459012834,0.0,0.22451398359748975,215987869543.74002,5489879000000.0,260145000000.0,17427600000.0
2026-05-06,000001.SZ,11.000000000000002,0.67,28.036962459012834,0.0,0.22451398359748975,213465100178.00003,5489879000000.0,260145000000.0,17427600000.0
2026-05-07,000001.SZ,11.010000000000002,0.67,28.036962459012834,0.0,0.22451398359748975,213659159359.98004,5489879000000.0,260145000000.0,17427600000.0
2026-05-08,000001.SZ,10.940000000000001,0.67,28.036962459012834,0.0,0.22451398359748975,212300745086.12003,5489879000000.0,260145000000.0,17427600000.0
2026-05-11,000001.SZ,10.92,0.67,28.036962459012834,0.0,0.22451398359748975,211912626722.16,5489879000000.0,260145000000.0,17427600000.0
2026-05-12,000001.SZ,10.89,0.67,28.036962459012834,0.0,0.22451398359748975,211330449176.22,5489879000000.0,260145000000.0,17427600000.0
2026-05-13,000001.SZ,10.78,0.67,28.036962459012834,0.0,0.22451398359748975,209195798174.44,5489879000000.0,260145000000.0,17427600000.0
2026-05-14,000001.SZ,10.690000000000001,0.67,28.036962459012834,0.0,0.22451398359748975,207449265536.62003,5489879000000.0,260145000000.0,17427600000.0
2026-05-15,000001.SZ,10.63,0.67,28.036962459012834,0.0,0.22451398359748975,206284910444.74002,5489879000000.0,260145000000.0,17427600000.0
2026-05-18,000001.SZ,10.5,0.67,28.036962459012834,0.0,0.22451398359748975,203762141079.0,5489879000000.0,260145000000.0,17427600000.0
2026-05-19,000001.SZ,10.5,0.67,28.036962459012834,0.0,0.22451398359748975,203762141079.0,5489879000000.0,260145000000.0,17427600000.0
2026-05-20,000001.SZ,10.41,0.67,28.036962459012834,0.0,0.22451398359748975,202015608441.18,5489879000000.0,260145000000.0,17427600000.0
2026-05-21,000001.SZ,10.34,0.67,28.036962459012834,0.0,0.22451398359748975,200657194167.32,5489879000000.0,260145000000.0,17427600000.0
2026-05-22,000001.SZ,10.32,0.67,28.036962459012834,0.0,0.22451398359748975,200269075803.36002,5489879000000.0,260145000000.0,17427600000.0
2026-05-25,000001.SZ,10.32,0.67,28.036962459012834,0.0,0.22451398359748975,200269075803.36002,5489879000000.0,260145000000.0,17427600000.0
2026-05-26,000001.SZ,10.430000000000001,0.67,28.036962459012834,0.0,0.22451398359748975,202403726805.14,5489879000000.0,260145000000.0,17427600000.0
2026-05-27,000001.SZ,10.4,0.67,28.036962459012834,0.0,0.22451398359748975,201821549259.2,5489879000000.0,260145000000.0,17427600000.0
2026-05-28,000001.SZ,10.3,0.67,28.036962459012834,0.0,0.22451398359748975,199880957439.40002,5489879000000.0,260145000000.0,17427600000.0
2026-05-29,000001.SZ,10.570000000000002,0.67,28.036962459012834,0.0,0.22451398359748975,205120555352.86005,5489879000000.0,260145000000.0,17427600000.0
2024-04-01,601899.SH,15.69,0.238,4.387886578402315,0.0,0.07063567145901431,417208312419.18,207476042995.0,21148086273.0,7513011927.599999
2024-04-02,601899.SH,15.770000000000001,0.238,4.387886578402315,0.0,0.07063567145901431,419335569588.94006,207476042995.0,21148086273.0,7513011927.599999
2024-04-03,601899.SH,16.330000000000002,0.238,4.387886578402315,0.0,0.07063567145901431,434226369777.2601,207476042995.0,21148086273.0,7513011927.599999
2024-04-08,601899.SH,16.12,0.238,4.387886578402315,0.0,0.07063567145901431,428642319706.64,207476042995.0,21148086273.0,7513011927.599999
2024-04-09,601899.SH,15.829999999999997,0.238,4.387886578402315,0.0,0.07063567145901431,420931012466.2599,207476042995.0,21148086273.0,7513011927.599999
2024-04-10,601899.SH,16.810000000000002,0.238,4.387886578402315,0.0,0.07063567145901431,446989912795.82007,207476042995.0,21148086273.0,7513011927.599999
2024-04-11,601899.SH,16.810000000000002,0.238,4.387886578402315,0.0,0.07063567145901431,446989912795.82007,207476042995.0,21148086273.0,7513011927.599999
2024-04-12,601899.SH,17.21,0.238,4.387886578402315,0.0,0.07063567145901431,457626198644.62,207476042995.0,21148086273.0,7513011927.599999
2024-04-15,601899.SH,17.28,0.238,4.387886578402315,0.0,0.07063567145901431,459487548668.16003,207476042995.0,21148086273.0,7513011927.599999
2024-04-16,601899.SH,16.76,0.238,4.387886578402315,0.0,0.07063567145901431,445660377064.72003,207476042995.0,21148086273.0,7513011927.599999
2024-04-17,601899.SH,16.900000000000002,0.238,4.387886578402315,0.0,0.07063567145901431,449383077111.80005,207476042995.0,21148086273.0,7513011927.599999
2024-04-18,601899.SH,17.29,0.238,4.387886578402315,0.0,0.07063567145901431,459753455814.38,207476042995.0,21148086273.0,7513011927.599999
2024-04-19,601899.SH,17.450000000000003,0.238,4.387886578402315,0.0,0.07063567145901431,464007970153.9001,207476042995.0,21148086273.0,7513011927.599999
2024-04-22,601899.SH,16.62,0.238,4.387886578402315,0.0,0.07063567145901431,441937677017.64,207476042995.0,21148086273.0,7513011927.599999
2024-04-23,601899.SH,15.859999999999998,0.238,4.387886578402315,0.0,0.07063567145901431,421728733904.9199,207476042995.0,21148086273.0,7513011927.599999
2024-04-24,601899.SH,16.36,0.238,4.387886578402315,0.0,0.07063567145901431,435024091215.92,207476042995.0,21148086273.0,7513011927.599999
2024-04-25,601899.SH,16.22,0.238,4.387886578402315,0.0,0.07063567145901431,431301391168.83997,207476042995.0,21148086273.0,7513011927.599999
2024-04-26,601899.SH,17.09,0.238,4.387886578402315,0.0,0.07063567145901431,454435312889.98,207476042995.0,21148086273.0,7513011927.599999
2024-04-29,601899.SH,16.48,0.238,4.387886578402315,0.0,0.07063567145901431,438214976970.56,207476042995.0,21148086273.0,7513011927.599999
2024-04-30,601899.SH,16.43,0.238,4.387886578402315,0.0,0.07063567145901431,436885441239.46,207476042995.0,21148086273.0,7513011927.599999
2024-05-06,601899.SH,16.34,0.238,4.387886578402315,0.0,0.07063567145901431,434492276923.48,207476042995.0,21148086273.0,7513011927.599999
2024-05-07,601899.SH,16.27,0.238,4.387886578402315,0.0,0.07063567145901431,432630926899.94,207476042995.0,21148086273.0,7513011927.599999
2024-05-08,601899.SH,16.270000000000003,0.238,4.387886578402315,0.0,0.07063567145901431,432630926899.94006,207476042995.0,21148086273.0,7513011927.599999
2024-05-09,601899.SH,16.53,0.238,4.387886578402315,0.0,0.07063567145901431,439544512701.66003,207476042995.0,21148086273.0,7513011927.599999
2024-05-10,601899.SH,17.060000000000002,0.238,4.387886578402315,0.0,0.07063567145901431,453637591451.32007,207476042995.0,21148086273.0,7513011927.599999
2024-05-13,601899.SH,17.000000000000004,0.238,4.387886578402315,0.0,0.07063567145901431,452042148574.0001,207476042995.0,21148086273.0,7513011927.599999
2024-05-14,601899.SH,17.31,0.238,4.387886578402315,0.0,0.07063567145901431,460285270106.81995,207476042995.0,21148086273.0,7513011927.599999
2024-05-15,601899.SH,17.12,0.238,4.387886578402315,0.0,0.07063567145901431,455233034328.64,207476042995.0,21148086273.0,7513011927.599999
2024-05-16,601899.SH,17.09,0.238,4.387886578402315,0.0,0.07063567145901431,454435312889.98,207476042995.0,21148086273.0,7513011927.599999
2024-05-17,601899.SH,17.6,0.238,4.387886578402315,0.0,0.07063567145901431,467996577347.2,207476042995.0,21148086273.0,7513011927.599999
2024-05-20,601899.SH,18.29,0.238,4.387886578402315,0.0,0.07063567145901431,486344170436.38,207476042995.0,21148086273.0,7513011927.599999
2024-05-21,601899.SH,17.47,0.238,4.387886578402315,0.0,0.07063567145901431,464539784446.33997,207476042995.0,21148086273.0,7513011927.599999
2024-05-22,601899.SH,17.250000000000004,0.238,4.387886578402315,0.0,0.07063567145901431,458689827229.5001,207476042995.0,21148086273.0,7513011927.599999
2024-05-23,601899.SH,16.66,0.238,4.387886578402315,0.0,0.07063567145901431,443001305602.52,207476042995.0,21148086273.0,7513011927.599999
2024-05-24,601899.SH,16.64,0.238,4.387886578402315,0.0,0.07063567145901431,442469491310.08,207476042995.0,21148086273.0,7513011927.599999
2024-05-27,601899.SH,17.020000000000003,0.238,4.387886578402315,0.0,0.07063567145901431,452573962866.44006,207476042995.0,21148086273.0,7513011927.599999
2024-05-28,601899.SH,16.87,0.238,4.387886578402315,0.0,0.07063567145901431,448585355673.14,207476042995.0,21148086273.0,7513011927.599999
2024-05-29,601899.SH,17.27,0.238,4.387886578402315,0.0,0.07063567145901431,459221641521.94,207476042995.0,21148086273.0,7513011927.599999
2024-05-30,601899.SH,16.46,0.238,4.387886578402315,0.0,0.07063567145901431,437683162678.12,207476042995.0,21148086273.0,7513011927.599999
2024-05-31,601899.SH,16.23,0.238,4.387886578402315,0.0,0.07063567145901431,431567298315.06,207476042995.0,21148086273.0,7513011927.599999
2024-06-03,601899.SH,16.150000000000002,0.238,4.387886578402315,0.0,0.07063567145901431,429440041145.30005,207476042995.0,21148086273.0,7513011927.599999
2024-06-04,601899.SH,16.24,0.238,4.387886578402315,0.0,0.07063567145901431,431833205461.27997,207476042995.0,21148086273.0,7513011927.599999
2024-06-05,601899.SH,15.87,0.238,4.387886578402315,0.0,0.07063567145901431,421994641051.13995,207476042995.0,21148086273.0,7513011927.599999
2024-06-06,601899.SH,16.410000000000004,0.238,4.387886578402315,0.0,0.07063567145901431,436353626947.0201,207476042995.0,21148086273.0,7513011927.599999
2024-06-07,601899.SH,16.58,0.238,4.387886578402315,0.0,0.07063567145901431,440874048432.75995,207476042995.0,21148086273.0,7513011927.599999
2024-06-11,601899.SH,16.02,0.238,4.387886578402315,0.0,0.07063567145901431,425983248244.44,207476042995.0,21148086273.0,7513011927.599999
2024-06-12,601899.SH,16.23,0.238,4.387886578402315,0.0,0.07063567145901431,431567298315.06,207476042995.0,21148086273.0,7513011927.599999
2024-06-13,601899.SH,15.83,0.238,4.387886578402315,0.0,0.07063567145901431,420931012466.26,207476042995.0,21148086273.0,7513011927.599999
2024-06-14,601899.SH,16.11,0.238,4.387886578402315,0.0,0.07063567145901431,428376412560.42,207476042995.0,21148086273.0,7513011927.599999
2024-06-17,601899.SH,16.060000000000002,0.238,4.387886578402315,0.0,0.07063567145901431,427046876829.32007,207476042995.0,21148086273.0,7513011927.599999
2024-06-18,601899.SH,15.939999999999996,0.238,4.387886578402315,0.0,0.07063567145901431,423855991074.6799,207476042995.0,21148086273.0,7513011927.599999
2024-06-19,601899.SH,16.34,0.238,4.387886578402315,0.0,0.07063567145901431,434492276923.48,207476042995.0,21148086273.0,7513011927.599999
2024-06-20,601899.SH,16.580000000000002,0.238,4.387886578402315,0.0,0.07063567145901431,440874048432.7601,207476042995.0,21148086273.0,7513011927.599999
2024-06-21,601899.SH,16.34,0.238,4.387886578402315,0.0,0.07063567145901431,434492276923.48,207476042995.0,21148086273.0,7513011927.599999
2024-06-24,601899.SH,16.49,0.238,4.387886578402315,0.0,0.07063567145901431,438480884116.77997,207476042995.0,21148086273.0,7513011927.599999
2024-06-25,601899.SH,16.369999999999997,0.238,4.387886578402315,0.0,0.07063567145901431,435289998362.13995,207476042995.0,21148086273.0,7513011927.599999
2024-06-26,601899.SH,16.279999999999998,0.238,4.387886578402315,0.0,0.07063567145901431,432896834046.1599,207476042995.0,21148086273.0,7513011927.599999
2024-06-27,601899.SH,15.92,0.238,4.387886578402315,0.0,0.07063567145901431,423324176782.24,207476042995.0,21148086273.0,7513011927.599999
2024-06-28,601899.SH,16.59,0.238,4.387886578402315,0.0,0.07063567145901431,441139955578.98,207476042995.0,21148086273.0,7513011927.599999
2024-07-01,601899.SH,17.060000000000002,0.574,4.755117391068062,0.0,0.17018405716918755,453637591451.32007,208983707071.0,25190025947.0,18101262789.6
2024-07-02,601899.SH,16.86,0.574,4.755117391068062,0.0,0.17018405716918755,448319448526.92,208983707071.0,25190025947.0,18101262789.6
2024-07-03,601899.SH,16.91,0.574,4.755117391068062,0.0,0.17018405716918755,449648984258.02,208983707071.0,25190025947.0,18101262789.6
2024-07-04,601899.SH,17.19,0.574,4.755117391068062,0.0,0.17018405716918755,457094384352.18005,208983707071.0,25190025947.0,18101262789.6
2024-07-05,601899.SH,17.66,0.574,4.755117391068062,0.0,0.17018405716918755,469592020224.52,208983707071.0,25190025947.0,18101262789.6
2024-07-08,601899.SH,17.470000000000002,0.574,4.755117391068062,0.0,0.17018405716918755,464539784446.3401,208983707071.0,25190025947.0,18101262789.6
2024-07-09,601899.SH,17.84,0.574,4.755117391068062,0.0,0.17018405716918755,474378348856.48,208983707071.0,25190025947.0,18101262789.6
2024-07-10,601899.SH,17.400000000000002,0.574,4.755117391068062,0.0,0.17018405716918755,462678434422.80005,208983707071.0,25190025947.0,18101262789.6
2024-07-11,601899.SH,17.89,0.574,4.755117391068062,0.0,0.17018405716918755,475707884587.58,208983707071.0,25190025947.0,18101262789.6
2024-07-12,601899.SH,17.5,0.574,4.755117391068062,0.0,0.17018405716918755,465337505885.0,208983707071.0,25190025947.0,18101262789.6
2024-07-15,601899.SH,17.84,0.574,4.755117391068062,0.0,0.17018405716918755,474378348856.48,208983707071.0,25190025947.0,18101262789.6
2024-07-16,601899.SH,18.23,0.574,4.755117391068062,0.0,0.17018405716918755,484748727559.06,208983707071.0,25190025947.0,18101262789.6
2024-07-17,601899.SH,17.490000000000002,0.574,4.755117391068062,0.0,0.17018405716918755,465071598738.78,208983707071.0,25190025947.0,18101262789.6
2024-07-18,601899.SH,17.47,0.574,4.755117391068062,0.0,0.17018405716918755,464539784446.33997,208983707071.0,25190025947.0,18101262789.6
2024-07-19,601899.SH,16.959999999999997,0.574,4.755117391068062,0.0,0.17018405716918755,450978519989.11993,208983707071.0,25190025947.0,18101262789.6
2024-07-22,601899.SH,16.62,0.574,4.755117391068062,0.0,0.17018405716918755,441937677017.64,208983707071.0,25190025947.0,18101262789.6
2024-07-23,601899.SH,15.539999999999996,0.574,4.755117391068062,0.0,0.17018405716918755,413219705225.8799,208983707071.0,25190025947.0,18101262789.6
2024-07-24,601899.SH,15.549999999999994,0.574,4.755117391068062,0.0,0.17018405716918755,413485612372.09985,208983707071.0,25190025947.0,18101262789.6
2024-07-25,601899.SH,14.450000000000001,0.574,4.755117391068062,0.0,0.17018405716918755,384235826287.9,208983707071.0,25190025947.0,18101262789.6
2024-07-26,601899.SH,14.87,0.574,4.755117391068062,0.0,0.17018405716918755,395403926429.13995,208983707071.0,25190025947.0,18101262789.6
2024-07-29,601899.SH,15.129999999999997,0.574,4.755117391068062,0.0,0.17018405716918755,402317512230.8599,208983707071.0,25190025947.0,18101262789.6
2024-07-30,601899.SH,14.93,0.574,4.755117391068062,0.0,0.17018405716918755,396999369306.46,208983707071.0,25190025947.0,18101262789.6
2024-07-31,601899.SH,15.599999999999998,0.574,4.755117391068062,0.0,0.17018405716918755,414815148103.19995,208983707071.0,25190025947.0,18101262789.6
2024-08-01,601899.SH,15.649999999999997,0.574,4.755117391068062,0.0,0.17018405716918755,416144683834.2999,208983707071.0,25190025947.0,18101262789.6
2024-08-02,601899.SH,14.98,0.574,4.755117391068062,0.0,0.17018405716918755,398328905037.56,208983707071.0,25190025947.0,18101262789.6
2024-08-05,601899.SH,14.65,0.574,4.755117391068062,0.0,0.17018405716918755,389553969212.3,208983707071.0,25190025947.0,18101262789.6
2024-08-06,601899.SH,14.37,0.574,4.755117391068062,0.0,0.17018405716918755,382108569118.13995,208983707071.0,25190025947.0,18101262789.6
2024-08-07,601899.SH,14.5,0.574,4.755117391068062,0.0,0.17018405716918755,385565362019.0,208983707071.0,25190025947.0,18101262789.6
2024-08-08,601899.SH,14.23,0.574,4.755117391068062,0.0,0.17018405716918755,378385869071.06,208983707071.0,25190025947.0,18101262789.6
2024-08-09,601899.SH,14.459999999999999,0.574,4.755117391068062,0.0,0.17018405716918755,384501733434.12,208983707071.0,25190025947.0,18101262789.6
2024-08-12,601899.SH,14.479999999999999,0.574,4.755117391068062,0.0,0.17018405716918755,385033547726.55994,208983707071.0,25190025947.0,18101262789.6
2024-08-13,601899.SH,14.66,0.574,4.755117391068062,0.0,0.17018405716918755,389819876358.52,208983707071.0,25190025947.0,18101262789.6
2024-08-14,601899.SH,14.52,0.574,4.755117391068062,0.0,0.17018405716918755,386097176311.44,208983707071.0,25190025947.0,18101262789.6
2024-08-15,601899.SH,14.7,0.574,4.755117391068062,0.0,0.17018405716918755,390883504943.39996,208983707071.0,25190025947.0,18101262789.6
2024-08-16,601899.SH,14.99,0.574,4.755117391068062,0.0,0.17018405716918755,398594812183.78,208983707071.0,25190025947.0,18101262789.6
2024-08-19,601899.SH,15.339999999999998,0.574,4.755117391068062,0.0,0.17018405716918755,407901562301.4799,208983707071.0,25190025947.0,18101262789.6
2024-08-20,601899.SH,15.17,0.574,4.755117391068062,0.0,0.17018405716918755,403381140815.74,208983707071.0,25190025947.0,18101262789.6
2024-08-21,601899.SH,15.28,0.574,4.755117391068062,0.0,0.17018405716918755,406306119424.16,208983707071.0,25190025947.0,18101262789.6
2024-08-22,601899.SH,15.290000000000001,0.574,4.755117391068062,0.0,0.17018405716918755,406572026570.38,208983707071.0,25190025947.0,18101262789.6
2024-08-23,601899.SH,15.179999999999998,0.574,4.755117391068062,0.0,0.17018405716918755,403647047961.95996,208983707071.0,25190025947.0,18101262789.6
2024-08-26,601899.SH,15.33,0.574,4.755117391068062,0.0,0.17018405716918755,407635655155.26,208983707071.0,25190025947.0,18101262789.6
2024-08-27,601899.SH,15.19,0.574,4.755117391068062,0.0,0.17018405716918755,403912955108.18,208983707071.0,25190025947.0,18101262789.6
2024-08-28,601899.SH,14.94,0.574,4.755117391068062,0.0,0.17018405716918755,397265276452.68,208983707071.0,25190025947.0,18101262789.6
2024-08-29,601899.SH,15.05,0.574,4.755117391068062,0.0,0.17018405716918755,400190255061.10004,208983707071.0,25190025947.0,18101262789.6
2024-08-30,601899.SH,15.12,0.574,4.755117391068062,0.0,0.17018405716918755,402051605084.63995,208983707071.0,25190025947.0,18101262789.6
2024-09-02,601899.SH,14.73,0.574,4.755117391068062,0.0,0.17018405716918755,391681226382.06,208983707071.0,25190025947.0,18101262789.6
2024-09-03,601899.SH,14.61,0.574,4.755117391068062,0.0,0.17018405716918755,388490340627.42,208983707071.0,25190025947.0,18101262789.6
2024-09-04,601899.SH,13.799999999999999,0.574,4.755117391068062,0.0,0.17018405716918755,366951861783.6,208983707071.0,25190025947.0,18101262789.6
2024-09-05,601899.SH,13.8,0.574,4.755117391068062,0.0,0.17018405716918755,366951861783.60004,208983707071.0,25190025947.0,18101262789.6
2024-09-06,601899.SH,13.88,0.574,4.755117391068062,0.0,0.17018405716918755,369079118953.36005,208983707071.0,25190025947.0,18101262789.6
2024-09-09,601899.SH,13.27,0.574,4.755117391068062,0.0,0.17018405716918755,352858783033.94,208983707071.0,25190025947.0,18101262789.6
2024-09-10,601899.SH,13.34,0.574,4.755117391068062,0.0,0.17018405716918755,354720133057.48,208983707071.0,25190025947.0,18101262789.6
2024-09-11,601899.SH,13.32,0.574,4.755117391068062,0.0,0.17018405716918755,354188318765.04,208983707071.0,25190025947.0,18101262789.6
2024-09-12,601899.SH,13.32,0.574,4.755117391068062,0.0,0.17018405716918755,354188318765.04,208983707071.0,25190025947.0,18101262789.6
2024-09-13,601899.SH,13.799999999999999,0.574,4.755117391068062,0.0,0.17018405716918755,366951861783.6,208983707071.0,25190025947.0,18101262789.6
2024-09-18,601899.SH,14.159999999999998,0.574,4.755117391068062,0.0,0.17018405716918755,376524519047.51996,208983707071.0,25190025947.0,18101262789.6
2024-09-19,601899.SH,14.52,0.574,4.755117391068062,0.0,0.17018405716918755,386097176311.44,208983707071.0,25190025947.0,18101262789.6
2024-09-20,601899.SH,15.0,0.574,4.755117391068062,0.0,0.17018405716918755,398860719330.0,208983707071.0,25190025947.0,18101262789.6
2024-09-23,601899.SH,14.94,0.574,4.755117391068062,0.0,0.17018405716918755,397265276452.68,208983707071.0,25190025947.0,18101262789.6
2024-09-24,601899.SH,15.629999999999997,0.574,4.755117391068062,0.0,0.17018405716918755,415612869541.8599,208983707071.0,25190025947.0,18101262789.6
2024-09-25,601899.SH,16.04,0.574,4.755117391068062,0.0,0.17018405716918755,426515062536.88,208983707071.0,25190025947.0,18101262789.6
2024-09-26,601899.SH,16.490000000000002,0.574,4.755117391068062,0.0,0.17018405716918755,438480884116.78,208983707071.0,25190025947.0,18101262789.6
2024-09-27,601899.SH,16.63,0.574,4.755117391068062,0.0,0.17018405716918755,442203584163.86,208983707071.0,25190025947.0,18101262789.6
2024-09-30,601899.SH,17.26,0.923,5.045467504622825,0.0,0.27480411038875613,458955734375.72003,209378880554.0,26184654709.0,29228950705.2
2024-10-08,601899.SH,17.080000000000002,0.923,5.045467504622825,0.0,0.27480411038875613,454169405743.7601,209378880554.0,26184654709.0,29228950705.2
2024-10-09,601899.SH,16.05,0.923,5.045467504622825,0.0,0.27480411038875613,426780969683.10004,209378880554.0,26184654709.0,29228950705.2
2024-10-10,601899.SH,16.470000000000002,0.923,5.045467504622825,0.0,0.27480411038875613,437949069824.3401,209378880554.0,26184654709.0,29228950705.2
2024-10-11,601899.SH,16.360000000000003,0.923,5.045467504622825,0.0,0.27480411038875613,435024091215.9201,209378880554.0,26184654709.0,29228950705.2
2024-10-14,601899.SH,16.790000000000003,0.923,5.045467504622825,0.0,0.27480411038875613,446458098503.38007,209378880554.0,26184654709.0,29228950705.2
2024-10-15,601899.SH,16.25,0.923,5.045467504622825,0.0,0.27480411038875613,432099112607.5,209378880554.0,26184654709.0,29228950705.2
2024-10-16,601899.SH,16.57,0.923,5.045467504622825,0.0,0.27480411038875613,440608141286.54,209378880554.0,26184654709.0,29228950705.2
2024-10-17,601899.SH,16.26,0.923,5.045467504622825,0.0,0.27480411038875613,432365019753.72003,209378880554.0,26184654709.0,29228950705.2
2024-10-18,601899.SH,16.75,0.923,5.045467504622825,0.0,0.27480411038875613,445394469918.5,209378880554.0,26184654709.0,29228950705.2
2024-10-21,601899.SH,17.340000000000003,0.923,5.045467504622825,0.0,0.27480411038875613,461082991545.4801,209378880554.0,26184654709.0,29228950705.2
2024-10-22,601899.SH,17.17,0.923,5.045467504622825,0.0,0.27480411038875613,456562570059.74005,209378880554.0,26184654709.0,29228950705.2
2024-10-23,601899.SH,16.970000000000002,0.923,5.045467504622825,0.0,0.27480411038875613,451244427135.3401,209378880554.0,26184654709.0,29228950705.2
2024-10-24,601899.SH,16.610000000000003,0.923,5.045467504622825,0.0,0.27480411038875613,441671769871.4201,209378880554.0,26184654709.0,29228950705.2
2024-10-25,601899.SH,16.35,0.923,5.045467504622825,0.0,0.27480411038875613,434758184069.7,209378880554.0,26184654709.0,29228950705.2
2024-10-28,601899.SH,16.32,0.923,5.045467504622825,0.0,0.27480411038875613,433960462631.04,209378880554.0,26184654709.0,29228950705.2
2024-10-29,601899.SH,16.34,0.923,5.045467504622825,0.0,0.27480411038875613,434492276923.48,209378880554.0,26184654709.0,29228950705.2
2024-10-30,601899.SH,16.25,0.923,5.045467504622825,0.0,0.27480411038875613,432099112607.5,209378880554.0,26184654709.0,29228950705.2
2024-10-31,601899.SH,15.94,0.923,5.045467504622825,0.0,0.27480411038875613,423855991074.68,209378880554.0,26184654709.0,29228950705.2
2024-11-01,601899.SH,16.37,0.923,5.045467504622825,0.0,0.27480411038875613,435289998362.14,209378880554.0,26184654709.0,29228950705.2
2024-11-04,601899.SH,16.47,0.923,5.045467504622825,0.0,0.27480411038875613,437949069824.33997,209378880554.0,26184654709.0,29228950705.2
2024-11-05,601899.SH,16.820000000000004,0.923,5.045467504622825,0.0,0.27480411038875613,447255819942.0401,209378880554.0,26184654709.0,29228950705.2
2024-11-06,601899.SH,16.43,0.923,5.045467504622825,0.0,0.27480411038875613,436885441239.46,209378880554.0,26184654709.0,29228950705.2
2024-11-07,601899.SH,16.21,0.923,5.045467504622825,0.0,0.27480411038875613,431035484022.62,209378880554.0,26184654709.0,29228950705.2
2024-11-08,601899.SH,16.21,0.923,5.045467504622825,0.0,0.27480411038875613,431035484022.62,209378880554.0,26184654709.0,29228950705.2
2024-11-11,601899.SH,15.63,0.923,5.045467504622825,0.0,0.27480411038875613,415612869541.86005,209378880554.0,26184654709.0,29228950705.2
2024-11-12,601899.SH,15.1,0.923,5.045467504622825,0.0,0.27480411038875613,401519790792.2,209378880554.0,26184654709.0,29228950705.2
2024-11-13,601899.SH,15.12,0.923,5.045467504622825,0.0,0.27480411038875613,402051605084.63995,209378880554.0,26184654709.0,29228950705.2
2024-11-14,601899.SH,14.729999999999999,0.923,5.045467504622825,0.0,0.27480411038875613,391681226382.05994,209378880554.0,26184654709.0,29228950705.2
2024-11-15,601899.SH,14.739999999999998,0.923,5.045467504622825,0.0,0.27480411038875613,391947133528.27997,209378880554.0,26184654709.0,29228950705.2
2024-11-18,601899.SH,14.829999999999998,0.923,5.045467504622825,0.0,0.27480411038875613,394340297844.25995,209378880554.0,26184654709.0,29228950705.2
2024-11-19,601899.SH,15.33,0.923,5.045467504622825,0.0,0.27480411038875613,407635655155.26,209378880554.0,26184654709.0,29228950705.2
2024-11-20,601899.SH,15.15,0.923,5.045467504622825,0.0,0.27480411038875613,402849326523.3,209378880554.0,26184654709.0,29228950705.2
2024-11-21,601899.SH,15.28,0.923,5.045467504622825,0.0,0.27480411038875613,406306119424.16,209378880554.0,26184654709.0,29228950705.2
2024-11-22,601899.SH,14.879999999999999,0.923,5.045467504622825,0.0,0.27480411038875613,395669833575.36,209378880554.0,26184654709.0,29228950705.2
2024-11-25,601899.SH,14.67,0.923,5.045467504622825,0.0,0.27480411038875613,390085783504.74,209378880554.0,26184654709.0,29228950705.2
2024-11-26,601899.SH,14.66,0.923,5.045467504622825,0.0,0.27480411038875613,389819876358.52,209378880554.0,26184654709.0,29228950705.2
2024-11-27,601899.SH,14.799999999999999,0.923,5.045467504622825,0.0,0.27480411038875613,393542576405.6,209378880554.0,26184654709.0,29228950705.2
2024-11-28,601899.SH,14.65,0.923,5.045467504622825,0.0,0.27480411038875613,389553969212.3,209378880554.0,26184654709.0,29228950705.2
2024-11-29,601899.SH,14.819999999999999,0.923,5.045467504622825,0.0,0.27480411038875613,394074390698.04,209378880554.0,26184654709.0,29228950705.2
2024-12-02,601899.SH,14.68,0.923,5.045467504622825,0.0,0.27480411038875613,390351690650.96,209378880554.0,26184654709.0,29228950705.2
2024-12-03,601899.SH,14.73,0.923,5.045467504622825,0.0,0.27480411038875613,391681226382.06,209378880554.0,26184654709.0,29228950705.2
2024-12-04,601899.SH,14.92,0.923,5.045467504622825,0.0,0.27480411038875613,396733462160.24,209378880554.0,26184654709.0,29228950705.2
2024-12-05,601899.SH,14.6,0.923,5.045467504622825,0.0,0.27480411038875613,388224433481.2,209378880554.0,26184654709.0,29228950705.2
2024-12-06,601899.SH,14.809999999999999,0.923,5.045467504622825,0.0,0.27480411038875613,393808483551.81995,209378880554.0,26184654709.0,29228950705.2
2024-12-09,601899.SH,15.0,0.923,5.045467504622825,0.0,0.27480411038875613,398860719330.0,209378880554.0,26184654709.0,29228950705.2
2024-12-10,601899.SH,15.179999999999998,0.923,5.045467504622825,0.0,0.27480411038875613,403647047961.95996,209378880554.0,26184654709.0,29228950705.2
2024-12-11,601899.SH,15.239999999999997,0.923,5.045467504622825,0.0,0.27480411038875613,405242490839.2799,209378880554.0,26184654709.0,29228950705.2
2024-12-12,601899.SH,15.359999999999998,0.923,5.045467504622825,0.0,0.27480411038875613,408433376593.9199,209378880554.0,26184654709.0,29228950705.2
2024-12-13,601899.SH,14.69,0.923,5.045467504622825,0.0,0.27480411038875613,390617597797.18,209378880554.0,26184654709.0,29228950705.2
2024-12-16,601899.SH,14.469999999999999,0.923,5.045467504622825,0.0,0.27480411038875613,384767640580.33997,209378880554.0,26184654709.0,29228950705.2
2024-12-17,601899.SH,14.569999999999999,0.923,5.045467504622825,0.0,0.27480411038875613,387426712042.54,209378880554.0,26184654709.0,29228950705.2
2024-12-18,601899.SH,14.61,0.923,5.045467504622825,0.0,0.27480411038875613,388490340627.42,209378880554.0,26184654709.0,29228950705.2
2024-12-19,601899.SH,14.44,0.923,5.045467504622825,0.0,0.27480411038875613,383969919141.68,209378880554.0,26184654709.0,29228950705.2
2024-12-20,601899.SH,14.139999999999999,0.923,5.045467504622825,0.0,0.27480411038875613,375992704755.07996,209378880554.0,26184654709.0,29228950705.2
2024-12-23,601899.SH,14.629999999999999,0.923,5.045467504622825,0.0,0.27480411038875613,389022154919.86,209378880554.0,26184654709.0,29228950705.2
2024-12-24,601899.SH,14.75,0.923,5.045467504622825,0.0,0.27480411038875613,392213040674.5,209378880554.0,26184654709.0,29228950705.2
2024-12-25,601899.SH,14.639999999999999,0.923,5.045467504622825,0.0,0.27480411038875613,389288062066.07996,209378880554.0,26184654709.0,29228950705.2
2024-12-26,601899.SH,14.74,0.923,5.045467504622825,0.0,0.27480411038875613,391947133528.28,209378880554.0,26184654709.0,29228950705.2
2024-12-27,601899.SH,14.419999999999998,0.923,5.045467504622825,0.0,0.27480411038875613,383438104849.2399,209378880554.0,26184654709.0,29228950705.2
2024-12-30,601899.SH,14.66,0.923,5.045467504622825,0.0,0.27480411038875613,389819876358.52,209378880554.0,26184654709.0,29228950705.2
2024-12-31,601899.SH,14.24,1.21,5.256929983609675,0.0,0.36159918482013337,378651776217.28,218880000963.0,31690884267.0,38460722924.4
2025-01-02,601899.SH,14.299999999999999,1.21,5.256929983609675,0.0,0.36159918482013337,380247219094.6,218880000963.0,31690884267.0,38460722924.4
2025-01-03,601899.SH,14.69,1.21,5.256929983609675,0.0,0.36159918482013337,390617597797.18,218880000963.0,31690884267.0,38460722924.4
2025-01-06,601899.SH,14.61,1.21,5.256929983609675,0.0,0.36159918482013337,388490340627.42,218880000963.0,31690884267.0,38460722924.4
2025-01-07,601899.SH,15.139999999999999,1.21,5.256929983609675,0.0,0.36159918482013337,402583419377.07996,218880000963.0,31690884267.0,38460722924.4
2025-01-08,601899.SH,14.969999999999999,1.21,5.256929983609675,0.0,0.36159918482013337,398062997891.33997,218880000963.0,31690884267.0,38460722924.4
2025-01-09,601899.SH,15.04,1.21,5.256929983609675,0.0,0.36159918482013337,399924347914.88,218880000963.0,31690884267.0,38460722924.4
2025-01-10,601899.SH,15.270000000000001,1.21,5.256929983609675,0.0,0.36159918482013337,406040212277.94006,218880000963.0,31690884267.0,38460722924.4
2025-01-13,601899.SH,15.52,1.21,5.256929983609675,0.0,0.36159918482013337,412687890933.44,218880000963.0,31690884267.0,38460722924.4
2025-01-14,601899.SH,15.529999999999998,1.21,5.256929983609675,0.0,0.36159918482013337,412953798079.6599,218880000963.0,31690884267.0,38460722924.4
2025-01-15,601899.SH,14.9,1.21,5.256929983609675,0.0,0.36159918482013337,396201647867.8,218880000963.0,31690884267.0,38460722924.4
2025-01-16,601899.SH,15.290000000000001,1.21,5.256929983609675,0.0,0.36159918482013337,406572026570.38,218880000963.0,31690884267.0,38460722924.4
2025-01-17,601899.SH,15.389999999999999,1.21,5.256929983609675,0.0,0.36159918482013337,409231098032.57996,218880000963.0,31690884267.0,38460722924.4
2025-01-20,601899.SH,15.409999999999997,1.21,5.256929983609675,0.0,0.36159918482013337,409762912325.0199,218880000963.0,31690884267.0,38460722924.4
2025-01-21,601899.SH,15.37,1.21,5.256929983609675,0.0,0.36159918482013337,408699283740.13995,218880000963.0,31690884267.0,38460722924.4
2025-01-22,601899.SH,15.319999999999999,1.21,5.256929983609675,0.0,0.36159918482013337,407369748009.04,218880000963.0,31690884267.0,38460722924.4
2025-01-23,601899.SH,15.0,1.21,5.256929983609675,0.0,0.36159918482013337,398860719330.0,218880000963.0,31690884267.0,38460722924.4
2025-01-24,601899.SH,15.139999999999999,1.21,5.256929983609675,0.0,0.36159918482013337,402583419377.07996,218880000963.0,31690884267.0,38460722924.4
2025-01-27,601899.SH,15.359999999999998,1.21,5.256929983609675,0.0,0.36159918482013337,408433376593.9199,218880000963.0,31690884267.0,38460722924.4
2025-02-05,601899.SH,15.589999999999996,1.21,5.256929983609675,0.0,0.36159918482013337,414549240956.9799,218880000963.0,31690884267.0,38460722924.4
2025-02-06,601899.SH,15.429999999999996,1.21,5.256929983609675,0.0,0.36159918482013337,410294726617.4599,218880000963.0,31690884267.0,38460722924.4
2025-02-07,601899.SH,15.74,1.21,5.256929983609675,0.0,0.36159918482013337,418537848150.28,218880000963.0,31690884267.0,38460722924.4
2025-02-10,601899.SH,15.99,1.21,5.256929983609675,0.0,0.36159918482013337,425185526805.78,218880000963.0,31690884267.0,38460722924.4
2025-02-11,601899.SH,16.400000000000002,1.21,5.256929983609675,0.0,0.36159918482013337,436087719800.80005,218880000963.0,31690884267.0,38460722924.4
2025-02-12,601899.SH,16.1,1.21,5.256929983609675,0.0,0.36159918482013337,428110505414.2,218880000963.0,31690884267.0,38460722924.4
2025-02-13,601899.SH,16.130000000000003,1.21,5.256929983609675,0.0,0.36159918482013337,428908226852.86005,218880000963.0,31690884267.0,38460722924.4
2025-02-14,601899.SH,16.28,1.21,5.256929983609675,0.0,0.36159918482013337,432896834046.16003,218880000963.0,31690884267.0,38460722924.4
2025-02-17,601899.SH,15.619999999999997,1.21,5.256929983609675,0.0,0.36159918482013337,415346962395.63995,218880000963.0,31690884267.0,38460722924.4
2025-02-18,601899.SH,15.529999999999998,1.21,5.256929983609675,0.0,0.36159918482013337,412953798079.6599,218880000963.0,31690884267.0,38460722924.4
2025-02-19,601899.SH,15.469999999999995,1.21,5.256929983609675,0.0,0.36159918482013337,411358355202.3399,218880000963.0,31690884267.0,38460722924.4
2025-02-20,601899.SH,15.559999999999999,1.21,5.256929983609675,0.0,0.36159918482013337,413751519518.31995,218880000963.0,31690884267.0,38460722924.4
2025-02-21,601899.SH,15.309999999999997,1.21,5.256929983609675,0.0,0.36159918482013337,407103840862.81995,218880000963.0,31690884267.0,38460722924.4
2025-02-24,601899.SH,15.200000000000001,1.21,5.256929983609675,0.0,0.36159918482013337,404178862254.4,218880000963.0,31690884267.0,38460722924.4
2025-02-25,601899.SH,14.899999999999999,1.21,5.256929983609675,0.0,0.36159918482013337,396201647867.8,218880000963.0,31690884267.0,38460722924.4
2025-02-26,601899.SH,14.979999999999999,1.21,5.256929983609675,0.0,0.36159918482013337,398328905037.55994,218880000963.0,31690884267.0,38460722924.4
2025-02-27,601899.SH,14.870000000000001,1.21,5.256929983609675,0.0,0.36159918482013337,395403926429.14,218880000963.0,31690884267.0,38460722924.4
2025-02-28,601899.SH,14.469999999999999,1.21,5.256929983609675,0.0,0.36159918482013337,384767640580.33997,218880000963.0,31690884267.0,38460722924.4
2025-03-03,601899.SH,14.76,1.21,5.256929983609675,0.0,0.36159918482013337,392478947820.72,218880000963.0,31690884267.0,38460722924.4
2025-03-04,601899.SH,15.049999999999999,1.21,5.256929983609675,0.0,0.36159918482013337,400190255061.1,218880000963.0,31690884267.0,38460722924.4
2025-03-05,601899.SH,15.13,1.21,5.256929983609675,0.0,0.36159918482013337,402317512230.86005,218880000963.0,31690884267.0,38460722924.4
2025-03-06,601899.SH,15.419999999999998,1.21,5.256929983609675,0.0,0.36159918482013337,410028819471.2399,218880000963.0,31690884267.0,38460722924.4
2025-03-07,601899.SH,15.549999999999997,1.21,5.256929983609675,0.0,0.36159918482013337,413485612372.0999,218880000963.0,31690884267.0,38460722924.4
2025-03-10,601899.SH,15.769999999999998,1.21,5.256929983609675,0.0,0.36159918482013337,419335569588.93994,218880000963.0,31690884267.0,38460722924.4
2025-03-11,601899.SH,15.599999999999998,1.21,5.256929983609675,0.0,0.36159918482013337,414815148103.19995,218880000963.0,31690884267.0,38460722924.4
2025-03-12,601899.SH,15.81,1.21,5.256929983609675,0.0,0.36159918482013337,420399198173.82,218880000963.0,31690884267.0,38460722924.4
2025-03-13,601899.SH,16.080000000000002,1.21,5.256929983609675,0.0,0.36159918482013337,427578691121.7601,218880000963.0,31690884267.0,38460722924.4
2025-03-14,601899.SH,16.6,1.21,5.256929983609675,0.0,0.36159918482013337,441405862725.2,218880000963.0,31690884267.0,38460722924.4
2025-03-17,601899.SH,16.330000000000002,1.21,5.256929983609675,0.0,0.36159918482013337,434226369777.2601,218880000963.0,31690884267.0,38460722924.4
2025-03-18,601899.SH,16.88,1.21,5.256929983609675,0.0,0.36159918482013337,448851262819.36,218880000963.0,31690884267.0,38460722924.4
2025-03-19,601899.SH,17.17,1.21,5.256929983609675,0.0,0.36159918482013337,456562570059.74005,218880000963.0,31690884267.0,38460722924.4
2025-03-20,601899.SH,17.290000000000003,1.21,5.256929983609675,0.0,0.36159918482013337,459753455814.38007,218880000963.0,31690884267.0,38460722924.4
2025-03-21,601899.SH,16.690000000000005,1.21,5.256929983609675,0.0,0.36159918482013337,443799027041.1801,218880000963.0,31690884267.0,38460722924.4
2025-03-24,601899.SH,17.17,1.21,5.256929983609675,0.0,0.36159918482013337,456562570059.74005,218880000963.0,31690884267.0,38460722924.4
2025-03-25,601899.SH,17.52,1.21,5.256929983609675,0.0,0.36159918482013337,465869320177.44,218880000963.0,31690884267.0,38460722924.4
2025-03-26,601899.SH,17.320000000000004,1.21,5.256929983609675,0.0,0.36159918482013337,460551177253.0401,218880000963.0,31690884267.0,38460722924.4
2025-03-27,601899.SH,16.980000000000004,1.21,5.256929983609675,0.0,0.36159918482013337,451510334281.5601,218880000963.0,31690884267.0,38460722924.4
2025-03-28,601899.SH,17.28,1.21,5.256929983609675,0.0,0.36159918482013337,459487548668.16003,218880000963.0,31690884267.0,38460722924.4
2025-03-31,601899.SH,17.240000000000002,0.383,5.488055139453183,0.0,0.11470293942294185,458423920083.28,225951145507.0,40221361867.0,12200132514.0
2025-04-01,601899.SH,17.05,0.383,5.488055139453183,0.0,0.11470293942294185,453371684305.10004,225951145507.0,40221361867.0,12200132514.0
2025-04-02,601899.SH,16.62,0.383,5.488055139453183,0.0,0.11470293942294185,441937677017.64,225951145507.0,40221361867.0,12200132514.0
2025-04-03,601899.SH,16.23,0.383,5.488055139453183,0.0,0.11470293942294185,431567298315.06,225951145507.0,40221361867.0,12200132514.0
2025-04-07,601899.SH,14.53,0.383,5.488055139453183,0.0,0.11470293942294185,386363083457.66,225951145507.0,40221361867.0,12200132514.0
2025-04-08,601899.SH,15.07,0.383,5.488055139453183,0.0,0.11470293942294185,400722069353.54,225951145507.0,40221361867.0,12200132514.0
2025-04-09,601899.SH,15.04,0.383,5.488055139453183,0.0,0.11470293942294185,399924347914.88,225951145507.0,40221361867.0,12200132514.0
2025-04-10,601899.SH,15.87,0.383,5.488055139453183,0.0,0.11470293942294185,421994641051.13995,225951145507.0,40221361867.0,12200132514.0
2025-04-11,601899.SH,16.270000000000003,0.383,5.488055139453183,0.0,0.11470293942294185,432630926899.94006,225951145507.0,40221361867.0,12200132514.0
2025-04-14,601899.SH,16.75,0.383,5.488055139453183,0.0,0.11470293942294185,445394469918.5,225951145507.0,40221361867.0,12200132514.0
2025-04-15,601899.SH,16.770000000000003,0.383,5.488055139453183,0.0,0.11470293942294185,445926284210.94006,225951145507.0,40221361867.0,12200132514.0
2025-04-16,601899.SH,16.860000000000003,0.383,5.488055139453183,0.0,0.11470293942294185,448319448526.9201,225951145507.0,40221361867.0,12200132514.0
2025-04-17,601899.SH,16.94,0.383,5.488055139453183,0.0,0.11470293942294185,450446705696.68005,225951145507.0,40221361867.0,12200132514.0
2025-04-18,601899.SH,16.740000000000002,0.383,5.488055139453183,0.0,0.11470293942294185,445128562772.28,225951145507.0,40221361867.0,12200132514.0
2025-04-21,601899.SH,17.720000000000002,0.383,5.488055139453183,0.0,0.11470293942294185,471187463101.8401,225951145507.0,40221361867.0,12200132514.0
2025-04-22,601899.SH,17.62,0.383,5.488055139453183,0.0,0.11470293942294185,468528391639.64,225951145507.0,40221361867.0,12200132514.0
2025-04-23,601899.SH,16.91,0.383,5.488055139453183,0.0,0.11470293942294185,449648984258.02,225951145507.0,40221361867.0,12200132514.0
2025-04-24,601899.SH,16.79,0.383,5.488055139453183,0.0,0.11470293942294185,446458098503.38,225951145507.0,40221361867.0,12200132514.0
2025-04-25,601899.SH,16.770000000000003,0.383,5.488055139453183,0.0,0.11470293942294185,445926284210.94006,225951145507.0,40221361867.0,12200132514.0
2025-04-28,601899.SH,16.78,0.383,5.488055139453183,0.0,0.11470293942294185,446192191357.16003,225951145507.0,40221361867.0,12200132514.0
2025-04-29,601899.SH,16.75,0.383,5.488055139453183,0.0,0.11470293942294185,445394469918.5,225951145507.0,40221361867.0,12200132514.0
2025-04-30,601899.SH,16.580000000000002,0.383,5.488055139453183,0.0,0.11470293942294185,440874048432.7601,225951145507.0,40221361867.0,12200132514.0
2025-05-06,601899.SH,16.880000000000003,0.383,5.488055139453183,0.0,0.11470293942294185,448851262819.36005,225951145507.0,40221361867.0,12200132514.0
2025-05-07,601899.SH,17.17,0.383,5.488055139453183,0.0,0.11470293942294185,456562570059.74005,225951145507.0,40221361867.0,12200132514.0
2025-05-08,601899.SH,16.880000000000003,0.383,5.488055139453183,0.0,0.11470293942294185,448851262819.36005,225951145507.0,40221361867.0,12200132514.0
2025-05-09,601899.SH,16.770000000000003,0.383,5.488055139453183,0.0,0.11470293942294185,445926284210.94006,225951145507.0,40221361867.0,12200132514.0
2025-05-12,601899.SH,16.830000000000002,0.383,5.488055139453183,0.0,0.11470293942294185,447521727088.2601,225951145507.0,40221361867.0,12200132514.0
2025-05-13,601899.SH,16.880000000000003,0.383,5.488055139453183,0.0,0.11470293942294185,448851262819.36005,225951145507.0,40221361867.0,12200132514.0
2025-05-14,601899.SH,17.020000000000003,0.383,5.488055139453183,0.0,0.11470293942294185,452573962866.44006,225951145507.0,40221361867.0,12200132514.0
2025-05-15,601899.SH,16.61,0.383,5.488055139453183,0.0,0.11470293942294185,441671769871.42,225951145507.0,40221361867.0,12200132514.0
2025-05-16,601899.SH,16.54,0.383,5.488055139453183,0.0,0.11470293942294185,439810419847.88,225951145507.0,40221361867.0,12200132514.0
2025-05-19,601899.SH,16.540000000000003,0.383,5.488055139453183,0.0,0.11470293942294185,439810419847.88007,225951145507.0,40221361867.0,12200132514.0
2025-05-20,601899.SH,16.580000000000002,0.383,5.488055139453183,0.0,0.11470293942294185,440874048432.7601,225951145507.0,40221361867.0,12200132514.0
2025-05-21,601899.SH,17.61,0.383,5.488055139453183,0.0,0.11470293942294185,468262484493.42,225951145507.0,40221361867.0,12200132514.0
2025-05-22,601899.SH,17.7,0.383,5.488055139453183,0.0,0.11470293942294185,470655648809.39996,225951145507.0,40221361867.0,12200132514.0
2025-05-23,601899.SH,17.71,0.383,5.488055139453183,0.0,0.11470293942294185,470921555955.62,225951145507.0,40221361867.0,12200132514.0
2025-05-26,601899.SH,17.68,0.383,5.488055139453183,0.0,0.11470293942294185,470123834516.96,225951145507.0,40221361867.0,12200132514.0
2025-05-27,601899.SH,17.0,0.383,5.488055139453183,0.0,0.11470293942294185,452042148574.0,225951145507.0,40221361867.0,12200132514.0
2025-05-28,601899.SH,17.1,0.383,5.488055139453183,0.0,0.11470293942294185,454701220036.2,225951145507.0,40221361867.0,12200132514.0
2025-05-29,601899.SH,16.94,0.383,5.488055139453183,0.0,0.11470293942294185,450446705696.68005,225951145507.0,40221361867.0,12200132514.0
2025-05-30,601899.SH,16.85,0.383,5.488055139453183,0.0,0.11470293942294185,448053541380.7,225951145507.0,40221361867.0,12200132514.0
2025-06-03,601899.SH,17.180000000000003,0.383,5.488055139453183,0.0,0.11470293942294185,456828477205.9601,225951145507.0,40221361867.0,12200132514.0
2025-06-04,601899.SH,17.21,0.383,5.488055139453183,0.0,0.11470293942294185,457626198644.62,225951145507.0,40221361867.0,12200132514.0
2025-06-05,601899.SH,17.0,0.383,5.488055139453183,0.0,0.11470293942294185,452042148574.0,225951145507.0,40221361867.0,12200132514.0
2025-06-06,601899.SH,17.26,0.383,5.488055139453183,0.0,0.11470293942294185,458955734375.72003,225951145507.0,40221361867.0,12200132514.0
2025-06-09,601899.SH,17.09,0.383,5.488055139453183,0.0,0.11470293942294185,454435312889.98,225951145507.0,40221361867.0,12200132514.0
2025-06-10,601899.SH,17.390000000000004,0.383,5.488055139453183,0.0,0.11470293942294185,462412527276.58014,225951145507.0,40221361867.0,12200132514.0
2025-06-11,601899.SH,17.78,0.383,5.488055139453183,0.0,0.11470293942294185,472782905979.16003,225951145507.0,40221361867.0,12200132514.0
2025-06-12,601899.SH,18.580000000000002,0.383,5.488055139453183,0.0,0.11470293942294185,494055477676.7601,225951145507.0,40221361867.0,12200132514.0
2025-06-13,601899.SH,18.55,0.383,5.488055139453183,0.0,0.11470293942294185,493257756238.10004,225951145507.0,40221361867.0,12200132514.0
2025-06-16,601899.SH,18.220000000000002,0.383,5.488055139453183,0.0,0.11470293942294185,484482820412.8401,225951145507.0,40221361867.0,12200132514.0
2025-06-17,601899.SH,18.270000000000003,0.383,5.488055139453183,0.0,0.11470293942294185,485812356143.94006,225951145507.0,40221361867.0,12200132514.0
2025-06-18,601899.SH,18.180000000000003,0.383,5.488055139453183,0.0,0.11470293942294185,483419191827.9601,225951145507.0,40221361867.0,12200132514.0
2025-06-19,601899.SH,17.770000000000003,0.383,5.488055139453183,0.0,0.11470293942294185,472516998832.94006,225951145507.0,40221361867.0,12200132514.0
2025-06-20,601899.SH,17.810000000000002,0.383,5.488055139453183,0.0,0.11470293942294185,473580627417.82007,225951145507.0,40221361867.0,12200132514.0
2025-06-23,601899.SH,17.910000000000004,0.383,5.488055139453183,0.0,0.11470293942294185,476239698880.0201,225951145507.0,40221361867.0,12200132514.0
2025-06-24,601899.SH,17.940000000000005,0.383,5.488055139453183,0.0,0.11470293942294185,477037420318.6801,225951145507.0,40221361867.0,12200132514.0
2025-06-25,601899.SH,18.39,0.383,5.488055139453183,0.0,0.11470293942294185,489003241898.58,225951145507.0,40221361867.0,12200132514.0
2025-06-26,601899.SH,18.380000000000003,0.383,5.488055139453183,0.0,0.11470293942294185,488737334752.36005,225951145507.0,40221361867.0,12200132514.0
2025-06-27,601899.SH,19.18,0.383,5.488055139453183,0.0,0.11470293942294185,510009906449.96,225951145507.0,40221361867.0,12200132514.0
2025-06-30,601899.SH,18.900000000000006,0.877,5.342985040291257,0.0,0.26278066763646984,502564506355.8002,247860819991.0,35727408646.0,27950102965.2
2025-07-01,601899.SH,19.3,0.877,5.342985040291257,0.0,0.26278066763646984,513200792204.60004,247860819991.0,35727408646.0,27950102965.2
2025-07-02,601899.SH,19.570000000000004,0.877,5.342985040291257,0.0,0.26278066763646984,520380285152.5401,247860819991.0,35727408646.0,27950102965.2
2025-07-03,601899.SH,19.690000000000005,0.877,5.342985040291257,0.0,0.26278066763646984,523571170907.1801,247860819991.0,35727408646.0,27950102965.2
2025-07-04,601899.SH,19.450000000000003,0.877,5.342985040291257,0.0,0.26278066763646984,517189399397.9001,247860819991.0,35727408646.0,27950102965.2
2025-07-07,601899.SH,19.200000000000003,0.877,5.342985040291257,0.0,0.26278066763646984,510541720742.4001,247860819991.0,35727408646.0,27950102965.2
2025-07-08,601899.SH,19.220000000000002,0.877,5.342985040291257,0.0,0.26278066763646984,511073535034.8401,247860819991.0,35727408646.0,27950102965.2
2025-07-09,601899.SH,18.300000000000004,0.877,5.342985040291257,0.0,0.26278066763646984,486610077582.6001,247860819991.0,35727408646.0,27950102965.2
2025-07-10,601899.SH,18.240000000000002,0.877,5.342985040291257,0.0,0.26278066763646984,485014634705.28,247860819991.0,35727408646.0,27950102965.2
2025-07-11,601899.SH,18.290000000000003,0.877,5.342985040291257,0.0,0.26278066763646984,486344170436.38007,247860819991.0,35727408646.0,27950102965.2
2025-07-14,601899.SH,18.480000000000004,0.877,5.342985040291257,0.0,0.26278066763646984,491396406214.5601,247860819991.0,35727408646.0,27950102965.2
2025-07-15,601899.SH,18.520000000000003,0.877,5.342985040291257,0.0,0.26278066763646984,492460034799.44006,247860819991.0,35727408646.0,27950102965.2
2025-07-16,601899.SH,18.540000000000003,0.877,5.342985040291257,0.0,0.26278066763646984,492991849091.88007,247860819991.0,35727408646.0,27950102965.2
2025-07-17,601899.SH,18.470000000000002,0.877,5.342985040291257,0.0,0.26278066763646984,491130499068.3401,247860819991.0,35727408646.0,27950102965.2
2025-07-18,601899.SH,18.87,0.877,5.342985040291257,0.0,0.26278066763646984,501766784917.14,247860819991.0,35727408646.0,27950102965.2
2025-07-21,601899.SH,19.19,0.877,5.342985040291257,0.0,0.26278066763646984,510275813596.18005,247860819991.0,35727408646.0,27950102965.2
2025-07-22,601899.SH,19.650000000000002,0.877,5.342985040291257,0.0,0.26278066763646984,522507542322.30005,247860819991.0,35727408646.0,27950102965.2
2025-07-23,601899.SH,19.610000000000003,0.877,5.342985040291257,0.0,0.26278066763646984,521443913737.4201,247860819991.0,35727408646.0,27950102965.2
2025-07-24,601899.SH,19.520000000000003,0.877,5.342985040291257,0.0,0.26278066763646984,519050749421.44006,247860819991.0,35727408646.0,27950102965.2
2025-07-25,601899.SH,19.25,0.877,5.342985040291257,0.0,0.26278066763646984,511871256473.5,247860819991.0,35727408646.0,27950102965.2
2025-07-28,601899.SH,19.200000000000003,0.877,5.342985040291257,0.0,0.26278066763646984,510541720742.4001,247860819991.0,35727408646.0,27950102965.2
2025-07-29,601899.SH,18.990000000000002,0.877,5.342985040291257,0.0,0.26278066763646984,504957670671.78,247860819991.0,35727408646.0,27950102965.2
2025-07-30,601899.SH,19.220000000000002,0.877,5.342985040291257,0.0,0.26278066763646984,511073535034.8401,247860819991.0,35727408646.0,27950102965.2
2025-07-31,601899.SH,18.550000000000004,0.877,5.342985040291257,0.0,0.26278066763646984,493257756238.1001,247860819991.0,35727408646.0,27950102965.2
2025-08-01,601899.SH,18.660000000000004,0.877,5.342985040291257,0.0,0.26278066763646984,496182734846.5201,247860819991.0,35727408646.0,27950102965.2
2025-08-04,601899.SH,19.28,0.877,5.342985040291257,0.0,0.26278066763646984,512668977912.16003,247860819991.0,35727408646.0,27950102965.2
2025-08-05,601899.SH,19.270000000000003,0.877,5.342985040291257,0.0,0.26278066763646984,512403070765.94006,247860819991.0,35727408646.0,27950102965.2
2025-08-06,601899.SH,19.560000000000002,0.877,5.342985040291257,0.0,0.26278066763646984,520114378006.32007,247860819991.0,35727408646.0,27950102965.2
2025-08-07,601899.SH,19.700000000000003,0.877,5.342985040291257,0.0,0.26278066763646984,523837078053.4001,247860819991.0,35727408646.0,27950102965.2
2025-08-08,601899.SH,19.94,0.877,5.342985040291257,0.0,0.26278066763646984,530218849562.68005,247860819991.0,35727408646.0,27950102965.2
2025-08-11,601899.SH,19.650000000000002,0.877,5.342985040291257,0.0,0.26278066763646984,522507542322.30005,247860819991.0,35727408646.0,27950102965.2
2025-08-12,601899.SH,19.700000000000003,0.877,5.342985040291257,0.0,0.26278066763646984,523837078053.4001,247860819991.0,35727408646.0,27950102965.2
2025-08-13,601899.SH,20.420000000000005,0.877,5.342985040291257,0.0,0.26278066763646984,542982392581.2401,247860819991.0,35727408646.0,27950102965.2
2025-08-14,601899.SH,20.57,0.877,5.342985040291257,0.0,0.26278066763646984,546970999774.54,247860819991.0,35727408646.0,27950102965.2
2025-08-15,601899.SH,20.690000000000005,0.877,5.342985040291257,0.0,0.26278066763646984,550161885529.1802,247860819991.0,35727408646.0,27950102965.2
2025-08-18,601899.SH,20.200000000000003,0.877,5.342985040291257,0.0,0.26278066763646984,537132435364.4001,247860819991.0,35727408646.0,27950102965.2
2025-08-19,601899.SH,19.730000000000004,0.877,5.342985040291257,0.0,0.26278066763646984,524634799492.0601,247860819991.0,35727408646.0,27950102965.2
2025-08-20,601899.SH,19.960000000000004,0.877,5.342985040291257,0.0,0.26278066763646984,530750663855.1201,247860819991.0,35727408646.0,27950102965.2
2025-08-21,601899.SH,20.000000000000004,0.877,5.342985040291257,0.0,0.26278066763646984,531814292440.0001,247860819991.0,35727408646.0,27950102965.2
2025-08-22,601899.SH,20.060000000000002,0.877,5.342985040291257,0.0,0.26278066763646984,533409735317.32007,247860819991.0,35727408646.0,27950102965.2
2025-08-25,601899.SH,21.610000000000003,0.877,5.342985040291257,0.0,0.26278066763646984,574625342981.42,247860819991.0,35727408646.0,27950102965.2
2025-08-26,601899.SH,21.790000000000003,0.877,5.342985040291257,0.0,0.26278066763646984,579411671613.3801,247860819991.0,35727408646.0,27950102965.2
2025-08-27,601899.SH,21.930000000000003,0.877,5.342985040291257,0.0,0.26278066763646984,583134371660.4601,247860819991.0,35727408646.0,27950102965.2
2025-08-28,601899.SH,21.92,0.877,5.342985040291257,0.0,0.26278066763646984,582868464514.24,247860819991.0,35727408646.0,27950102965.2
2025-08-29,601899.SH,22.48,0.877,5.342985040291257,0.0,0.26278066763646984,597759264702.56,247860819991.0,35727408646.0,27950102965.2
2025-09-01,601899.SH,23.78,0.877,5.342985040291257,0.0,0.26278066763646984,632327193711.16,247860819991.0,35727408646.0,27950102965.2
2025-09-02,601899.SH,23.810000000000002,0.877,5.342985040291257,0.0,0.26278066763646984,633124915149.8201,247860819991.0,35727408646.0,27950102965.2
2025-09-03,601899.SH,24.340000000000003,0.877,5.342985040291257,0.0,0.26278066763646984,647217993899.4801,247860819991.0,35727408646.0,27950102965.2
2025-09-04,601899.SH,23.270000000000003,0.877,5.342985040291257,0.0,0.26278066763646984,618765929253.9401,247860819991.0,35727408646.0,27950102965.2
2025-09-05,601899.SH,24.67,0.877,5.342985040291257,0.0,0.26278066763646984,655992929724.74,247860819991.0,35727408646.0,27950102965.2
2025-09-08,601899.SH,24.040000000000003,0.877,5.342985040291257,0.0,0.26278066763646984,639240779512.8801,247860819991.0,35727408646.0,27950102965.2
2025-09-09,601899.SH,24.590000000000003,0.877,5.342985040291257,0.0,0.26278066763646984,653865672554.9801,247860819991.0,35727408646.0,27950102965.2
2025-09-10,601899.SH,24.580000000000005,0.877,5.342985040291257,0.0,0.26278066763646984,653599765408.7601,247860819991.0,35727408646.0,27950102965.2
2025-09-11,601899.SH,25.110000000000003,0.877,5.342985040291257,0.0,0.26278066763646984,667692844158.42,247860819991.0,35727408646.0,27950102965.2
2025-09-12,601899.SH,25.05,0.877,5.342985040291257,0.0,0.26278066763646984,666097401281.1,247860819991.0,35727408646.0,27950102965.2
2025-09-15,601899.SH,24.900000000000002,0.877,5.342985040291257,0.0,0.26278066763646984,662108794087.8,247860819991.0,35727408646.0,27950102965.2
2025-09-16,601899.SH,24.720000000000002,0.877,5.342985040291257,0.0,0.26278066763646984,657322465455.8401,247860819991.0,35727408646.0,27950102965.2
2025-09-17,601899.SH,24.470000000000002,0.877,5.342985040291257,0.0,0.26278066763646984,650674786800.3401,247860819991.0,35727408646.0,27950102965.2
2025-09-18,601899.SH,23.82,0.877,5.342985040291257,0.0,0.26278066763646984,633390822296.04,247860819991.0,35727408646.0,27950102965.2
2025-09-19,601899.SH,24.420000000000005,0.877,5.342985040291257,0.0,0.26278066763646984,649345251069.2401,247860819991.0,35727408646.0,27950102965.2
2025-09-22,601899.SH,24.770000000000003,0.877,5.342985040291257,0.0,0.26278066763646984,658652001186.9401,247860819991.0,35727408646.0,27950102965.2
2025-09-23,601899.SH,25.220000000000002,0.877,5.342985040291257,0.0,0.26278066763646984,670617822766.8401,247860819991.0,35727408646.0,27950102965.2
2025-09-24,601899.SH,25.330000000000005,0.877,5.342985040291257,0.0,0.26278066763646984,673542801375.2601,247860819991.0,35727408646.0,27950102965.2
2025-09-25,601899.SH,26.67,0.877,5.342985040291257,0.0,0.26278066763646984,709174358968.74,247860819991.0,35727408646.0,27950102965.2
2025-09-26,601899.SH,26.8,0.877,5.342985040291257,0.0,0.26278066763646984,712631151869.6,247860819991.0,35727408646.0,27950102965.2
2025-09-29,601899.SH,28.17,0.877,5.342985040291257,0.0,0.26278066763646984,749060430901.74,247860819991.0,35727408646.0,27950102965.2
2025-09-30,601899.SH,29.060000000000002,1.425,6.367350617117988,0.0,0.4271824376920651,772726166915.3201,256040587353.0,68092072522.0,45436345168.799995
2025-10-09,601899.SH,32.0,1.425,6.367350617117988,0.0,0.4271824376920651,850902867904.0,256040587353.0,68092072522.0,45436345168.799995
2025-10-10,601899.SH,30.490000000000002,1.425,6.367350617117988,0.0,0.4271824376920651,810750888824.78,256040587353.0,68092072522.0,45436345168.799995
2025-10-13,601899.SH,30.919999999999998,1.425,6.367350617117988,0.0,0.4271824376920651,822184896112.24,256040587353.0,68092072522.0,45436345168.799995
2025-10-14,601899.SH,29.120000000000005,1.425,6.367350617117988,0.0,0.4271824376920651,774321609792.6401,256040587353.0,68092072522.0,45436345168.799995
2025-10-15,601899.SH,30.6,1.425,6.367350617117988,0.0,0.4271824376920651,813675867433.2001,256040587353.0,68092072522.0,45436345168.799995
2025-10-16,601899.SH,30.090000000000003,1.425,6.367350617117988,0.0,0.4271824376920651,800114602975.9801,256040587353.0,68092072522.0,45436345168.799995
2025-10-17,601899.SH,29.790000000000003,1.425,6.367350617117988,0.0,0.4271824376920651,792137388589.3801,256040587353.0,68092072522.0,45436345168.799995
2025-10-20,601899.SH,29.37,1.425,6.367350617117988,0.0,0.4271824376920651,780969288448.14,256040587353.0,68092072522.0,45436345168.799995
2025-10-21,601899.SH,29.67,1.425,6.367350617117988,0.0,0.4271824376920651,788946502834.74,256040587353.0,68092072522.0,45436345168.799995
2025-10-22,601899.SH,29.070000000000004,1.425,6.367350617117988,0.0,0.4271824376920651,772992074061.5402,256040587353.0,68092072522.0,45436345168.799995
2025-10-23,601899.SH,29.320000000000004,1.425,6.367350617117988,0.0,0.4271824376920651,779639752717.0402,256040587353.0,68092072522.0,45436345168.799995
2025-10-24,601899.SH,29.650000000000002,1.425,6.367350617117988,0.0,0.4271824376920651,788414688542.3,256040587353.0,68092072522.0,45436345168.799995
2025-10-27,601899.SH,30.62,1.425,6.367350617117988,0.0,0.4271824376920651,814207681725.64,256040587353.0,68092072522.0,45436345168.799995
2025-10-28,601899.SH,29.460000000000004,1.425,6.367350617117988,0.0,0.4271824376920651,783362452764.1201,256040587353.0,68092072522.0,45436345168.799995
2025-10-29,601899.SH,30.580000000000002,1.425,6.367350617117988,0.0,0.4271824376920651,813144053140.76,256040587353.0,68092072522.0,45436345168.799995
2025-10-30,601899.SH,30.73,1.425,6.367350617117988,0.0,0.4271824376920651,817132660334.06,256040587353.0,68092072522.0,45436345168.799995
2025-10-31,601899.SH,30.12,1.425,6.367350617117988,0.0,0.4271824376920651,800912324414.64,256040587353.0,68092072522.0,45436345168.799995
2025-11-03,601899.SH,29.62,1.425,6.367350617117988,0.0,0.4271824376920651,787616967103.64,256040587353.0,68092072522.0,45436345168.799995
2025-11-04,601899.SH,28.400000000000002,1.425,6.367350617117988,0.0,0.4271824376920651,755176295264.8,256040587353.0,68092072522.0,45436345168.799995
2025-11-05,601899.SH,28.630000000000003,1.425,6.367350617117988,0.0,0.4271824376920651,761292159627.8601,256040587353.0,68092072522.0,45436345168.799995
2025-11-06,601899.SH,29.320000000000004,1.425,6.367350617117988,0.0,0.4271824376920651,779639752717.0402,256040587353.0,68092072522.0,45436345168.799995
2025-11-07,601899.SH,29.790000000000003,1.425,6.367350617117988,0.0,0.4271824376920651,792137388589.3801,256040587353.0,68092072522.0,45436345168.799995
2025-11-10,601899.SH,29.79,1.425,6.367350617117988,0.0,0.4271824376920651,792137388589.38,256040587353.0,68092072522.0,45436345168.799995
2025-11-11,601899.SH,29.240000000000002,1.425,6.367350617117988,0.0,0.4271824376920651,777512495547.28,256040587353.0,68092072522.0,45436345168.799995
2025-11-12,601899.SH,29.110000000000003,1.425,6.367350617117988,0.0,0.4271824376920651,774055702646.42,256040587353.0,68092072522.0,45436345168.799995
2025-11-13,601899.SH,30.340000000000003,1.425,6.367350617117988,0.0,0.4271824376920651,806762281631.4801,256040587353.0,68092072522.0,45436345168.799995
2025-11-14,601899.SH,29.64,1.425,6.367350617117988,0.0,0.4271824376920651,788148781396.08,256040587353.0,68092072522.0,45436345168.799995
2025-11-17,601899.SH,28.6,1.425,6.367350617117988,0.0,0.4271824376920651,760494438189.2001,256040587353.0,68092072522.0,45436345168.799995
2025-11-18,601899.SH,28.01,1.425,6.367350617117988,0.0,0.4271824376920651,744805916562.2201,256040587353.0,68092072522.0,45436345168.799995
2025-11-19,601899.SH,28.96,1.425,6.367350617117988,0.0,0.4271824376920651,770067095453.12,256040587353.0,68092072522.0,45436345168.799995
2025-11-20,601899.SH,28.590000000000003,1.425,6.367350617117988,0.0,0.4271824376920651,760228531042.9801,256040587353.0,68092072522.0,45436345168.799995
2025-11-21,601899.SH,27.76,1.425,6.367350617117988,0.0,0.4271824376920651,738158237906.7201,256040587353.0,68092072522.0,45436345168.799995
2025-11-24,601899.SH,27.62,1.425,6.367350617117988,0.0,0.4271824376920651,734435537859.64,256040587353.0,68092072522.0,45436345168.799995
2025-11-25,601899.SH,28.130000000000003,1.425,6.367350617117988,0.0,0.4271824376920651,747996802316.8601,256040587353.0,68092072522.0,45436345168.799995
2025-11-26,601899.SH,28.05,1.425,6.367350617117988,0.0,0.4271824376920651,745869545147.1,256040587353.0,68092072522.0,45436345168.799995
2025-11-27,601899.SH,28.220000000000002,1.425,6.367350617117988,0.0,0.4271824376920651,750389966632.8401,256040587353.0,68092072522.0,45436345168.799995
2025-11-28,601899.SH,28.200000000000003,1.425,6.367350617117988,0.0,0.4271824376920651,749858152340.4,256040587353.0,68092072522.0,45436345168.799995
2025-12-01,601899.SH,29.680000000000003,1.425,6.367350617117988,0.0,0.4271824376920651,789212409980.9601,256040587353.0,68092072522.0,45436345168.799995
2025-12-02,601899.SH,29.36,1.425,6.367350617117988,0.0,0.4271824376920651,780703381301.92,256040587353.0,68092072522.0,45436345168.799995
2025-12-03,601899.SH,29.59,1.425,6.367350617117988,0.0,0.4271824376920651,786819245664.98,256040587353.0,68092072522.0,45436345168.799995
2025-12-04,601899.SH,30.310000000000002,1.425,6.367350617117988,0.0,0.4271824376920651,805964560192.8201,256040587353.0,68092072522.0,45436345168.799995
2025-12-05,601899.SH,30.94,1.425,6.367350617117988,0.0,0.4271824376920651,822716710404.68,256040587353.0,68092072522.0,45436345168.799995
2025-12-08,601899.SH,31.12,1.425,6.367350617117988,0.0,0.4271824376920651,827503039036.64,256040587353.0,68092072522.0,45436345168.799995
2025-12-09,601899.SH,30.02,1.425,6.367350617117988,0.0,0.4271824376920651,798253252952.44,256040587353.0,68092072522.0,45436345168.799995
2025-12-10,601899.SH,30.37,1.425,6.367350617117988,0.0,0.4271824376920651,807560003070.14,256040587353.0,68092072522.0,45436345168.799995
2025-12-11,601899.SH,30.580000000000002,1.425,6.367350617117988,0.0,0.4271824376920651,813144053140.76,256040587353.0,68092072522.0,45436345168.799995
2025-12-12,601899.SH,31.320000000000004,1.425,6.367350617117988,0.0,0.4271824376920651,832821181961.0402,256040587353.0,68092072522.0,45436345168.799995
2025-12-15,601899.SH,31.030000000000005,1.425,6.367350617117988,0.0,0.4271824376920651,825109874720.6602,256040587353.0,68092072522.0,45436345168.799995
2025-12-16,601899.SH,29.94,1.425,6.367350617117988,0.0,0.4271824376920651,796125995782.68,256040587353.0,68092072522.0,45436345168.799995
2025-12-17,601899.SH,30.490000000000002,1.425,6.367350617117988,0.0,0.4271824376920651,810750888824.78,256040587353.0,68092072522.0,45436345168.799995
2025-12-18,601899.SH,30.590000000000003,1.425,6.367350617117988,0.0,0.4271824376920651,813409960286.9801,256040587353.0,68092072522.0,45436345168.799995
2025-12-19,601899.SH,30.740000000000002,1.425,6.367350617117988,0.0,0.4271824376920651,817398567480.28,256040587353.0,68092072522.0,45436345168.799995
2025-12-22,601899.SH,32.15,1.425,6.367350617117988,0.0,0.4271824376920651,854891475097.2999,256040587353.0,68092072522.0,45436345168.799995
2025-12-23,601899.SH,31.710000000000004,1.425,6.367350617117988,0.0,0.4271824376920651,843191560663.6201,256040587353.0,68092072522.0,45436345168.799995
2025-12-24,601899.SH,31.930000000000003,1.425,6.367350617117988,0.0,0.4271824376920651,849041517880.4601,256040587353.0,68092072522.0,45436345168.799995
2025-12-25,601899.SH,31.650000000000002,1.425,6.367350617117988,0.0,0.4271824376920651,841596117786.3,256040587353.0,68092072522.0,45436345168.799995
2025-12-26,601899.SH,33.14999999999999,1.425,6.367350617117988,0.0,0.4271824376920651,881482189719.2998,256040587353.0,68092072522.0,45436345168.799995
2025-12-29,601899.SH,32.269999999999996,1.425,6.367350617117988,0.0,0.4271824376920651,858082360851.94,256040587353.0,68092072522.0,45436345168.799995
2025-12-30,601899.SH,33.04,1.425,6.367350617117988,0.0,0.4271824376920651,878557211110.88,256040587353.0,68092072522.0,45436345168.799995
2025-12-31,601899.SH,34.089999999999996,1.95,6.977697580624278,0.0,0.5841587394815071,906477461463.9799,263982621036.0,65576737700.0,62132793342.0
2026-01-05,601899.SH,35.02,1.95,6.977697580624278,0.0,0.5841587394815071,931206826062.4401,263982621036.0,65576737700.0,62132793342.0
2026-01-06,601899.SH,37.22,1.95,6.977697580624278,0.0,0.5841587394815071,989706398230.84,263982621036.0,65576737700.0,62132793342.0
2026-01-07,601899.SH,36.34,1.95,6.977697580624278,0.0,0.5841587394815071,966306569363.4801,263982621036.0,65576737700.0,62132793342.0
2026-01-08,601899.SH,35.919999999999995,1.95,6.977697580624278,0.0,0.5841587394815071,955138469222.2399,263982621036.0,65576737700.0,62132793342.0
2026-01-09,601899.SH,36.84,1.95,6.977697580624278,0.0,0.5841587394815071,979601926674.4801,263982621036.0,65576737700.0,62132793342.0
2026-01-12,601899.SH,36.879999999999995,1.95,6.977697580624278,0.0,0.5841587394815071,980665555259.3599,263982621036.0,65576737700.0,62132793342.0
2026-01-13,601899.SH,37.86,1.95,6.977697580624278,0.0,0.5841587394815071,1006724455588.92,263982621036.0,65576737700.0,62132793342.0
2026-01-14,601899.SH,38.12,1.95,6.977697580624278,0.0,0.5841587394815071,1013638041390.6399,263982621036.0,65576737700.0,62132793342.0
2026-01-15,601899.SH,37.87,1.95,6.977697580624278,0.0,0.5841587394815071,1006990362735.1399,263982621036.0,65576737700.0,62132793342.0
2026-01-16,601899.SH,37.089999999999996,1.95,6.977697580624278,0.0,0.5841587394815071,986249605329.9799,263982621036.0,65576737700.0,62132793342.0
2026-01-19,601899.SH,36.879999999999995,1.95,6.977697580624278,0.0,0.5841587394815071,980665555259.3599,263982621036.0,65576737700.0,62132793342.0
2026-01-20,601899.SH,36.93,1.95,6.977697580624278,0.0,0.5841587394815071,981995090990.46,263982621036.0,65576737700.0,62132793342.0
2026-01-21,601899.SH,37.75,1.95,6.977697580624278,0.0,0.5841587394815071,1003799476980.5,263982621036.0,65576737700.0,62132793342.0
2026-01-22,601899.SH,37.279999999999994,1.95,6.977697580624278,0.0,0.5841587394815071,991301841108.1598,263982621036.0,65576737700.0,62132793342.0
2026-01-23,601899.SH,37.18,1.95,6.977697580624278,0.0,0.5841587394815071,988642769645.96,263982621036.0,65576737700.0,62132793342.0
2026-01-26,601899.SH,39.120000000000005,1.95,6.977697580624278,0.0,0.5841587394815071,1040228756012.6401,263982621036.0,65576737700.0,62132793342.0
2026-01-27,601899.SH,40.23,1.95,6.977697580624278,0.0,0.5841587394815071,1069744449243.0599,263982621036.0,65576737700.0,62132793342.0
2026-01-28,601899.SH,41.92,1.95,6.977697580624278,0.0,0.5841587394815071,1114682756954.24,263982621036.0,65576737700.0,62132793342.0
2026-01-29,601899.SH,43.07,1.95,6.977697580624278,0.0,0.5841587394815071,1145262078769.54,263982621036.0,65576737700.0,62132793342.0
2026-01-30,601899.SH,39.76,1.95,6.977697580624278,0.0,0.5841587394815071,1057246813370.72,263982621036.0,65576737700.0,62132793342.0
2026-02-02,601899.SH,36.230000000000004,1.95,6.977697580624278,0.0,0.5841587394815071,963381590755.06,263982621036.0,65576737700.0,62132793342.0
2026-02-03,601899.SH,38.42999999999999,1.95,6.977697580624278,0.0,0.5841587394815071,1021881162923.4598,263982621036.0,65576737700.0,62132793342.0
2026-02-04,601899.SH,38.779999999999994,1.95,6.977697580624278,0.0,0.5841587394815071,1031187913041.1598,263982621036.0,65576737700.0,62132793342.0
2026-02-05,601899.SH,37.07,1.95,6.977697580624278,0.0,0.5841587394815071,985717791037.54,263982621036.0,65576737700.0,62132793342.0
2026-02-06,601899.SH,36.809999999999995,1.95,6.977697580624278,0.0,0.5841587394815071,978804205235.8198,263982621036.0,65576737700.0,62132793342.0
2026-02-09,601899.SH,38.25,1.95,6.977697580624278,0.0,0.5841587394815071,1017094834291.5,263982621036.0,65576737700.0,62132793342.0
2026-02-10,601899.SH,38.43,1.95,6.977697580624278,0.0,0.5841587394815071,1021881162923.46,263982621036.0,65576737700.0,62132793342.0
2026-02-11,601899.SH,39.099999999999994,1.95,6.977697580624278,0.0,0.5841587394815071,1039696941720.1998,263982621036.0,65576737700.0,62132793342.0
2026-02-12,601899.SH,39.37,1.95,6.977697580624278,0.0,0.5841587394815071,1046876434668.1399,263982621036.0,65576737700.0,62132793342.0
2026-02-13,601899.SH,37.4,1.95,6.977697580624278,0.0,0.5841587394815071,994492726862.7999,263982621036.0,65576737700.0,62132793342.0
2026-02-24,601899.SH,38.940000000000005,1.95,6.977697580624278,0.0,0.5841587394815071,1035442427380.6802,263982621036.0,65576737700.0,62132793342.0
2026-02-25,601899.SH,39.25,1.95,6.977697580624278,0.0,0.5841587394815071,1043685548913.5,263982621036.0,65576737700.0,62132793342.0
2026-02-26,601899.SH,38.989999999999995,1.95,6.977697580624278,0.0,0.5841587394815071,1036771963111.7799,263982621036.0,65576737700.0,62132793342.0
2026-02-27,601899.SH,39.169999999999995,1.95,6.977697580624278,0.0,0.5841587394815071,1041558291743.7399,263982621036.0,65576737700.0,62132793342.0
2026-03-02,601899.SH,40.39,1.95,6.977697580624278,0.0,0.5841587394815071,1073998963582.58,263982621036.0,65576737700.0,62132793342.0
2026-03-03,601899.SH,38.480000000000004,1.95,6.977697580624278,0.0,0.5841587394815071,1023210698654.56,263982621036.0,65576737700.0,62132793342.0
2026-03-04,601899.SH,37.58,1.95,6.977697580624278,0.0,0.5841587394815071,999279055494.76,263982621036.0,65576737700.0,62132793342.0
2026-03-05,601899.SH,37.29,1.95,6.977697580624278,0.0,0.5841587394815071,991567748254.38,263982621036.0,65576737700.0,62132793342.0
2026-03-06,601899.SH,36.72,1.95,6.977697580624278,0.0,0.5841587394815071,976411040919.84,263982621036.0,65576737700.0,62132793342.0
2026-03-09,601899.SH,36.019999999999996,1.95,6.977697580624278,0.0,0.5841587394815071,957797540684.44,263982621036.0,65576737700.0,62132793342.0
2026-03-10,601899.SH,36.75,1.95,6.977697580624278,0.0,0.5841587394815071,977208762358.5,263982621036.0,65576737700.0,62132793342.0
2026-03-11,601899.SH,36.86,1.95,6.977697580624278,0.0,0.5841587394815071,980133740966.92,263982621036.0,65576737700.0,62132793342.0
2026-03-12,601899.SH,36.37,1.95,6.977697580624278,0.0,0.5841587394815071,967104290802.1399,263982621036.0,65576737700.0,62132793342.0
2026-03-13,601899.SH,35.39,1.95,6.977697580624278,0.0,0.5841587394815071,941045390472.58,263982621036.0,65576737700.0,62132793342.0
2026-03-16,601899.SH,34.37,1.95,6.977697580624278,0.0,0.5841587394815071,913922861558.1399,263982621036.0,65576737700.0,62132793342.0
2026-03-17,601899.SH,34.519999999999996,1.95,6.977697580624278,0.0,0.5841587394815071,917911468751.44,263982621036.0,65576737700.0,62132793342.0
2026-03-18,601899.SH,34.54,1.95,6.977697580624278,0.0,0.5841587394815071,918443283043.88,263982621036.0,65576737700.0,62132793342.0
2026-03-19,601899.SH,31.94,1.95,6.977697580624278,0.0,0.5841587394815071,849307425026.68,263982621036.0,65576737700.0,62132793342.0
2026-03-20,601899.SH,31.27,1.95,6.977697580624278,0.0,0.5841587394815071,831491646229.94,263982621036.0,65576737700.0,62132793342.0
2026-03-23,601899.SH,30.200000000000003,1.95,6.977697580624278,0.0,0.5841587394815071,803039581584.4,263982621036.0,65576737700.0,62132793342.0
2026-03-24,601899.SH,31.820000000000004,1.95,6.977697580624278,0.0,0.5841587394815071,846116539272.0402,263982621036.0,65576737700.0,62132793342.0
2026-03-25,601899.SH,32.86,1.95,6.977697580624278,0.0,0.5841587394815071,873770882478.92,263982621036.0,65576737700.0,62132793342.0
2026-03-26,601899.SH,31.710000000000004,1.95,6.977697580624278,0.0,0.5841587394815071,843191560663.6201,263982621036.0,65576737700.0,62132793342.0
2026-03-27,601899.SH,32.089999999999996,1.95,6.977697580624278,0.0,0.5841587394815071,853296032219.9799,263982621036.0,65576737700.0,62132793342.0
2026-03-30,601899.SH,32.4,1.95,6.977697580624278,0.0,0.5841587394815071,861539153752.7999,263982621036.0,65576737700.0,62132793342.0
2026-03-31,601899.SH,32.339999999999996,0.755,7.5371130476193935,0.0,0.22653838145125121,859943710875.4799,282500837539.0,99392840041.0,24095269808.399998
2026-04-01,601899.SH,33.769999999999996,0.755,7.5371130476193935,0.0,0.22653838145125121,897968432784.94,282500837539.0,99392840041.0,24095269808.399998
2026-04-02,601899.SH,32.74,0.755,7.5371130476193935,0.0,0.22653838145125121,870579996724.28,282500837539.0,99392840041.0,24095269808.399998
2026-04-03,601899.SH,32.53,0.755,7.5371130476193935,0.0,0.22653838145125121,864995946653.66,282500837539.0,99392840041.0,24095269808.399998
2026-04-07,601899.SH,32.029999999999994,0.755,7.5371130476193935,0.0,0.22653838145125121,851700589342.6598,282500837539.0,99392840041.0,24095269808.399998
2026-04-08,601899.SH,34.239999999999995,0.755,7.5371130476193935,0.0,0.22653838145125121,910466068657.2799,282500837539.0,99392840041.0,24095269808.399998
2026-04-09,601899.SH,33.519999999999996,0.755,7.5371130476193935,0.0,0.22653838145125121,891320754129.44,282500837539.0,99392840041.0,24095269808.399998
2026-04-10,601899.SH,33.37,0.755,7.5371130476193935,0.0,0.22653838145125121,887332146936.1399,282500837539.0,99392840041.0,24095269808.399998
2026-04-13,601899.SH,33.28,0.755,7.5371130476193935,0.0,0.22653838145125121,884938982620.16,282500837539.0,99392840041.0,24095269808.399998
2026-04-14,601899.SH,34.42,0.755,7.5371130476193935,0.0,0.22653838145125121,915252397289.24,282500837539.0,99392840041.0,24095269808.399998
2026-04-15,601899.SH,34.53,0.755,7.5371130476193935,0.0,0.22653838145125121,918177375897.66,282500837539.0,99392840041.0,24095269808.399998
2026-04-16,601899.SH,34.919999999999995,0.755,7.5371130476193935,0.0,0.22653838145125121,928547754600.2399,282500837539.0,99392840041.0,24095269808.399998
2026-04-17,601899.SH,34.349999999999994,0.755,7.5371130476193935,0.0,0.22653838145125121,913391047265.6998,282500837539.0,99392840041.0,24095269808.399998
2026-04-20,601899.SH,34.44,0.755,7.5371130476193935,0.0,0.22653838145125121,915784211581.6799,282500837539.0,99392840041.0,24095269808.399998
2026-04-21,601899.SH,35.279999999999994,0.755,7.5371130476193935,0.0,0.22653838145125121,938120411864.1598,282500837539.0,99392840041.0,24095269808.399998
2026-04-22,601899.SH,35.15,0.755,7.5371130476193935,0.0,0.22653838145125121,934663618963.2999,282500837539.0,99392840041.0,24095269808.399998
2026-04-23,601899.SH,34.019999999999996,0.755,7.5371130476193935,0.0,0.22653838145125121,904616111440.44,282500837539.0,99392840041.0,24095269808.399998
2026-04-24,601899.SH,33.93,0.755,7.5371130476193935,0.0,0.22653838145125121,902222947124.46,282500837539.0,99392840041.0,24095269808.399998
2026-04-27,601899.SH,33.18,0.755,7.5371130476193935,0.0,0.22653838145125121,882279911157.96,282500837539.0,99392840041.0,24095269808.399998
2026-04-28,601899.SH,32.57,0.755,7.5371130476193935,0.0,0.22653838145125121,866059575238.54,282500837539.0,99392840041.0,24095269808.399998
2026-04-29,601899.SH,33.76,0.755,7.5371130476193935,0.0,0.22653838145125121,897702525638.72,282500837539.0,99392840041.0,24095269808.399998
2026-04-30,601899.SH,32.919999999999995,0.755,7.5371130476193935,0.0,0.22653838145125121,875366325356.2399,282500837539.0,99392840041.0,24095269808.399998
2026-05-06,601899.SH,33.83,0.755,7.5371130476193935,0.0,0.22653838145125121,899563875662.26,282500837539.0,99392840041.0,24095269808.399998
2026-05-07,601899.SH,34.08,0.755,7.5371130476193935,0.0,0.22653838145125121,906211554317.76,282500837539.0,99392840041.0,24095269808.399998
2026-05-08,601899.SH,34.42,0.755,7.5371130476193935,0.0,0.22653838145125121,915252397289.24,282500837539.0,99392840041.0,24095269808.399998
2026-05-11,601899.SH,33.89,0.755,7.5371130476193935,0.0,0.22653838145125121,901159318539.58,282500837539.0,99392840041.0,24095269808.399998
2026-05-12,601899.SH,34.199999999999996,0.755,7.5371130476193935,0.0,0.22653838145125121,909402440072.3999,282500837539.0,99392840041.0,24095269808.399998
2026-05-13,601899.SH,34.28,0.755,7.5371130476193935,0.0,0.22653838145125121,911529697242.16,282500837539.0,99392840041.0,24095269808.399998
2026-05-14,601899.SH,33.14,0.755,7.5371130476193935,0.0,0.22653838145125121,881216282573.08,282500837539.0,99392840041.0,24095269808.399998
2026-05-15,601899.SH,31.46,0.755,7.5371130476193935,0.0,0.22653838145125121,836543882008.12,282500837539.0,99392840041.0,24095269808.399998
2026-05-18,601899.SH,30.92,0.755,7.5371130476193935,0.0,0.22653838145125121,822184896112.24,282500837539.0,99392840041.0,24095269808.399998
2026-05-19,601899.SH,30.78,0.755,7.5371130476193935,0.0,0.22653838145125121,818462196065.16,282500837539.0,99392840041.0,24095269808.399998
2026-05-20,601899.SH,30.01,0.755,7.5371130476193935,0.0,0.22653838145125121,797987345806.2201,282500837539.0,99392840041.0,24095269808.399998
2026-05-21,601899.SH,29.61,0.755,7.5371130476193935,0.0,0.22653838145125121,787351059957.42,282500837539.0,99392840041.0,24095269808.399998
2026-05-22,601899.SH,30.580000000000002,0.755,7.5371130476193935,0.0,0.22653838145125121,813144053140.76,282500837539.0,99392840041.0,24095269808.399998
2026-05-25,601899.SH,30.970000000000002,0.755,7.5371130476193935,0.0,0.22653838145125121,823514431843.3401,282500837539.0,99392840041.0,24095269808.399998
2026-05-26,601899.SH,32.519999999999996,0.755,7.5371130476193935,0.0,0.22653838145125121,864730039507.44,282500837539.0,99392840041.0,24095269808.399998
2026-05-27,601899.SH,31.240000000000002,0.755,7.5371130476193935,0.0,0.22653838145125121,830693924791.28,282500837539.0,99392840041.0,24095269808.399998
2026-05-28,601899.SH,30.330000000000002,0.755,7.5371130476193935,0.0,0.22653838145125121,806496374485.26,282500837539.0,99392840041.0,24095269808.399998
2026-05-29,601899.SH,30.060000000000002,0.755,7.5371130476193935,0.0,0.22653838145125121,799316881537.3201,282500837539.0,99392840041.0,24095269808.399998
